geolocation_zip_code_prefix,latitude,longitude
1001,-23.549951273933896,-46.63402699777831
1002,-23.54822752192854,-46.63524674639332
1003,-23.54897652899767,-46.63531311226845
1004,-23.549550003606676,-46.634770582289825
1005,-23.54976291539134,-46.63610028661863
1006,-23.550317224536894,-46.63622549584506
1007,-23.55034858312654,-46.63734214071785
1008,-23.545450466558925,-46.6356105
1009,-23.54634051373424,-46.63623850320264
1010,-23.54668551681114,-46.635460184341156
1011,-23.546690486964888,-46.6354469588072
1012,-23.54774227061568,-46.63482872807575
1013,-23.5473165,-46.63422166665711
1014,-23.546245945322863,-46.63353151540766
1015,-23.54797349999999,-46.63253304968545
1016,-23.549283671100515,-46.631921331563774
1017,-23.549611657914532,-46.63116636914989
1018,-23.55158623535693,-46.63270720967747
1019,-23.55166351540767,-46.63093168887411
1020,-23.55242950555425,-46.62934072446477
1021,-23.542808668330554,-46.63213975243804
1022,-23.54449190383172,-46.63218004371285
1023,-23.542318875382307,-46.6313376895666
1024,-23.541389521053937,-46.62989908781218
1025,-23.540428325970968,-46.63152530492911
1026,-23.539439503750906,-46.632953890394745
1027,-23.537980703156606,-46.63039892042236
1028,-23.53624171663104,-46.6320595335853
1029,-23.540724476686478,-46.6328817760257
1030,-23.53967007799065,-46.63297206480466
1031,-23.542371579262422,-46.6351406195225
1032,-23.540623983625707,-46.63514797691531
1033,-23.540035348866123,-46.63590402178432
1034,-23.542391769885107,-46.63731110117427
1035,-23.541577961711493,-46.64160722329613
1036,-23.541700023861782,-46.64131782056096
1037,-23.54562128115268,-46.63929204800168
1038,-23.544139809596672,-46.64041077352986
1039,-23.54122001692255,-46.63902859499964
1040,-23.540876706359263,-46.6382183104334
1041,-23.5441348642738,-46.63972725360668
1042,-23.54487359810152,-46.64038040172743
1043,-23.545650980855747,-46.641465617274434
1044,-23.54562699916329,-46.64140988467314
1045,-23.542482773295564,-46.64280268887412
1046,-23.54574166250217,-46.64319919124003
1047,-23.545939300724207,-46.64075423063939
1048,-23.547052131282804,-46.639477959749584
1049,-23.547765310577624,-46.64024304302038
1050,-23.54896235221301,-46.643139396906825
1101,-23.526091267557256,-46.63137211754856
1102,-23.527305177909845,-46.630607202464105
1103,-23.535398519980966,-46.62855836594724
1104,-23.53500886427381,-46.62963536441802
1105,-23.53427140341335,-46.62972092651232
1106,-23.531046789341573,-46.62865354731952
1107,-23.528019075076458,-46.62672326429683
1108,-23.52756187663738,-46.629436653975944
1109,-23.52450999194992,-46.62704378864908
1120,-23.529249319868455,-46.63998204641071
1121,-23.527241874271446,-46.63550866097296
1122,-23.531219067718872,-46.63968832737029
1123,-23.52934877491485,-46.636433659587965
1124,-23.528446563708158,-46.633341237030365
1125,-23.52628837691152,-46.6404078985516
1126,-23.526854512767606,-46.6396065
1127,-23.52611912738766,-46.64098602997861
1128,-23.523913005554256,-46.64121853587705
1129,-23.523833153341236,-46.64263306216462
1130,-23.52352437163139,-46.64454366771019
1131,-23.522877997201377,-46.64468748237063
1132,-23.521679512767612,-46.648649823619365
1133,-23.51965249624909,-46.65454102553522
1134,-23.5191350111085,-46.651386363855444
1135,-23.52677153944895,-46.65202107799064
1136,-23.524322863123952,-46.66345692652486
1137,-23.523137474897457,-46.65413409824576
1138,-23.521969509016706,-46.65541993450284
1139,-23.52061764308379,-46.664233546745976
1140,-23.51869033443941,-46.66919713321603
1141,-23.521739474464773,-46.666570822710526
1142,-23.51993430515264,-46.6251300217966
1144,-23.52375674639551,-46.67206201387848
1150,-23.532361276299834,-46.658279242296146
1151,-23.531294001384985,-46.65697953032487
1152,-23.53019187857062,-46.6558970291419
1153,-23.53184579877664,-46.65214960338163
1154,-23.53074632139766,-46.659421708018364
1155,-23.5297665,-46.6629850217843
1156,-23.52994970053087,-46.66461041701768
1189,-23.53210825506378,-46.63839470107914
1200,-23.531567773241413,-46.64986907784642
1201,-23.53560101970684,-46.64974682292688
1202,-23.53250959838998,-46.64916678934157
1203,-23.534499908130886,-46.64642004509782
1204,-23.538003498228328,-46.6426298049806
1205,-23.534459286989968,-46.64401134944305
1206,-23.536609489728185,-46.64244480598998
1207,-23.539369243407013,-46.638486209821714
1208,-23.53836432361936,-46.638626940879455
1209,-23.54069975090345,-46.641743196015355
1210,-23.53997818428648,-46.64242852914191
1211,-23.537602755063777,-46.64895440383171
1212,-23.5374331015783,-46.639705500000005
1213,-23.536674628916863,-46.64054782737028
1214,-23.539089174303164,-46.64595381895961
1215,-23.53619810046745,-46.64808511296093
1216,-23.53269464807544,-46.64647672446477
1217,-23.53244310546075,-46.64927010642174
1218,-23.53041781571351,-46.648655517629365
1219,-23.541589587151577,-46.64533737490615
1220,-23.54447196058631,-46.64647349999999
1221,-23.5448069245411,-46.64862050291418
1222,-23.545494233858072,-46.65018175916093
1223,-23.54386352207278,-46.6485429970858
1224,-23.54167247821568,-46.65236222925442
1225,-23.539683583126543,-46.649154719401
1226,-23.538546419095155,-46.65306456994057
1227,-23.55032645490217,-46.65992584456696
1228,-23.550191570633054,-46.65993018096825
1229,-23.53911697626811,-46.65670692936692
1230,-23.53678982653355,-46.65780402331353
1231,-23.537368424923542,-46.65965714578164
1232,-23.53651535276127,-46.65920567692889
1233,-23.535170371083133,-46.66153616264639
1234,-23.539309261605023,-46.664259499365286
1235,-23.537706642247063,-46.66479390714994
1236,-23.544444562857105,-46.6673910215823
1237,-23.54343710740668,-46.66857970266179
1238,-23.542944348058064,-46.65347143450284
1239,-23.547338355401333,-46.65572302706443
1240,-23.54326883042869,-46.65985692991519
1241,-23.54561360866176,-46.6571419730798
1242,-23.546217583126545,-46.65880336372555
1243,-23.54831798779497,-46.659449085204
1244,-23.55027193117028,-46.66073891106945
1245,-23.55018598312412,-46.6640199088955
1246,-23.553326943937883,-46.6664048798257
1247,-23.550644849847075,-46.66920043865777
1248,-23.547336999163274,-46.66827995031453
1249,-23.5493991829015,-46.67167606189049
1250,-23.547925314602658,-46.67221266180968
1251,-23.54854300970919,-46.67508171003804
1252,-23.54173205190716,-46.68037022384439
1253,-23.544687097350565,-46.67914691801201
1254,-23.54336992700101,-46.681446058572256
1255,-23.546528162357937,-46.68140007144644
1256,-23.548154323330905,-46.683293049685474
1257,-23.54375820483005,-46.687539331669456
1258,-23.544237158621364,-46.68650177409245
1259,-23.54144799249818,-46.685696733625704
1262,-23.550856391462712,-46.67735184892536
1290,-23.54096134139296,-46.657748702752585
1301,-23.548813250072115,-46.651481326879804
1302,-23.54928715417796,-46.65310025548213
1303,-23.549143871775623,-46.64896199945174
1304,-23.55409477837729,-46.656003407510504
1305,-23.55224471218764,-46.653019763806334
1306,-23.55357363252355,-46.649316169715526
1307,-23.55237625506378,-46.65295348863168
1308,-23.556208432685164,-46.65324841993188
1309,-23.55461847988913,-46.658488877459774
1310,-23.56062978988984,-46.65726094364944
1311,-23.565460745772935,-46.65160504854359
1312,-23.556049111529205,-46.64974666729382
1313,-23.556809775751567,-46.650683697636765
1314,-23.55262252400601,-46.64653223550115
1315,-23.5535985,-46.640620058283815
1316,-23.55298158090484,-46.63971174249818
1317,-23.55944012378097,-46.64226368699865
1318,-23.564597574239738,-46.646856093592774
1319,-23.551959279214017,-46.64163106549717
1320,-23.55796144157196,-46.63944674770617
1321,-23.561045916180966,-46.64208740896759
1322,-23.563202542327883,-46.64356963725542
1323,-23.56360092810872,-46.64129065751052
1324,-23.5563983119626,-46.64328123411617
1325,-23.55674089869582,-46.64449217485143
1326,-23.556491151263778,-46.645284391280455
1327,-23.565645,-46.64497597446477
1328,-23.55572139439665,-46.64730274132955
1329,-23.561601202608344,-46.647150715794304
1330,-23.55891445628714,-46.64968040175425
1331,-23.56233627976228,-46.65045114931619
1332,-23.560077368443068,-46.65278620573888
1333,-23.566257450458764,-46.64680601276761
1401,-23.57538559651848,-46.65718691736133
1402,-23.580463023861785,-46.66390862115525
1403,-23.569223343052077,-46.653812740839065
1404,-23.5690055409429,-46.65618934096027
1405,-23.565713039961945,-46.65577318166076
1406,-23.576769504010706,-46.67127423564538
1407,-23.577202445467098,-46.67263107799064
1408,-23.56736351872589,-46.66138347114656
1409,-23.56327231112588,-46.65957123411617
1410,-23.56386023452021,-46.662011726902826
1411,-23.56480403400366,-46.66451699639332
1412,-23.564227369409686,-46.66663309347044
1413,-23.562393663338888,-46.66462742485141
1414,-23.56074275575626,-46.664693795314165
1415,-23.557744127988823,-46.663202791443695
1416,-23.56025743685443,-46.667819985573274
1417,-23.561598866495498,-46.666202710514185
1418,-23.569709411818376,-46.648470652864766
1419,-23.56417181793521,-46.655402039413694
1420,-23.56496201637429,-46.656248516374276
1421,-23.562732814040068,-46.66092521891052
1422,-23.563987507213355,-46.66099346530384
1423,-23.56976284096028,-46.65683162476192
1424,-23.567386012767606,-46.66201962184773
1425,-23.572856965303842,-46.6592021873449
1426,-23.566247308355923,-46.66602547085809
1427,-23.573185889260767,-46.66156307369149
1428,-23.574264066882154,-46.66186049278664
1429,-23.57677555870216,-46.663292991805676
1430,-23.5752158821773,-46.66563565292287
1431,-23.575940239944558,-46.66520148050951
1432,-23.576839769216363,-46.665836154379974
1433,-23.577661519562607,-46.66914370858096
1434,-23.5763167374344,-46.671132211899184
1435,-23.579229666945576,-46.67028460851754
1436,-23.57249501637429,-46.667432996393316
1437,-23.5724047327312,-46.6720207076
1438,-23.570325577009708,-46.672791594927546
1439,-23.565875311962607,-46.673390660294785
1440,-23.568515978908177,-46.67932001664842
1441,-23.57565669776092,-46.68951882930351
1442,-23.56699321925677,-46.67793485374222
1443,-23.56786525506377,-46.68471805799536
1444,-23.571536165416365,-46.68422691257428
1445,-23.57313081043339,-46.68804831917596
1446,-23.575398783931544,-46.67571042477932
1447,-23.5725176791506,-46.678606652120926
1448,-23.578402590139458,-46.67817482139765
1449,-23.576516025535227,-46.680682717251415
1450,-23.57588706327548,-46.68516203220032
1451,-23.575761552028737,-46.688015150425336
1452,-23.57733419816494,-46.68673843712857
1453,-23.58414510828073,-46.68646270038665
1454,-23.58291018567147,-46.68776135068381
1455,-23.580333156818018,-46.69181705037794
1456,-23.57680849930752,-46.6907878509436
1457,-23.57433837163139,-46.69253938758733
1472,-23.57054369248079,-46.69129667943905
1489,-23.57664998889148,-46.68740004775216
1501,-23.55259161587513,-46.63541306142929
1502,-23.55467350531036,-46.63552025265517
1503,-23.559392946274585,-46.63768411445943
1504,-23.56573442894858,-46.6394994152158
1505,-23.555358047319537,-46.63144751276761
1506,-23.559004540106173,-46.63496090175424
1507,-23.558201539269447,-46.63147565175424
1508,-23.561483773241413,-46.63649401442673
1509,-23.56749152983439,-46.63563156939232
1510,-23.55619865667379,-46.63379843519533
1511,-23.56260386955392,-46.63281407271053
1512,-23.553648628368613,-46.62916622176693
1513,-23.556917567300506,-46.631952301070456
1514,-23.554554548430385,-46.62886776089216
1516,-23.558968382465764,-46.61524563170116
1517,-23.559822744373633,-46.62444391479598
1518,-23.55947617055225,-46.62357091708981
1519,-23.561168647238727,-46.62378912059265
1520,-23.55951223868948,-46.61977963113858
1521,-23.56112608881069,-46.6192640327486
1522,-23.56021401941838,-46.61672529690118
1523,-23.56412390590919,-46.61636937414156
1524,-23.567112512345783,-46.616307663338894
1525,-23.56444604566042,-46.63469533618496
1526,-23.565541316406005,-46.63096621204341
1527,-23.562581574513874,-46.62833075985341
1528,-23.56463914820535,-46.62627337150148
1529,-23.5688472717122,-46.63494157092152
1530,-23.56920526624445,-46.62880686948179
1531,-23.57106818595992,-46.63265119124003
1532,-23.571664868168945,-46.635615801690825
1533,-23.57133370191585,-46.63824768081396
1534,-23.56869553926945,-46.62646546794392
1535,-23.572119688037397,-46.625417150989634
1536,-23.568637190951584,-46.623406336949564
1537,-23.569540040524537,-46.622100969386665
1538,-23.580310185610458,-46.62454658511668
1539,-23.571578567026386,-46.62034739403609
1540,-23.5655720774424,-46.62189758021236
1541,-23.568722298084143,-46.618733572710525
1542,-23.57106559811585,-46.62448894102369
1543,-23.575466602977613,-46.62140066822287
1544,-23.576957496537545,-46.62142270760002
1545,-23.58112435053957,-46.6178758329102
1546,-23.57959847821568,-46.62254380350848
1547,-23.58268123282691,-46.6207750896474
1548,-23.57718869759076,-46.61370070420966
1549,-23.576638819405943,-46.61601386332151
1550,-23.57381229586244,-46.61617543505108
1551,-23.572864152374617,-46.61231750416927
1552,-23.571146043020363,-46.61111143247717
1553,-23.57430307573513,-46.60925096788949
2009,-23.515799103830265,-46.64113909097136
2010,-23.508647497085803,-46.62621608562863
2011,-23.507180947544565,-46.6262897693802
2012,-23.513631579856145,-46.62950760331549
2013,-23.50220016541636,-46.6347327799065
2016,-23.50118744257222,-46.627306713644735
2017,-23.500321507213357,-46.63584851276761
2018,-23.4951670582838,-46.629938389116525
2019,-23.498279999999994,-46.63023060061168
2020,-23.496668848936185,-46.63267905161871
2021,-23.498316524006004,-46.63581236081134
2022,-23.50374239107844,-46.63824001804726
2028,-23.50801347996321,-46.617514281709845
2029,-23.509891955777412,-46.617959869544144
2030,-23.504398054538573,-46.624627022882166
2031,-23.5119253979115,-46.6253165150725
2032,-23.51077923487879,-46.623923552201184
2033,-23.499687064804675,-46.612303192480795
2034,-23.50420648194742,-46.6236414921749
2035,-23.495812658621357,-46.62243722641233
2036,-23.50112065848872,-46.6203512865544
2037,-23.49990752207277,-46.62052079516994
2038,-23.496298486712217,-46.62356025207747
2039,-23.492799200868866,-46.62192141874891
2040,-23.48963402132936,-46.622021897441336
2041,-23.488973062228776,-46.62064292353855
2042,-23.495568756481344,-46.615384692413315
2043,-23.490223040798668,-46.617224474492815
2044,-23.49568082347514,-46.61887747807146
2045,-23.49648957195567,-46.616537951641725
2046,-23.492516857060444,-46.612034767505286
2047,-23.51759267512555,-46.61726286101337
2049,-23.514166590335094,-46.61736559414439
2050,-23.517227425341893,-46.61178187155927
2051,-23.512218239107845,-46.608722793294504
2052,-23.51152876519133,-46.607128170840696
2053,-23.51562097807146,-46.60419862406944
2054,-23.517797808197223,-46.607091647382944
2055,-23.514415916036732,-46.605133765061424
2056,-23.511841208436728,-46.604098762767606
2060,-23.519256620327738,-46.60345591763806
2064,-23.51707022952855,-46.5993218083559
2065,-23.507884938109505,-46.60554417816963
2066,-23.50868660866177,-46.60704480648046
2067,-23.50726541548847,-46.60271762427145
2068,-23.503868999999995,-46.61212479302037
2069,-23.50541004302036,-46.613767588954914
2071,-23.50438331763271,-46.6071977412335
2072,-23.49993667110052,-46.60427196058632
2073,-23.501797407438396,-46.60748711851517
2074,-23.50406647654225,-46.603369472791336
2075,-23.503607759362943,-46.60135792951116
2076,-23.504635372468115,-46.59911076395058
2077,-23.502424494864105,-46.59717644532287
2078,-23.50172021065844,-46.595045462115536
2079,-23.49906458174156,-46.6064044730798
2080,-23.497612575350594,-46.60588084975389
2081,-23.496102481822373,-46.604177104218365
2082,-23.49470125757394,-46.60678683166944
2083,-23.49419518373822,-46.59758626464306
2084,-23.4976454521322,-46.59971225007211
2085,-23.4974436813723,-46.61260908702167
2088,-23.50424025971884,-46.620742066583865
2089,-23.51709448459233,-46.616673100755904
2110,-23.519571487645173,-46.59530197477013
2111,-23.518439550569084,-46.5932984873766
2112,-23.520850095512493,-46.593126394480095
2113,-23.521406221037168,-46.592062665398366
2114,-23.52228692176485,-46.59078810629585
2115,-23.526499508561297,-46.5916432260661
2116,-23.51906498112988,-46.58460977393391
2117,-23.519811525535225,-46.59376134339034
2118,-23.51526342936693,-46.59291223327074
2119,-23.511942,-46.59285820564648
2120,-23.510620424182306,-46.594217747359366
2121,-23.511894317790983,-46.590247000692486
2122,-23.512150822959867,-46.58356862836862
2123,-23.51194017707312,-46.57923704648282
2124,-23.50596583126541,-46.57781476715322
2125,-23.510176637803664,-46.58742229961336
2126,-23.5070849023025,-46.59173845989383
2127,-23.502762534826054,-46.588408797737884
2128,-23.505190098115854,-46.59427113509149
2129,-23.503958732861104,-46.588758508814685
2130,-23.50830120122337,-46.58354303274857
2131,-23.50410130793756,-46.58254442561602
2132,-23.50140196280802,-46.57731480697093
2133,-23.4992505858965,-46.5848862901783
2134,-23.49918202192854,-46.57851628899533
2135,-23.498762554811556,-46.5880495441312
2136,-23.49799627477061,-46.582767719324536
2137,-23.49789338663504,-46.57642462920533
2138,-23.494527602415026,-46.57459130966878
2139,-23.490544054677123,-46.573733800781994
2141,-23.489193683386937,-46.57109031223673
2142,-23.5100047784509,-46.577215288649086
2143,-23.506750508194305,-46.575106755554245
2144,-23.502871592561604,-46.57083605675562
2145,-23.502141881153726,-46.56601770663338
2146,-23.50095702331352,-46.57088226395057
2147,-23.498361926574916,-46.565166700263546
2150,-23.49355183055859,-46.568382003606686
2151,-23.497048047463764,-46.569506953719184
2152,-23.49804561226844,-46.57257691938361
2161,-23.49007470302671,-46.56894290049915
2162,-23.4904124074384,-46.562503456719824
2166,-23.525060091869104,-46.584156027756926
2167,-23.522462730300536,-46.58154805629277
2168,-23.520101007457864,-46.57970414962962
2169,-23.5210511286962,-46.57825175520801
2170,-23.525379999999927,-46.576089999999965
2174,-23.52298034571991,-46.57258849209415
2175,-23.51519638329448,-46.57453612822437
2176,-23.5131705992267,-46.57298967860234
2177,-23.511506887875782,-46.56917911601936
2178,-23.52152283679088,-46.5705920111085
2179,-23.52189976131052,-46.56816730078198
2180,-23.519632489728217,-46.56585772085809
2181,-23.519734707479067,-46.5633667924
2185,-23.51635929194087,-46.56782303996194
2186,-23.51424059367245,-46.569392478836065
2187,-23.515617809418323,-46.56479444504872
2188,-23.510133953098823,-46.5666304632985
2189,-23.507942521784308,-46.56850169608748
2190,-23.5073682192535,-46.56413015590919
2201,-23.48496454763939,-46.59166025540885
2202,-23.492819497996617,-46.59477393228112
2203,-23.49192999194992,-46.591843973844405
2204,-23.48636752553523,-46.59139125
2205,-23.48795662254023,-46.5904954671793
2206,-23.48366259562001,-46.595897454902165
2207,-23.485869985284825,-46.58770552761269
2208,-23.482737115182623,-46.58820883028448
2209,-23.485064826913263,-46.582881366042514
2210,-23.48315244601536,-46.58263013488948
2211,-23.497402861503843,-46.593727543712845
2212,-23.495191386346573,-46.58915327032722
2213,-23.49677497293556,-46.58814172085809
2214,-23.493127144381795,-46.58716875464542
2215,-23.490987747157924,-46.58363230974089
2216,-23.49338475437128,-46.57900148987243
2217,-23.490460865110524,-46.58091172162269
2218,-23.487101324585986,-46.584595579721864
2219,-23.49119525007212,-46.586514929222695
2220,-23.490426556898825,-46.57900668665242
2221,-23.482843538302824,-46.580572443173295
2222,-23.482066085766604,-46.57742509942871
2223,-23.47995952553522,-46.57840726721101
2224,-23.48441979531419,-46.574638805715864
2225,-23.482344284624045,-46.57492594900167
2226,-23.479733330807,-46.57438542270183
2227,-23.47863930751921,-46.57229222023771
2228,-23.475019190951585,-46.5716534716948
2229,-23.47714730322003,-46.56826329232212
2230,-23.483707808114985,-46.56342963044608
2231,-23.47544032584106,-46.56548855037794
2232,-23.47504882070517,-46.56415992423104
2233,-23.477853483625708,-46.56431704190952
2234,-23.478351936161943,-46.57008557292687
2235,-23.47877965522789,-46.57752700061735
2236,-23.472588111575952,-46.56836591548847
2237,-23.46531197335392,-46.57086847171908
2238,-23.47070333186535,-46.569348720119535
2239,-23.484480495152567,-46.6090051298257
2240,-23.47891339355994,-46.60296099861503
2241,-23.490518793784968,-46.60742305591787
2242,-23.487175523288485,-46.60682213068412
2243,-23.49135788980902,-46.603728026227714
2244,-23.488502395227464,-46.6046281887299
2245,-23.484748762003008,-46.60603441507012
2246,-23.488748072854754,-46.601895787538226
2247,-23.48574058006812,-46.60086378420568
2248,-23.48361684179699,-46.599337099919175
2249,-23.488579278103163,-46.59678198799699
2250,-23.48661996544807,-46.59554132653355
2251,-23.479365232168618,-46.5890209836257
2252,-23.478735509853422,-46.58823999999999
2253,-23.479140085622376,-46.59528811601935
2254,-23.48130982431185,-46.59321373175024
2255,-23.47664386372554,-46.59188322453689
2256,-23.47549657868314,-46.5875753993883
2257,-23.47321461226845,-46.58400419095159
2258,-23.47623536441803,-46.58208868797982
2259,-23.47170142914206,-46.58116420912922
2260,-23.46928298473656,-46.58223433377442
2261,-23.467961586450706,-46.57715992131685
2262,-23.465704950458765,-46.57522325805007
2263,-23.463572857060434,-46.57492658021235
2264,-23.46256105329214,-46.57677426755725
2265,-23.47499704190952,-46.59177355613421
2266,-23.476410429366943,-46.59853090313921
2267,-23.478949561198,-46.6011719321369
2268,-23.469746447962933,-46.59426446350052
2269,-23.47272294393789,-46.596130844303936
2270,-23.472793571469776,-46.59260139647412
2271,-23.47023335997462,-46.59041365805877
2272,-23.468756639987877,-46.586501707021675
2273,-23.46399660061168,-46.58661150874258
2274,-23.46760851373423,-46.58682464807545
2275,-23.46543343658029,-46.590503021857714
2276,-23.461992104218172,-46.5839669650297
2277,-23.463956660659832,-46.581812767103735
2278,-23.46171889869582,-46.58029028607728
2279,-23.46120509605093,-46.57389912906108
2280,-23.45606030890418,-46.574831236886126
2281,-23.452365148623713,-46.57420055674871
2282,-23.443303500000003,-46.567748937380955
2284,-23.46970319641185,-46.56868272083551
2286,-23.40858677491484,-46.57960324340701
2288,-23.433571410013847,-46.57088254176641
2289,-23.417981927001012,-46.58315051151253
2290,-23.54329484225016,-46.63074319149357
2301,-23.48864419631458,-46.61516271725142
2302,-23.486165301424297,-46.61402205904841
2303,-23.482262902302512,-46.61092567929481
2304,-23.480643713716844,-46.606001112686805
2305,-23.480318713083765,-46.60690160739265
2306,-23.46166199125743,-46.60288110908012
2307,-23.48122545045876,-46.60772065751052
2308,-23.47655438773156,-46.60436401442671
2309,-23.47540058021235,-46.60466126276761
2310,-23.47325500276996,-46.60045392783772
2311,-23.469038612268445,-46.601654102689146
2312,-23.46575325944889,-46.598801600193326
2313,-23.463634751182955,-46.60001956806512
2314,-23.462254482514858,-46.598385431718064
2315,-23.459747659554864,-46.60085625617461
2316,-23.462261361085474,-46.594075717251414
2317,-23.458265573105752,-46.59370898834322
2318,-23.451352913899072,-46.59092566736392
2319,-23.450000553147923,-46.59244298473654
2320,-23.450824142102835,-46.59817363780368
2321,-23.44749078934157,-46.58907721923322
2322,-23.44590671028538,-46.59336783890186
2323,-23.440650280017074,-46.58134285097948
2324,-23.445534462533885,-46.58667151803339
2325,-23.45435884762537,-46.58529733028447
2326,-23.447117238093483,-46.57675275781333
2327,-23.443912729587495,-46.57507725093605
2328,-23.5277338148768,-46.58146026911556
2329,-23.448778202424677,-46.57970124685188
2330,-23.486412294375963,-46.61721101212633
2331,-23.48283825829993,-46.6134583948661
2332,-23.48464348759342,-46.622291299122885
2333,-23.47852820621502,-46.62137388787578
2334,-23.48415759616828,-46.619703103731865
2335,-23.483408224764908,-46.6172943910094
2336,-23.48085288273989,-46.61772657799063
2337,-23.4791514111893,-46.61326028067111
2338,-23.47521353941368,-46.61810934310987
2339,-23.47773491701769,-46.61485527462638
2340,-23.4607754701656,-46.616022620950105
2341,-23.469038932726072,-46.61535729892085
2342,-23.47396980598999,-46.610786881210686
2343,-23.467949460038053,-46.60482252921402
2344,-23.46945976108507,-46.60978259768926
2345,-23.468835984685136,-46.61347752200065
2346,-23.471127003922174,-46.60844051151254
2347,-23.461262863725533,-46.6065541254544
2348,-23.46055363419699,-46.61097425350464
2349,-23.4595695929454,-46.603799365947246
2350,-23.45807275823777,-46.604124767485146
2351,-23.455166367315705,-46.599640956716996
2352,-23.454554060231377,-46.59627177741067
2353,-23.452748843181976,-46.605522022621045
2354,-23.454799878440724,-46.60409942048015
2355,-23.45448070371919,-46.61159777497262
2356,-23.45138647960067,-46.61164467024847
2357,-23.447559478215688,-46.61444099125743
2358,-23.44831512184773,-46.60868152553522
2359,-23.445993870541372,-46.61898066019812
2360,-23.438451816259832,-46.578029947038885
2361,-23.436532258377618,-46.58190737183128
2362,-23.43768867102267,-46.57332337857894
2363,-23.432468208475303,-46.57647459828163
2364,-23.434343169012326,-46.581090059760086
2365,-23.433546523773018,-46.58446487485527
2366,-23.441215992642405,-46.591992519404016
2367,-23.420815009160926,-46.59016745211787
2368,-23.400379451923737,-46.577497711540815
2370,-23.46325384401869,-46.622191819320186
2371,-23.458981473772283,-46.61859465944376
2372,-23.45982634482442,-46.62487625264005
2373,-23.45523909797162,-46.61729716528646
2374,-23.4532884657222,-46.62153396003804
2375,-23.453937576461435,-46.62483293186277
2376,-23.457871655562947,-46.62814510817477
2377,-23.456584210240067,-46.63195211311054
2378,-23.451889521091818,-46.62941166642767
2401,-23.492941690466733,-46.62617257661918
2402,-23.487407382451423,-46.62640472701839
2403,-23.49379751249348,-46.6283671897686
2404,-23.491447554532893,-46.62916200000001
2405,-23.48968445648268,-46.63322417485143
2406,-23.488007547883562,-46.630631912300146
2407,-23.48466958974936,-46.62433059824575
2408,-23.48276244962204,-46.62742137468981
2409,-23.47899974770618,-46.62595252553521
2410,-23.4756216880374,-46.6233523477696
2411,-23.47525782722605,-46.62425519275492
2413,-23.48288052899767,-46.633971776992325
2415,-23.472399950314536,-46.6319562536788
2416,-23.479570309740897,-46.62929788120402
2417,-23.477688,-46.62988588703905
2418,-23.470740010271776,-46.628922525535216
2419,-23.477210014715183,-46.640155898003336
2420,-23.475742516783008,-46.6362672223152
2421,-23.473836147094502,-46.63275735858966
2422,-23.470895661117193,-46.63647620774424
2423,-23.468423395781628,-46.633719378988985
2430,-23.482295622540228,-46.647257882739886
2431,-23.487374551070445,-46.636450014570954
2432,-23.485350201079136,-46.63506103089878
2433,-23.481649126421033,-46.63640695038665
2434,-23.48321751101902,-46.638952601852424
2435,-23.480540704632947,-46.64162117430316
2436,-23.478826531089467,-46.63617437531019
2440,-23.478017956287147,-46.64814792395693
2441,-23.4732061992758,-46.641300372540236
2442,-23.473211060505506,-46.64419282278264
2443,-23.47280145045876,-46.647383118096826
2450,-23.49903434984708,-46.63758566214112
2451,-23.49888182745255,-46.64217369244472
2452,-23.50122948542905,-46.64410632722604
2460,-23.49079359320826,-46.63705127546312
2461,-23.492657807663427,-46.63905422148206
2462,-23.4922992223152,-46.641524333054406
2463,-23.487909700050515,-46.6449940582838
2464,-23.49011863474525,-46.65070318122806
2465,-23.48061656867852,-46.657837602833375
2466,-23.495238217746245,-46.64262322883605
2467,-23.491360739107844,-46.64646300721336
2468,-23.48901634429283,-46.64924576577411
2469,-23.485482000000005,-46.6454965022217
2470,-23.484960519273255,-46.649877894488924
2471,-23.481629538721194,-46.65255036767846
2472,-23.476243640313832,-46.655173304056746
2473,-23.47773754731954,-46.651622537192
2474,-23.477035903139225,-46.655676910915176
2475,-23.481059081597326,-46.64630746073055
2478,-23.47745354954124,-46.66045699195462
2479,-23.47475868656026,-46.65712728934156
2501,-23.514912288431223,-46.66118358067858
2508,-23.509848068295792,-46.66369014308379
2510,-23.513303713572625,-46.65187287029016
2511,-23.50989751721101,-46.652500545598585
2512,-23.51348580904842,-46.660015403831714
2513,-23.512731993753256,-46.655771479052405
2514,-23.510466575913178,-46.65406780280168
2515,-23.51025413849616,-46.65776977324141
2516,-23.50905623757864,-46.65976126103637
2517,-23.507028240637045,-46.66432660283339
2518,-23.50983702096192,-46.6661907077592
2519,-23.50210121569603,-46.657415904724814
2520,-23.501839133314668,-46.651536544034315
2521,-23.503728797810016,-46.66481451242137
2522,-23.50374946378896,-46.65929399999999
2523,-23.505382377329873,-46.655437500000005
2524,-23.50251148737661,-46.65043286878932
2525,-23.503032869828054,-46.64786106349182
2526,-23.503552737852758,-46.646898213428386
2530,-23.50084085068379,-46.66064152706442
2531,-23.50201602692021,-46.65290040605341
2532,-23.500071162502174,-46.65453784297998
2533,-23.496518975849764,-46.65612992867445
2534,-23.497882166253085,-46.65290015459632
2535,-23.497578356367946,-46.64967071579431
2536,-23.494984238231407,-46.64779932930351
2537,-23.49128583680534,-46.65216640827512
2538,-23.49910605107045,-46.65430669053323
2539,-23.494446607825044,-46.65842034485541
2540,-23.489060526646075,-46.65619316215593
2541,-23.485976444904505,-46.65580567104662
2542,-23.48553566472387,-46.658786595727854
2543,-23.483217382934026,-46.66097565916962
2544,-23.48922197668648,-46.66072145905712
2545,-23.49317629753588,-46.662013744243744
2546,-23.503381023121886,-46.66731119600476
2550,-23.506775589143928,-46.67119025772851
2551,-23.502867883432383,-46.66973731626178
2552,-23.49732286733221,-46.663212525535215
2553,-23.499332490575156,-46.66632197078598
2554,-23.50026735443471,-46.66967682001268
2555,-23.49390110713256,-46.6665529875065
2556,-23.497871044705356,-46.66925858308413
2557,-23.498473989435023,-46.6725406902591
2558,-23.49587604662705,-46.675084866639736
2559,-23.493212119900164,-46.67379164834958
2560,-23.494462679307688,-46.67081422999615
2561,-23.492695451602017,-46.67506315751052
2562,-23.486858193173287,-46.67394941548847
2563,-23.490106009435056,-46.67099567638064
2564,-23.488113483625703,-46.668107417638055
2565,-23.48631542714524,-46.66821484401871
2566,-23.482883682209007,-46.66878394463038
2567,-23.480635586853,-46.66876012363704
2577,-23.488182953372952,-46.678903941716186
2598,-23.512857653067115,-46.67101189454088
2610,-23.47737334554791,-46.6636065560621
2611,-23.469437382391707,-46.65894779142668
2612,-23.47295689148246,-46.66391125714124
2613,-23.473583622540225,-46.660640260055445
2614,-23.47272482931785,-46.656400297882115
2615,-23.471350763532218,-46.65612948335158
2616,-23.46801072147847,-46.654631908202994
2617,-23.467234814184305,-46.65874277852152
2618,-23.46739739578163,-46.65078748666979
2630,-23.463701999999998,-46.641526354708844
2631,-23.458643298084144,-46.648254625310194
2632,-23.46302252622772,-46.649540572710535
2633,-23.46085584124873,-46.651962577990645
2634,-23.45839920843673,-46.65156107271052
2635,-23.45653542413368,-46.643873398349584
2636,-23.45428506633389,-46.645403971968946
2637,-23.454826679987313,-46.6488019224277
2643,-23.468098777136547,-46.65037805288812
2649,-23.460586009435065,-46.66248502116393
2650,-23.46161912323272,-46.65635656910384
2651,-23.460777460730547,-46.65866610009533
2652,-23.45751628642737,-46.65630873980032
2653,-23.45343176325808,-46.65837495198797
2670,-23.46640552039933,-46.66433429877663
2671,-23.466650705378306,-46.662778107897154
2672,-23.46093869067746,-46.66592659684416
2673,-23.45982910851753,-46.672955188037406
2674,-23.460551544405348,-46.668512281363604
2675,-23.456543898695827,-46.67028721587047
2676,-23.45644381959432,-46.67116093783645
2677,-23.45432195150191,-46.6655361276208
2678,-23.45493400998333,-46.66156050721336
2679,-23.45694340882337,-46.66473918872988
2680,-23.448152741414418,-46.67044937666837
2701,-23.51289703840721,-46.67697579374816
2710,-23.508129705413353,-46.673704096628285
2712,-23.506180575076456,-46.67907966694557
2713,-23.506677000000003,-46.6847233672403
2714,-23.50659798084141,-46.68776641687344
2715,-23.504159792476585,-46.68350473327947
2716,-23.495899064567407,-46.684976190259
2717,-23.491320791582265,-46.685275362562884
2720,-23.493056307629033,-46.673847965555936
2721,-23.501464072162264,-46.67515803497028
2722,-23.50092064520542,-46.6773256380226
2723,-23.499884996393323,-46.67981650916094
2724,-23.49778279447746,-46.68176037166737
2725,-23.50025402775692,-46.683542147931206
2726,-23.500764443292702,-46.68720558848174
2727,-23.49766724562872,-46.68565145282469
2728,-23.495528926761015,-46.6883746761893
2729,-23.503108589415667,-46.69001113411048
2730,-23.497960253678794,-46.69063680500904
2731,-23.498768612632283,-46.69245723015536
2732,-23.49930099140165,-46.69550497599399
2733,-23.49518209866411,-46.69525611407178
2734,-23.49105033519413,-46.694908123578955
2735,-23.49268451283578,-46.69364124271453
2736,-23.49015297890818,-46.69114128983771
2737,-23.487275621934984,-46.69061993005943
2738,-23.491813338350703,-46.68922339820536
2739,-23.47930191257428,-46.68268413099434
2750,-23.49348648362571,-46.679664792948245
2751,-23.49086675787552,-46.68137673105775
2752,-23.494186288649082,-46.683356611093295
2753,-23.49043234688168,-46.6843557527281
2754,-23.490307297173054,-46.67775813025945
2755,-23.48789441077514,-46.67942677963238
2756,-23.485524789341568,-46.67753026824974
2757,-23.48629275437128,-46.6856292253736
2758,-23.484526574554806,-46.684325365456765
2759,-23.48319391534424,-46.68212774923538
2760,-23.480786598389983,-46.68136249861011
2762,-23.482671081741554,-46.67533735644007
2763,-23.478545812294364,-46.67619144240868
2764,-23.47989576602805,-46.677505725229366
2765,-23.476745891482466,-46.67383893372003
2801,-23.484047385235726,-46.70047716667145
2802,-23.487656982514864,-46.69528157314321
2803,-23.48685500805008,-46.69365149999999
2804,-23.483258596586637,-46.69814895433957
2805,-23.479477336359356,-46.697589518596004
2806,-23.474672654452085,-46.69926889869584
2807,-23.472288778686366,-46.700645568555586
2808,-23.468459055095487,-46.702515939220355
2809,-23.4713521784581,-46.70365871265531
2810,-23.451054789889827,-46.71464736871719
2811,-23.476231740796884,-46.70275171267972
2812,-23.45961450628732,-46.71255168550809
2813,-23.450636194976624,-46.71182176592828
2814,-23.458223349606158,-46.70809432354725
2815,-23.444501055643745,-46.714662757213354
2816,-23.461486049963526,-46.70605249985577
2817,-23.46331449708581,-46.7024012000404
2820,-23.448113551812778,-46.70961353820836
2829,-23.495057245628715,-46.70260060644006
2831,-23.47765871065843,-46.691665750375066
2832,-23.48116157479496,-46.69377776546982
2833,-23.47823104884875,-46.69254667415893
2834,-23.475469767138897,-46.69251135498297
2835,-23.471629580212355,-46.69459986844306
2836,-23.472704153067113,-46.69668194122572
2837,-23.464673077990653,-46.69964145045876
2839,-23.477818578683145,-46.68311699486409
2840,-23.48274716833055,-46.69002363017194
2841,-23.480604031363608,-46.68619276824976
2842,-23.476198861503832,-46.68726254287613
2844,-23.471702560087152,-46.687564555787965
2845,-23.46865919816495,-46.69232818526744
2846,-23.46280468220901,-46.69727407868314
2847,-23.464500496249084,-46.69262390798666
2848,-23.463421161117196,-46.68992978247445
2849,-23.463526662502165,-46.68688932056095
2850,-23.463868562574888,-46.68339278864909
2851,-23.45983567776561,-46.69165044546709
2853,-23.456969030945245,-46.69488957618731
2854,-23.45730471856428,-46.697606507357584
2855,-23.456553343337266,-46.70071698723238
2856,-23.45393653926946,-46.69275180877428
2857,-23.655433028375164,-46.74925299240956
2858,-23.4469069650552,-46.7014013309816
2859,-23.44292158673322,-46.70871358673321
2860,-23.467766008050077,-46.67792494282703
2861,-23.470186012767606,-46.67187769976627
2862,-23.474874552037065,-46.680157828062754
2863,-23.473846152374616,-46.674840944630375
2864,-23.472396806826712,-46.68179471759767
2865,-23.47441166472387,-46.6768420331603
2866,-23.46788335723804,-46.680753771308176
2867,-23.469246118224238,-46.68369479413121
2870,-23.46094202851468,-46.677641793456345
2871,-23.46215080460501,-46.67517965404807
2872,-23.462545709547577,-46.67155724639332
2873,-23.45675282708181,-46.68219861740433
2874,-23.456612336112844,-46.67757234540367
2875,-23.46146324257029,-46.6821098433262
2876,-23.448615180278445,-46.69460940647389
2877,-23.45133759521013,-46.68045277192854
2878,-23.45217345052204,-46.68610302196233
2879,-23.44913613405276,-46.69794241479598
2880,-23.46663345379131,-46.67261792638064
2881,-23.466875720785985,-46.6751213746898
2882,-23.47067476311385,-46.668758333328554
2883,-23.439803772967274,-46.71524193968547
2888,-23.46593152761269,-46.67485348612152
2908,-23.502014146330914,-46.70019372552115
2909,-23.507132621219792,-46.698910262767626
2910,-23.505175892230227,-46.6987771753419
2911,-23.504037569248084,-46.70403039078999
2912,-23.505814974224872,-46.70885598646778
2913,-23.50343566971554,-46.71282412975359
2914,-23.50310427028337,-46.70989373910785
2915,-23.50195915543304,-46.70205202553521
2916,-23.495134568633176,-46.71399495414294
2917,-23.497652252293808,-46.71314682001269
2918,-23.496273801416695,-46.715553049887475
2919,-23.493420773293206,-46.7174614424808
2920,-23.490626987448795,-46.72063688412487
2921,-23.488574144324545,-46.72389409838999
2924,-23.49640670107913,-46.7073075180334
2925,-23.502221163652084,-46.697707849753456
2926,-23.499898732442738,-46.70136746557797
2927,-23.49809153482606,-46.70468918235325
2928,-23.494796360811346,-46.7034588910641
2929,-23.493071043020365,-46.706290734289055
2930,-23.490806505670847,-46.70840428989154
2931,-23.497334513041736,-46.70914452588147
2932,-23.490745185051093,-46.71116365854925
2933,-23.493301983625706,-46.71298058512269
2934,-23.48771015459632,-46.704329873997324
2935,-23.48860309074013,-46.71621753830283
2936,-23.485640902499238,-46.717638414723865
2937,-23.48445461157596,-46.720703281740654
2938,-23.477664646836725,-46.72302975256795
2939,-23.481986479600664,-46.7304238709389
2940,-23.480858551070448,-46.72309574639333
2941,-23.478725902653288,-46.72313910706044
2942,-23.476130868108548,-46.72255031023735
2943,-23.4767760925616,-46.72486313308613
2944,-23.47549588190317,-46.72607768546944
2945,-23.483362378367712,-46.72654241909515
2950,-23.479518739534484,-46.718833138496166
2951,-23.47320024271452,-46.72219217970429
2952,-23.47042510445424,-46.71708320894535
2955,-23.46798917457729,-46.720616775535234
2956,-23.470168263063442,-46.723112882249424
2957,-23.46751540161001,-46.72311098834322
2959,-23.491471494589973,-46.69949878670151
2960,-23.495740816127327,-46.70181776664842
2961,-23.492002564939796,-46.69986075360667
2962,-23.489587267831386,-46.702781088536554
2963,-23.487188352501462,-46.69966864432453
2964,-23.485738500000004,-46.70583531180189
2965,-23.48348683117833,-46.7066184096601
2966,-23.471521857897155,-46.70942093005942
2967,-23.48122647737897,-46.70391895934556
2968,-23.47824524562872,-46.70765023651887
2969,-23.48524192825609,-46.71325153823072
2970,-23.48281323503511,-46.71509476748514
2971,-23.486442013878456,-46.71073145184375
2972,-23.48085590563506,-46.71032357035894
2975,-23.478315726066104,-46.71131293918387
2976,-23.47635376229272,-46.715744346932894
2977,-23.47132851667012,-46.71356919164408
2978,-23.473656000000005,-46.7071425
2979,-23.47580170912921,-46.70808509547578
2981,-23.45965499639332,-46.71721067455651
2982,-23.453584110087803,-46.71594665847712
2983,-23.449997524842736,-46.71833685039535
2984,-23.445853155981297,-46.72047932979742
2985,-23.44152107576895,-46.71946825659299
2986,-23.43431093366611,-46.71397016374291
2987,-23.4304700134601,-46.7143569276935
2988,-23.608443549046555,-46.74037145657274
2989,-23.432080840686144,-46.721315427840096
2990,-23.43026952635151,-46.72699647661436
2991,-23.43569169408848,-46.72757916847478
2992,-23.449044719401,-46.72825077976229
2993,-23.45389040203825,-46.73155026395059
2994,-23.45735802028992,-46.73499660137629
2995,-23.44802727295911,-46.73835651977146
2996,-23.443736856164286,-46.73807929147175
2997,-23.506870282750974,-46.68831601505441
2998,-23.4405617214794,-46.72801135775292
3001,-23.54265485902402,-46.61623785668573
3002,-23.545001158203004,-46.619776199694144
3003,-23.545509967251416,-46.62385250236592
3004,-23.544342922557608,-46.62208627629982
3005,-23.542801019158578,-46.62495799132953
3006,-23.54170633028446,-46.62414431178525
3007,-23.541372199001668,-46.62688047835992
3008,-23.54228779933922,-46.620622807793325
3009,-23.536556099089083,-46.620450985284805
3010,-23.53716454731953,-46.61891102164008
3011,-23.538561653067102,-46.61693871080264
3012,-23.540028034970284,-46.61466355825974
3013,-23.535728779906503,-46.61521675916092
3014,-23.53842079059666,-46.602383966833045
3015,-23.53811352899767,-46.59962436663972
3016,-23.537804264368937,-46.614068627950246
3017,-23.536794719401,-46.610721507775935
3018,-23.53174394892955,-46.611183038576975
3019,-23.53634523978303,-46.60466029141905
3020,-23.53350220191586,-46.60253612378098
3021,-23.532290518177632,-46.60035572925442
3022,-23.52569940030433,-46.603793718708495
3023,-23.533369585348247,-46.6086005095793
3024,-23.530326286153247,-46.609971060923876
3025,-23.535311112960933,-46.60934396295225
3026,-23.532144495700827,-46.61152149140166
3027,-23.53431595268047,-46.61362810436259
3028,-23.52758389454089,-46.61256280001737
3029,-23.53014316457964,-46.617544912430056
3030,-23.526802194558257,-46.618606427491486
3031,-23.53145185152053,-46.62071847530148
3032,-23.530938516792656,-46.62149429877662
3033,-23.530220999999997,-46.62409346295793
3034,-23.522796110046748,-46.617215179078485
3035,-23.52589911434591,-46.61430268013154
3036,-23.51964923178584,-46.61859872092714
3040,-23.550057670552256,-46.62274538000539
3041,-23.54883683458364,-46.62002942561603
3042,-23.54843898570318,-46.618722757487475
3043,-23.54662835581969,-46.61690613656291
3044,-23.551689676483026,-46.62076350725653
3045,-23.546782503606682,-46.6089425671706
3046,-23.544342492642407,-46.61561991312254
3047,-23.541156953921217,-46.60312959922671
3050,-23.543410462952238,-46.61314426595594
3051,-23.545363378584952,-46.60870239078996
3052,-23.54080158964741,-46.60696804677127
3053,-23.54443134026779,-46.60721815017951
3054,-23.542531803953942,-46.60361514363204
3055,-23.53997605689884,-46.600470688802005
3057,-23.540131152374624,-46.59570498750652
3058,-23.538580155981307,-46.5893099783599
3059,-23.540644482514853,-46.59160702192855
3060,-23.538986785042397,-46.58683739616018
3061,-23.54048969663573,-46.58377273175026
3062,-23.54063405190716,-46.58938876824973
3063,-23.534284935599356,-46.56781217943906
3064,-23.53348843963872,-46.56495415084541
3065,-23.536699323619366,-46.57921229297438
3066,-23.53738472745108,-46.57698116374291
3067,-23.53769882653356,-46.57290148557327
3068,-23.53657856258297,-46.568313232110825
3069,-23.535308634889482,-46.56534120247845
3070,-23.538416940879465,-46.56931533166946
3071,-23.534107155433045,-46.56109328711987
3072,-23.534220896613864,-46.55553599639332
3073,-23.532050169023044,-46.55586687927743
3074,-23.52676446101222,-46.56600247807145
3076,-23.537832337939378,-46.58204804347969
3077,-23.53194196947312,-46.58123439647412
3080,-23.53294108465575,-46.57805319415422
3081,-23.533225632393645,-46.575547909256066
3084,-23.533679420480134,-46.57074860450683
3085,-23.53346514876793,-46.56873717609583
3086,-23.529992516374286,-46.567089396906816
3087,-23.530786166801345,-46.564551750224425
3088,-23.52753392894858,-46.56234068273095
3089,-23.530459012767622,-46.56091332902938
3090,-23.528265768798008,-46.55771142881867
3101,-23.552196747706187,-46.613591754775314
3102,-23.552705409111837,-46.62184286179229
3103,-23.553917850210738,-46.61296609145076
3104,-23.5542285,-46.613907
3105,-23.555372992786637,-46.61914048030641
3106,-23.55639049624909,-46.614391668619
3107,-23.56563655427309,-46.6066812783773
3108,-23.565669642247062,-46.60892917666908
3109,-23.574773766028045,-46.59777052345776
3110,-23.558148775484092,-46.60666424854648
3111,-23.56332599927874,-46.60319022634023
3112,-23.55657291618097,-46.60350603830284
3113,-23.560385039961943,-46.60223673723238
3114,-23.56440684042268,-46.59654596654229
3115,-23.56584626783917,-46.593923442390256
3116,-23.567295210891167,-46.58710430333021
3117,-23.56093866239229,-46.59312722367991
3118,-23.561983098647254,-46.59504782445608
3119,-23.56413657085917,-46.594777495200205
3120,-23.56105856744474,-46.59867505793757
3121,-23.564564025535226,-46.59878328261868
3122,-23.56794054509784,-46.59518516113658
3123,-23.56997217707313,-46.5931323440187
3124,-23.57140751457095,-46.591006895435385
3125,-23.576838946707845,-46.59120603497027
3126,-23.581171477350143,-46.59177792905652
3127,-23.577705377185637,-46.587579482586975
3128,-23.571782408363987,-46.58431738856827
3129,-23.5768483760748,-46.58250294087947
3130,-23.58010726672053,-46.58347552706445
3131,-23.57893601998098,-46.57936830259966
3132,-23.58225942936693,-46.581917910064135
3133,-23.595765715794325,-46.57812091479598
3134,-23.58474495679707,-46.58431093450283
3135,-23.5783726133793,-46.58044256383806
3136,-23.58017895739799,-46.57806898633788
3137,-23.58041256480468,-46.57542693949449
3138,-23.587489220511845,-46.58126306744474
3139,-23.585897084655745,-46.57739844240868
3140,-23.588284966414697,-46.57844591548849
3141,-23.58867850402504,-46.57396601894223
3142,-23.59078436775058,-46.577605759160924
3143,-23.589813347899508,-46.57777938377863
3144,-23.594421562582976,-46.57222007369148
3145,-23.59172035775293,-46.57224800083673
3146,-23.593421498615022,-46.576756016374276
3147,-23.59614978240234,-46.57145624999998
3149,-23.57581574382538,-46.58730323219278
3150,-23.58552000721336,-46.58817098167814
3151,-23.588075430203656,-46.58647008090483
3152,-23.592408816456533,-46.58217345173018
3153,-23.5975047244576,-46.578805040798656
3154,-23.58306361486685,-46.57260984975281
3155,-23.580475868785378,-46.570599696383965
3156,-23.58106761431085,-46.56890874992789
3157,-23.577000343744572,-46.570172246323544
3158,-23.575259169023038,-46.56733853274858
3159,-23.57884781127012,-46.56931024480834
3160,-23.578732695052068,-46.56616014002537
3161,-23.57660941993188,-46.56317152651616
3162,-23.551439449101032,-46.603984987232394
3163,-23.545712001384977,-46.5954309283804
3164,-23.548552440446773,-46.60896505134799
3165,-23.559341196779968,-46.58846567638062
3166,-23.548692332765967,-46.59502134736557
3167,-23.55679656928062,-46.59530758881068
3168,-23.554210901273706,-46.594189788721195
3169,-23.55312036358131,-46.593692344855405
3170,-23.550324186926545,-46.59238036219632
3171,-23.551532565223035,-46.59013642027812
3172,-23.55343760305912,-46.584491856773425
3173,-23.552138074383965,-46.58559345330083
3174,-23.54679295420967,-46.58782281529515
3175,-23.549901862340555,-46.58448025812219
3176,-23.550766800305844,-46.5883580903399
3177,-23.550532889260758,-46.58569769171619
3178,-23.553611823229367,-46.58638065168213
3179,-23.552662877185647,-46.58128176830871
3180,-23.558854342907843,-46.58722790410583
3181,-23.558113592561604,-46.582149681383726
3182,-23.558808667219708,-46.59227281090621
3183,-23.560566202608346,-46.59040272453688
3184,-23.56383511014013,-46.58636668526744
3185,-23.56336681736947,-46.58322379961336
3186,-23.56599859838998,-46.58170804371284
3187,-23.560854199485114,-46.578977852387005
3188,-23.563176340721476,-46.57786186703944
3189,-23.569268427145243,-46.5767578760748
3190,-23.56451488758732,-46.573896771856425
3191,-23.56910958090484,-46.57230203274859
3192,-23.571733835349804,-46.57803184647014
3193,-23.57375682875526,-46.57653973841536
3194,-23.56788988703906,-46.57394821510183
3195,-23.570234221528743,-46.58177933991767
3201,-23.59930132764441,-46.5732765992267
3202,-23.599145493479124,-46.56998998557329
3203,-23.60103597584975,-46.56767125965139
3204,-23.595131608661767,-46.56075280099833
3205,-23.603091663338894,-46.56638543339198
3206,-23.59855258285241,-46.56272189141035
3207,-23.60028071885274,-46.56222790980432
3208,-23.602127280599,-46.56282236851518
3209,-23.60160256429849,-46.55805695490215
3210,-23.601201453517177,-46.54908781571352
3211,-23.600475000000003,-46.55369028420567
3212,-23.60451218302113,-46.55956205294589
3213,-23.60625484915459,-46.56162696364473
3214,-23.608376664723878,-46.56084591541635
3215,-23.607821949073777,-46.55664634942871
3216,-23.60795132292687,-46.55465618852786
3220,-23.60733716687356,-46.52369820829696
3221,-23.60163816452187,-46.53437452060626
3222,-23.585679597553263,-46.56005439953255
3223,-23.58971400666509,-46.55864977629982
3224,-23.59153702200528,-46.560486666945565
3225,-23.583900981404007,-46.55635469755406
3226,-23.592053546482816,-46.567560332217695
3227,-23.58680096169717,-46.57065692867446
3231,-23.650802466270463,-46.658499439206025
3236,-23.594997441716192,-46.55375624639332
3237,-23.59422348903573,-46.55216097530148
3238,-23.593896377185636,-46.54933591042471
3239,-23.59501363474525,-46.54616510090067
3240,-23.59889331529515,-46.54717211004673
3241,-23.600282692589175,-46.54670154045242
3242,-23.59792090242863,-46.543542836661096
3243,-23.59911571434356,-46.542122177217344
3244,-23.602318297665775,-46.54046091409226
3245,-23.60397802247681,-46.53510305245541
3249,-23.600968161391318,-46.53378415161001
3250,-23.605999391756594,-46.531949282892825
3251,-23.6085692373045,-46.53596029447746
3252,-23.60924715161729,-46.54230641864013
3253,-23.606618678602327,-46.531079989728205
3254,-23.61097755981302,-46.53203270621504
3255,-23.60063057729816,-46.52541558451151
3256,-23.609735879681473,-46.52968061004674
3257,-23.61137456591553,-46.526565783396734
3258,-23.60995275491955,-46.52640764807545
3259,-23.6031177732414,-46.52174853497027
3260,-23.60413104923649,-46.517870786571606
3261,-23.58638212101101,-46.551732684430704
3262,-23.58857789064574,-46.54977202608349
3263,-23.589451728836057,-46.54798059048414
3264,-23.59173561254257,-46.54519262066478
3265,-23.595015834583627,-46.54098715341336
3266,-23.59871725506378,-46.53665584554789
3267,-23.60073896502972,-46.52975638703907
3268,-23.598808732168614,-46.52646717641899
3269,-23.59976284762537,-46.52383950000001
3270,-23.60083448708696,-46.52100421176928
3271,-23.600587452954596,-46.517696730019026
3272,-23.60156963354006,-46.51436932070519
3273,-23.577243118789312,-46.560238711350905
3274,-23.5790061354897,-46.55764550985704
3275,-23.582203669715536,-46.545995231750254
3276,-23.579343246047078,-46.547462795097836
3277,-23.583010827859255,-46.546285499999996
3278,-23.582095208436726,-46.543556918258425
3279,-23.5854686261469,-46.54128134816876
3280,-23.58350646932889,-46.53806213488948
3281,-23.58946106411219,-46.5426001887299
3282,-23.58702953941369,-46.54553659866411
3283,-23.589966447126212,-46.5392045499606
3284,-23.587481137111176,-46.53693386081136
3286,-23.590819561197996,-46.53498694025909
3287,-23.595679215101832,-46.53320337676727
3288,-23.592978408823377,-46.53211930045008
3289,-23.595106421316853,-46.52992614570952
3294,-23.5857795166003,-46.548063524867146
3295,-23.587597209530724,-46.54571022234629
3301,-23.54330213849616,-46.58282993158863
3302,-23.54443007216227,-46.58891612683939
3303,-23.545167024698507,-46.58721178071312
3304,-23.545292358459747,-46.57784870129548
3305,-23.54653130236,-46.57687268907613
3306,-23.544522280568376,-46.57575084485543
3307,-23.54686552553522,-46.57399623001903
3308,-23.541414085933106,-46.5720153216718
3309,-23.54874495073452,-46.56778646295224
3310,-23.542943311962603,-46.56697231986846
3311,-23.545594445467103,-46.56366291092951
3312,-23.54932290813088,-46.56004425
3313,-23.545747016374285,-46.55836301249348
3314,-23.541190840652774,-46.56585409664443
3315,-23.54231696808813,-46.5689456924808
3316,-23.542640948092824,-46.56486818956659
3317,-23.541535312675073,-46.558652733625706
3318,-23.544516771856426,-46.56591579892085
3319,-23.544820876492544,-46.56189750360667
3320,-23.546251049656806,-46.56403582015692
3321,-23.547475503606684,-46.565978010618025
3322,-23.54911708328529,-46.56899813128279
3323,-23.545366586848274,-46.57210214425241
3324,-23.551412091869107,-46.56624658312654
3325,-23.552505031911863,-46.55566973314956
3330,-23.54538472669783,-46.58532661209289
3331,-23.550186108333158,-46.58003006601591
3332,-23.55192104746377,-46.574801816954256
3333,-23.556314060651182,-46.56847065168213
3334,-23.553324807541816,-46.57258508742569
3335,-23.554344949766268,-46.56861414931618
3336,-23.553729387183296,-46.56260460953216
3337,-23.555961932829387,-46.56235730166653
3338,-23.55994160921002,-46.56077631054125
3340,-23.570462478034955,-46.55138331719334
3342,-23.5615966758022,-46.56312274864303
3343,-23.55960884624664,-46.56996710023142
3344,-23.5595313491546,-46.57328641687346
3345,-23.57317513446988,-46.562098756592974
3346,-23.560567520227266,-46.57129081212997
3347,-23.5631851387933,-46.56727518443829
3348,-23.566020605747575,-46.56230873446242
3349,-23.567078687483786,-46.561661332339625
3350,-23.57033053205609,-46.56635121954524
3351,-23.57199102637195,-46.56485825629974
3355,-23.56100337829649,-46.55341075561204
3356,-23.56705512685216,-46.54284388659259
3357,-23.564840376296694,-46.55537076395057
3358,-23.56556911744233,-46.55007383190127
3359,-23.56736465116532,-46.54730926824973
3360,-23.569341731201987,-46.543775492714516
3361,-23.572289663515008,-46.531142366363696
3362,-23.56531328810082,-46.54254426318597
3363,-23.563020314898214,-46.539274128224385
3364,-23.565145794279665,-46.53750370996235
3365,-23.56994921065844,-46.53695878642736
3366,-23.56423758451152,-46.53460292922271
3367,-23.56913759282677,-46.53515451165677
3370,-23.57011946974454,-46.55923344532559
3371,-23.571289709537457,-46.54865576852342
3372,-23.57052348182236,-46.55604646641471
3373,-23.573127145938912,-46.55300100617469
3374,-23.585203571469773,-46.53374711157596
3375,-23.574102979020616,-46.54892708791874
3376,-23.577177483625704,-46.54308320388005
3377,-23.5752114194172,-46.54263184870413
3378,-23.57123411573089,-46.54188892131685
3379,-23.57585532722604,-46.537505926452745
3380,-23.57645695806719,-46.53306820628714
3381,-23.577584720511847,-46.532881026920194
3382,-23.580063660280462,-46.53072201679265
3383,-23.58250360310751,-46.530413494134535
3384,-23.57767773919233,-46.52299964210473
3385,-23.5823682737464,-46.5251656851232
3386,-23.583756101578295,-46.52819366909516
3387,-23.585785019706847,-46.52941433201569
3388,-23.58826785706044,-46.53012656673792
3389,-23.590327060087148,-46.52795635567546
3390,-23.592259362196334,-46.5257516274436
3401,-23.548588475301493,-46.55433925894458
3402,-23.54881510978313,-46.53702200298793
3403,-23.54454935858908,-46.545580762767614
3404,-23.537641445910747,-46.55371588550984
3405,-23.53829101442672,-46.54950529978624
3406,-23.54115401915858,-46.54542198695827
3407,-23.543388044466734,-46.55125061186763
3408,-23.547733899806673,-46.55277622085809
3409,-23.547070010964276,-46.55053540958798
3410,-23.551239980855748,-46.55140151276761
3411,-23.54749708159733,-46.54752566680134
3412,-23.555375874545582,-46.5508924052167
3413,-23.555005658895496,-46.54820041786424
3414,-23.56088296034919,-46.548843212880136
3415,-23.559856061616358,-46.54509395768724
3416,-23.560907626421038,-46.55008955633974
3417,-23.54023019401001,-46.54881452622772
3420,-23.54905179739165,-46.54498452331353
3421,-23.55248454843038,-46.545700282748584
3422,-23.55455495697963,-46.54350666388715
3423,-23.549719138496158,-46.54081195732587
3424,-23.552324512767612,-46.540886660352584
3425,-23.556188169023045,-46.53951452497263
3426,-23.552429699694155,-46.536794198583316
3427,-23.55231296480838,-46.536493345201656
3428,-23.55348694796293,-46.538729350265434
3429,-23.55367085095793,-46.53378441001183
3430,-23.54984699866429,-46.5373975856681
3431,-23.550965433810333,-46.537572001529206
3432,-23.558084973772285,-46.53678016659933
3433,-23.56090563558197,-46.53450422309493
3434,-23.5587758104334,-46.53262896419299
3435,-23.55697256744474,-46.53071382132555
3436,-23.559499629335228,-46.53176398945409
3437,-23.558343757703835,-46.529006398623714
3438,-23.558850125728547,-46.52713468544137
3440,-23.54489522231519,-46.54242897918231
3441,-23.547042419095156,-46.536320393704145
3442,-23.54376624063706,-46.540058940331214
3443,-23.543927727451088,-46.53638080099833
3444,-23.545148024280145,-46.53292459145075
3445,-23.548815241205077,-46.52860928018063
3446,-23.550364529834386,-46.52873981640601
3447,-23.55341729003405,-46.525195671244745
3448,-23.553750499307508,-46.52282821510183
3449,-23.5562180842681,-46.52208011740258
3450,-23.555627764224703,-46.519042332361934
3451,-23.558637305466345,-46.51889275867044
3452,-23.56809040215828,-46.50981213099433
3453,-23.56369569145126,-46.51447578154377
3454,-23.5631038387582,-46.51232348167813
3455,-23.56557313627445,-46.50971186802472
3456,-23.56929701970684,-46.50666283268236
3460,-23.565307308574184,-46.52114121288014
3461,-23.569722785710617,-46.525408712075006
3462,-23.57383196678699,-46.52762956369382
3463,-23.57190614523148,-46.52985107255456
3470,-23.568416544529256,-46.52236565119518
3471,-23.5658026295625,-46.51919181365937
3472,-23.574438204913342,-46.52210137473815
3474,-23.57276288058557,-46.51479413244185
3475,-23.575126793366607,-46.51645640126377
3476,-23.571874604910654,-46.51143708888281
3477,-23.568299512767616,-46.51205478799173
3478,-23.571570021603165,-46.51263303802871
3479,-23.574957459475463,-46.507903040798666
3480,-23.578416743551248,-46.50722430544172
3490,-23.555870102132065,-46.51652249811876
3501,-23.533448313301733,-46.54027293981236
3502,-23.536406378556805,-46.54352808451151
3503,-23.536659520399333,-46.541613667493834
3504,-23.53877907744238,-46.53860652484274
3505,-23.53428488259566,-46.53808124562872
3506,-23.539044824311848,-46.53525698473654
3507,-23.537800990839063,-46.53837089064575
3508,-23.535743259507168,-46.53271249471986
3509,-23.5358617417479,-46.529225035807
3510,-23.538942,-46.53070902025509
3511,-23.534804735212703,-46.52799857937564
3512,-23.539871462115528,-46.52663726894224
3513,-23.53515851096428,-46.52265797515725
3514,-23.533834811075238,-46.52078409701275
3515,-23.53970678110938,-46.53207469386578
3516,-23.54191045448381,-46.52556851637428
3517,-23.543629585348235,-46.52829171911253
3518,-23.544362536211032,-46.524386326944416
3519,-23.546601773704552,-46.522757576938915
3520,-23.547126938502696,-46.52127655329215
3521,-23.547788685267435,-46.519144185117774
3522,-23.54873852622771,-46.51917286372554
3523,-23.550394086040736,-46.51653735137628
3524,-23.548379456284515,-46.51414832833689
3525,-23.55093741771018,-46.51377076824974
3526,-23.551281670552257,-46.50650229378496
3527,-23.544508651094823,-46.52958504014608
3530,-23.538886538302837,-46.520095510271766
3531,-23.541352784349904,-46.51821578864909
3532,-23.541988499999995,-46.5147553701743
3533,-23.54394711019097,-46.517422699001656
3534,-23.54571479877664,-46.50877523910784
3535,-23.545977508109367,-46.50524928950366
3540,-23.535443956149585,-46.498719911942146
3541,-23.53608201299837,-46.51764987834976
3542,-23.531429419931882,-46.516046180588006
3543,-23.535253094783304,-46.5153566462
3544,-23.532035369279797,-46.50980807806277
3545,-23.531924310433396,-46.512202493767575
3546,-23.535511752986302,-46.50957080627846
3547,-23.538103029978625,-46.51281251970684
3548,-23.540810657510512,-46.510210408967616
3550,-23.531428840620443,-46.50715580044672
3551,-23.5329735745282,-46.50351952247679
3552,-23.53569647876395,-46.50392134194123
3553,-23.53459791257428,-46.5063391784581
3554,-23.538328638351924,-46.5065121947025
3555,-23.538390757977968,-46.49852286038274
3556,-23.539742386764935,-46.50063165632754
3557,-23.541770787119862,-46.50568005675459
3558,-23.543952904524204,-46.50164249847078
3559,-23.54742268113479,-46.50265555870217
3560,-23.54815565306712,-46.50000198362571
3561,-23.548182245591633,-46.49494104127024
3562,-23.544866169023045,-46.497269823619376
3563,-23.54678874550074,-46.49150983416527
3564,-23.53531128059899,-46.49750028212821
3565,-23.53878342735371,-46.494993373853085
3566,-23.54058758021235,-46.49270793479552
3567,-23.53941291257429,-46.48879160352587
3568,-23.54215123841535,-46.48445049965376
3569,-23.54286431307345,-46.490706403413355
3570,-23.566576038995326,-46.487620556336225
3571,-23.56948588313229,-46.48563275166029
3572,-23.573361179202983,-46.497752143559936
3573,-23.559257999999947,-46.50992229433324
3574,-23.554767048848746,-46.51226096579431
3575,-23.55672412241941,-46.507915388424045
3576,-23.55279939133824,-46.50809876227712
3577,-23.55348008562237,-46.50318269275492
3578,-23.55867639968301,-46.50431616388716
3579,-23.563005465816406,-46.49584499999999
3580,-23.553150454065438,-46.49988664879991
3581,-23.55602382209016,-46.5001156730154
3582,-23.557897466558924,-46.49715293863463
3583,-23.55775726977895,-46.49417743865776
3584,-23.56023566472388,-46.48646310268917
3585,-23.565590914411366,-46.49150298182237
3586,-23.556650867393287,-46.48855800516006
3587,-23.55613074271453,-46.4874019417162
3588,-23.55809701748514,-46.487289918402666
3589,-23.551840251875454,-46.486397459547575
3590,-23.546229616567608,-46.48334604815624
3591,-23.5503083982223,-46.48033067132614
3601,-23.51455853679472,-46.5210894733524
3602,-23.527142261310516,-46.55296753124813
3603,-23.52434277407813,-46.54993169455828
3604,-23.524113710754314,-46.551011361668124
3605,-23.521106587844073,-46.5498133999647
3606,-23.522611358589643,-46.54739635283337
3607,-23.520526239252074,-46.543838991479525
3608,-23.516346342215357,-46.5433350686277
3609,-23.516060709965938,-46.54130003732932
3610,-23.52061159334481,-46.5396606777656
3611,-23.519452190951583,-46.53748437523807
3612,-23.517796552181295,-46.53577180536962
3613,-23.51918316333405,-46.53362576353223
3614,-23.516827713918865,-46.53150794532287
3615,-23.517560503750904,-46.52986410935426
3616,-23.518638450458763,-46.52792064931621
3617,-23.51831341326678,-46.52551983870885
3618,-23.516144844780293,-46.52227742894857
3619,-23.512623465433748,-46.51525978074322
3620,-23.511392428466543,-46.50991846293864
3621,-23.52017928990595,-46.5225690053514
3622,-23.52042454973144,-46.51895775950717
3623,-23.518662698332513,-46.515863433594
3624,-23.514992334170792,-46.5147749769513
3625,-23.51609908826243,-46.51224133902704
3626,-23.51333136883116,-46.50959168913392
3627,-23.511634083417114,-46.50557310997171
3630,-23.53257143591436,-46.549878829553634
3631,-23.53020329221696,-46.55115672606608
3632,-23.52822606994056,-46.5495977411853
3633,-23.52989855190566,-46.54608435203919
3634,-23.52461675736494,-46.5467306194547
3635,-23.522460847481145,-46.533516362694456
3636,-23.52275288966864,-46.53102778929872
3637,-23.52490413765944,-46.54406196003804
3638,-23.5287339045242,-46.54164404593456
3639,-23.525887473772286,-46.54025763252354
3640,-23.53043879156327,-46.53804480030584
3641,-23.526318939494487,-46.53659093880199
3642,-23.52696058006812,-46.53528132416763
3643,-23.528418575607716,-46.53430847745109
3644,-23.52615779719832,-46.53320479564185
3645,-23.52635569386578,-46.531473175832375
3646,-23.526032584511515,-46.52990339884006
3647,-23.524546777684805,-46.5277016575105
3648,-23.525641613653423,-46.52549791993189
3649,-23.5279169686364,-46.52430771725142
3650,-23.527079999999998,-46.52233785935425
3651,-23.5279572536788,-46.51965282019535
3652,-23.515145223641493,-46.506895401995166
3653,-23.51813118020329,-46.51075833861744
3654,-23.52550723126717,-46.517127270471455
3655,-23.52551477827242,-46.513893895826776
3656,-23.525356072483937,-46.510045802946195
3657,-23.527328803777646,-46.50418226181159
3658,-23.52826921388949,-46.49968569040119
3659,-23.521449211076785,-46.51128548757862
3660,-23.522770429115702,-46.50679016007847
3661,-23.523381044963326,-46.50379307720426
3662,-23.52259269830917,-46.5002474038317
3663,-23.524639953877482,-46.50082223265909
3664,-23.5251926924808,-46.49822728587911
3665,-23.526363195394985,-46.49697698817937
3666,-23.528705023861747,-46.49526577553523
3667,-23.53149407245617,-46.495714443983125
3668,-23.53402082292688,-46.48874736871719
3669,-23.531870063644014,-46.49091486740433
3670,-23.51706132361936,-46.50689725659299
3671,-23.517414277684807,-46.50386156770179
3672,-23.516385432973617,-46.50268267929482
3673,-23.514787843744564,-46.50187356223674
3674,-23.51849485928213,-46.500012152230376
3675,-23.519334384124875,-46.49717932070519
3676,-23.51795148542905,-46.49322082944775
3677,-23.5157564627642,-46.49428756402392
3678,-23.51729555453289,-46.48993605467713
3679,-23.519497929118813,-46.48890312392521
3680,-23.524095457397994,-46.48947778566277
3681,-23.52196473105776,-46.48616823723239
3682,-23.519301003058416,-46.48262004509784
3683,-23.5212257828207,-46.48201079868735
3685,-23.524132332361937,-46.478764650152925
3687,-23.52644306993001,-46.48630935345376
3688,-23.52831670761252,-46.48510272193266
3689,-23.529293826209365,-46.48169830177129
3690,-23.52847774493622,-46.47853104815626
3691,-23.53427773688614,-46.48403954079865
3692,-23.53342517013982,-46.48017200653021
3693,-23.53203567967832,-46.47661155008949
3694,-23.53691040966009,-46.476956695322855
3695,-23.520446387039065,-46.49817398320734
3701,-23.51333236886144,-46.55050972107444
3702,-23.51613685387212,-46.5477308798257
3703,-23.51499614803501,-46.550625653766055
3704,-23.51800800638444,-46.554167888317664
3707,-23.507203887731553,-46.543290158986906
3710,-23.511809907438398,-46.54906348251485
3711,-23.50598305744708,-46.53013786011885
3712,-23.50670783521786,-46.526307779836685
3713,-23.510443574785057,-46.545527750072104
3714,-23.50742779294825,-46.54057609454243
3715,-23.506665135287683,-46.53745376304174
3716,-23.50465003213705,-46.533802802100695
3717,-23.500464784024516,-46.533596282918616
3718,-23.49876806466044,-46.52937216616037
3720,-23.502454722170963,-46.53021800652088
3721,-23.50266906633389,-46.524617512767605
3725,-23.49917944931378,-46.51939715192552
3726,-23.500816912093015,-46.51647636533736
3727,-23.50297390438115,-46.51270581092387
3728,-23.500978334644657,-46.50957232220638
3729,-23.50125282875525,-46.50504566057815
3730,-23.512904182901497,-46.5446602821282
3731,-23.51076011611177,-46.53720700916094
3732,-23.511653973498156,-46.533157590758265
3733,-23.51034492220422,-46.52856709556232
3734,-23.509919037884472,-46.52518338914328
3735,-23.509026,-46.52134625425019
3736,-23.50818,-46.51639509933212
3737,-23.509157731057755,-46.51220863474524
3738,-23.50752226672053,-46.50736112348102
3739,-23.514006835131894,-46.54638278684574
3755,-23.50989566836933,-46.5013912072847
3756,-23.506667056898827,-46.503823293568615
3757,-23.507209154128198,-46.496995627806015
3758,-23.50370839355994,-46.50005142468633
3759,-23.503874510964263,-46.492363461971294
3801,-23.50271193949449,-46.49019646794392
3802,-23.504344438802004,-46.485719816406
3803,-23.494504929641067,-46.48738520129548
3804,-23.49825324339432,-46.48299647362806
3805,-23.5050226498788,-46.48017963301402
3806,-23.496142558139574,-46.478370075076455
3807,-23.498216428948584,-46.4729303582434
3808,-23.494266942552915,-46.47484792131687
3809,-23.49070092949765,-46.47727000692782
3810,-23.48736576602805,-46.473688724248426
3811,-23.491155073768432,-46.48262925950718
3812,-23.492399951957765,-46.46733265903971
3813,-23.488281177909847,-46.46934338926075
3814,-23.488822220511857,-46.4853719701656
3816,-23.4874129977783,-46.48857000203781
3817,-23.49209296641469,-46.49212026810552
3818,-23.4970607985025,-46.49420739822634
3819,-23.50021990259096,-46.49757079961335
3820,-23.49605724118532,-46.50222102034052
3821,-23.491818175513664,-46.50085965987643
3822,-23.502124729384324,-46.49410284540367
3823,-23.48710697194245,-46.49269174132953
3827,-23.483727061904816,-46.47925919032532
3828,-23.4818156469646,-46.49454570163108
3831,-23.58705152622771,-46.58032110115995
3840,-23.60153821011647,-46.46167529433997
3870,-23.507399927151454,-46.487688433649616
3871,-23.507492108458965,-46.49055473419091
3872,-23.51253401672528,-46.501049539944844
3873,-23.511053200386645,-46.49609055560445
3874,-23.512408496393316,-46.49572340847713
3875,-23.513431944167795,-46.49637191537917
3876,-23.51035408741162,-46.49417596100467
3877,-23.511874416180966,-46.49145619539498
3878,-23.50983064071786,-46.49382138558197
3880,-23.508495167638067,-46.48543675118297
3881,-23.50983167818397,-46.48848229551618
3882,-23.51149166472388,-46.48506770413754
3883,-23.50877598576664,-46.482233995165856
3884,-23.512023167638063,-46.48072657944773
3886,-23.509608485818553,-46.48078497453688
3887,-23.51116397668648,-46.47841461948182
3888,-23.508545028133007,-46.47939731734838
3889,-23.5126376611172,-46.47696622899748
3890,-23.51520722465142,-46.48698231785219
3891,-23.5129365,-46.48921424999999
3892,-23.513524717194645,-46.486731753606676
3893,-23.514761352255924,-46.48385073723237
3894,-23.515506,-46.48171049999999
3895,-23.515561356786314,-46.47952759658665
3896,-23.51395505974939,-46.47920260671418
3901,-23.578206558976298,-46.5139691194818
3904,-23.57817480210918,-46.518705882667774
3905,-23.579695437377524,-46.514700798848736
3906,-23.58120558090484,-46.51174307522068
3907,-23.58718017882613,-46.50781176855429
3908,-23.582534322508515,-46.50697026141739
3909,-23.58456452449328,-46.511364695741236
3910,-23.58511267055225,-46.51531241854688
3911,-23.58237541326677,-46.5191939023025
3912,-23.582902818047508,-46.52208065935541
3916,-23.58978640576496,-46.5074310596688
3917,-23.586490645017022,-46.52071374424374
3918,-23.589997585622374,-46.520591097279144
3919,-23.59332411226844,-46.52311664987879
3920,-23.596413862888816,-46.52031215111377
3921,-23.58957352602829,-46.51668224972586
3922,-23.59427350735759,-46.51648102553523
3923,-23.591801744936216,-46.51120904675258
3924,-23.59888677768481,-46.50837289508913
3925,-23.602320854146242,-46.50688271683305
3926,-23.59914374325409,-46.501993733697816
3927,-23.60278708107636,-46.49890798868948
3928,-23.60645341271723,-46.50165363861424
3929,-23.606002911881795,-46.48996436698597
3930,-23.58011336955392,-46.49829718040567
3931,-23.581667465464186,-46.494482314804685
3932,-23.582512341104504,-46.50063442036067
3933,-23.584215683356,-46.498964746739574
3934,-23.5903334454671,-46.50240407271052
3935,-23.58798545184374,-46.50416713419698
3936,-23.590393580212357,-46.49650756396797
3937,-23.58684518595992,-46.49965102553523
3938,-23.59521575214959,-46.50410255245544
3939,-23.597793261728874,-46.50342635276127
3940,-23.59306508715158,-46.50040820457018
3941,-23.59592080099833,-46.49850516541636
3942,-23.594320712183954,-46.496836349439945
3943,-23.59810995920133,-46.494832074672416
3944,-23.60196819317329,-46.49384697377229
3945,-23.59773465736628,-46.49061507773837
3946,-23.59653860144676,-46.49023990647177
3947,-23.59119352761269,-46.49345221930624
3948,-23.590700764224707,-46.49149133638697
3949,-23.60263345941988,-46.482564510143554
3950,-23.594558605603343,-46.47993415674948
3951,-23.58737221510183,-46.48835954757933
3952,-23.589366660953665,-46.48365216618096
3953,-23.593393424375275,-46.481629877459774
3958,-23.59679650568326,-46.486028520255104
3959,-23.59591934471119,-46.48433211150383
3960,-23.596456618331658,-46.482241271928544
3961,-23.602189684606348,-46.48473062326676
3962,-23.60602594451177,-46.4814987850424
3963,-23.60953115672922,-46.47971457627197
3964,-23.60475237784956,-46.47586626755725
3965,-23.60176241909516,-46.47690023588261
3966,-23.59780980030584,-46.47777816541637
3967,-23.60158352983439,-46.47316323411617
3968,-23.60269175575626,-46.47255221426511
3969,-23.608209268942232,-46.48987663266777
3970,-23.61397075686712,-46.480166554677126
3971,-23.615736291563266,-46.47881749049814
3972,-23.61560805467712,-46.48181557633154
3973,-23.62044598945409,-46.48142692415894
3974,-23.61452616361303,-46.484471509160926
3975,-23.609568530671105,-46.48955536678396
3976,-23.612145543294496,-46.49771695809048
3977,-23.619646959201333,-46.49372832961796
3978,-23.621168325841065,-46.50510638663502
3979,-23.617451519980975,-46.508376784696146
3980,-23.61635823980033,-46.51255702039933
3981,-23.613523878988985,-46.51742439496543
3982,-23.611797471550585,-46.51379525708879
3983,-23.609652160972967,-46.5078673909342
3984,-23.60672820843672,-46.5126452334237
3985,-23.606113756592983,-46.51724129516995
3986,-23.609024423538557,-46.52130326019966
3987,-23.603739789341567,-46.511041335204
3988,-23.59916935105808,-46.51523601661695
3989,-23.61238028605192,-46.48267785858965
4001,-23.5725492783773,-46.652270657510506
4002,-23.571951785159605,-46.64907485609381
4003,-23.572870794621693,-46.64684880586169
4004,-23.57364380988513,-46.64595213918864
4005,-23.575393848606325,-46.64768272446477
4006,-23.576886126895403,-46.64715517686054
4007,-23.576513479600663,-46.65098239976917
4008,-23.580787239298097,-46.65212757438396
4009,-23.589192647299583,-46.63627333197481
4010,-23.585809473772287,-46.63654474493623
4011,-23.579512890878966,-46.644502987232386
4012,-23.58296660560334,-46.6467533849616
4013,-23.57956909512453,-46.64194095745629
4014,-23.584567253678795,-46.64354156411218
4015,-23.58662883014023,-46.64448336778027
4016,-23.58822661864508,-46.6440720925616
4017,-23.5882566566738,-46.6384347112788
4018,-23.58774202192854,-46.64154646073055
4019,-23.590301112960944,-46.6452114962457
4020,-23.592507966997125,-46.6395901820648
4021,-23.59312539439665,-46.64301556387306
4022,-23.594239281139913,-46.64609818477697
4023,-23.592075050926212,-46.642228112875
4024,-23.60092039225043,-46.64431266208381
4025,-23.5975354365803,-46.646563226902806
4026,-23.60040000360668,-46.64832778448406
4027,-23.6004122828207,-46.65286009478329
4028,-23.60391858351113,-46.66274300991638
4029,-23.60338578494015,-46.66183947550847
4030,-23.592296355582384,-46.65403166930169
4031,-23.593889283109164,-46.65732357132556
4032,-23.59516667882669,-46.65971286553656
4035,-23.594486576785865,-46.63657403996196
4036,-23.597092155349856,-46.636676273455635
4037,-23.59556278101736,-46.64424780467712
4038,-23.5969137395262,-46.645749048539074
4039,-23.59845749639332,-46.642119317790986
4040,-23.599678987232387,-46.63780444280814
4041,-23.6014475291419,-46.64391741618097
4042,-23.602717525487023,-46.6437411931733
4043,-23.60403818773152,-46.640782275535216
4044,-23.600584529286127,-46.6399239672514
4045,-23.61763890592578,-46.6389807441141
4046,-23.618347399453647,-46.639217148603024
4047,-23.60994745268047,-46.643052976419554
4048,-23.60560036940968,-46.64083117055225
4049,-23.606427038302833,-46.63963348459232
4050,-23.606278397487223,-46.64469326367944
4051,-23.608271635163607,-46.64431549077318
4052,-23.61102292035074,-46.64049591689836
4053,-23.614284855675464,-46.64236417776562
4054,-23.616195317790982,-46.641565322047065
4055,-23.61889599916328,-46.64127554533981
4057,-23.608894604636728,-46.646700775953576
4058,-23.610674331476968,-46.648720163194646
4059,-23.616375852067065,-46.64550511797652
4060,-23.60722169969415,-46.649880555369606
4061,-23.613178983378155,-46.64924814389355
4062,-23.619009195394987,-46.64798058035659
4063,-23.613755532084,-46.65016220395195
4064,-23.618439403413355,-46.64812971954524
4065,-23.622448012767613,-46.64872451408047
4066,-23.615254047737892,-46.65185645053088
4067,-23.61505279961335,-46.65310241909515
4068,-23.62150234388968,-46.64751226131051
4069,-23.62308794198074,-46.64347334110451
4070,-23.6272309750695,-46.647097865875125
4071,-23.62511519816494,-46.65018486037742
4072,-23.623961374444356,-46.653156264845094
4074,-23.61103731685386,-46.65595800629095
4075,-23.60270832286448,-46.65899062516595
4076,-23.60692408104908,-46.65663831349181
4077,-23.607731734116182,-46.65790049278663
4078,-23.606667765739584,-46.65862725360667
4079,-23.608438805989998,-46.65891024839867
4080,-23.60931333447033,-46.66091832410983
4081,-23.610055510820043,-46.66215548167814
4082,-23.61150401465408,-46.66195021014779
4083,-23.61341181262956,-46.661497461152535
4084,-23.61400778406145,-46.66232275200535
4085,-23.61500734429283,-46.66163964379837
4086,-23.61131027699231,-46.66043236372553
4087,-23.609960329721872,-46.66065474140166
4088,-23.605763459057098,-46.66110236649551
4089,-23.606545344885298,-46.66032713470176
4090,-23.609667483625707,-46.6618460291419
4094,-23.585119491211948,-46.65571559421623
4097,-23.581228674966987,-46.65839819204812
4101,-23.58043869525076,-46.63888929793991
4102,-23.59032952255033,-46.63175129640077
4103,-23.574667012767613,-46.636377399042075
4104,-23.57625487898898,-46.63834354010618
4105,-23.57794633389114,-46.63627226686477
4106,-23.58138236441804,-46.63567651180098
4107,-23.57972421648681,-46.63456825506376
4108,-23.577883983625696,-46.63075488738531
4109,-23.57579796364474,-46.63186907216226
4110,-23.58437551928848,-46.63351525835131
4111,-23.586699573403017,-46.6324522857349
4112,-23.58472645386059,-46.62893070898499
4113,-23.58446547792723,-46.626367552582806
4114,-23.585829485429045,-46.623411
4115,-23.589963451007023,-46.624160545934544
4116,-23.59252955037796,-46.62530502331353
4117,-23.589525478215684,-46.63020535512719
4118,-23.595141856223723,-46.628889072018026
4119,-23.59251748531849,-46.634903460038046
4120,-23.596030403831715,-46.6306800330285
4121,-23.5975571873449,-46.62381828365743
4122,-23.603187216486816,-46.62104071051421
4123,-23.607862501529205,-46.627560340412
4124,-23.598255525535222,-46.62045463627446
4125,-23.600767201497504,-46.61916839889784
4126,-23.598566377041408,-46.63077701276761
4127,-23.6015555656414,-46.6295805
4128,-23.602842534551925,-46.63348738294192
4129,-23.603132095475782,-46.62314123550117
4130,-23.604938004991663,-46.62004197169482
4131,-23.607240181516527,-46.61806343935025
4132,-23.6135049775232,-46.617706659646124
4133,-23.61988085429048,-46.61784924409308
4134,-23.60713557646144,-46.62305444996829
4135,-23.60881924701369,-46.629778388722286
4136,-23.610493875382303,-46.62508638842403
4137,-23.61129423935148,-46.62102193477695
4138,-23.61302967554391,-46.63577959325409
4139,-23.6057090291419,-46.63351114738295
4140,-23.607104521784315,-46.63086556134222
4141,-23.610163547319534,-46.6342499074384
4142,-23.611657285231928,-46.631781000000004
4143,-23.614689499307506,-46.63510402761268
4144,-23.61802942131686,-46.63733406841136
4145,-23.61645358312654,-46.632481417710174
4146,-23.6174025431646,-46.63064957216227
4147,-23.6204325,-46.63009916292053
4148,-23.61447741825844,-46.62369301748515
4149,-23.616855341535988,-46.62346872967279
4150,-23.62021051207511,-46.62243289148246
4151,-23.621449976216034,-46.62566695324655
4152,-23.624750611091443,-46.62496037760399
4153,-23.62709491534424,-46.62451649363674
4154,-23.62938599639332,-46.62155794255291
4155,-23.63287036886143,-46.62612026686477
4156,-23.631974313765944,-46.62237316954957
4157,-23.631376388365712,-46.61905746725142
4158,-23.624428191795573,-46.61879554010616
4159,-23.622812496537545,-46.61205046316719
4160,-23.625852663887155,-46.61139748251486
4161,-23.629380626839392,-46.6159670707201
4162,-23.62727483152521,-46.60746946433721
4163,-23.62944031057763,-46.613950386346566
4164,-23.628449970165597,-46.60887375
4165,-23.625766994096,-46.60645281556927
4166,-23.64348821065844,-46.60691231348225
4167,-23.633301520947587,-46.611680992786624
4168,-23.63390745406544,-46.61071930910819
4169,-23.64561235741555,-46.61413735671419
4170,-23.6352265881182,-46.61271464168448
4171,-23.637086593071423,-46.612726664031385
4173,-23.639448326533554,-46.61066668040567
4174,-23.633977353387777,-46.6072670142247
4176,-23.635339208436733,-46.603426389953256
4177,-23.6415039775232,-46.60827299999998
4180,-23.63582525134517,-46.600742938802
4181,-23.63854843991764,-46.59969646073053
4182,-23.641257992498176,-46.5993767776848
4183,-23.64308110491085,-46.596738211350925
4184,-23.648861064112182,-46.59975205384041
4185,-23.64733809409081,-46.59185885429047
4186,-23.646701818483475,-46.59570688059031
4187,-23.64872643075192,-46.59478526096427
4190,-23.652161413266782,-46.60302608381902
4191,-23.646396436580304,-46.604172661809685
4193,-23.649087013389025,-46.60844696530385
4194,-23.653944744533664,-46.60999006429917
4195,-23.6569914183815,-46.61249024639332
4201,-23.574795448929557,-46.605902285734885
4202,-23.57819447821569,-46.605555398003325
4203,-23.59366982365866,-46.60665563128177
4204,-23.583064672690103,-46.606476970059134
4205,-23.58251254010618,-46.605712765872376
4206,-23.584119150152915,-46.60438270038666
4207,-23.585884208436724,-46.60273181793521
4208,-23.59357379156328,-46.60114136900567
4209,-23.588647572959548,-46.60032987621902
4210,-23.585447158203,-46.60406059658665
4211,-23.5909821268394,-46.60749744677996
4212,-23.589656470858092,-46.60172430287379
4213,-23.59256570774424,-46.60299545337296
4214,-23.59384787246811,-46.59722893941439
4215,-23.59565317819374,-46.60288337246811
4216,-23.59724989328896,-46.60005142663009
4217,-23.59912355453289,-46.59476323223431
4218,-23.600472450985976,-46.59933854361311
4220,-23.59877160061168,-46.5861240627272
4221,-23.593401816867765,-46.595009733567935
4222,-23.59701643297361,-46.59044121856429
4223,-23.59952094240868,-46.58981233673322
4224,-23.59696147446477,-46.594419097423355
4225,-23.60280585290549,-46.58946444033122
4229,-23.606296575076456,-46.59298349278662
4230,-23.604432905252228,-46.59625508604167
4231,-23.60576790235992,-46.596718030626846
4232,-23.61569489862282,-46.593471248635474
4233,-23.54554532320691,-46.5740898336155
4235,-23.6149559820524,-46.59123349677601
4236,-23.61260349780278,-46.59307539976522
4239,-23.623294216167057,-46.583018818046384
4240,-23.619435182951094,-46.584884874451625
4241,-23.623142215759607,-46.588824413959266
4242,-23.626109878554416,-46.58827117244798
4243,-23.627109352761263,-46.586534475523
4244,-23.62958825228049,-46.587901462280456
4246,-23.624361898519254,-46.59801168265244
4247,-23.613398381629047,-46.60046159296563
4248,-23.61289225859717,-46.59790484631163
4249,-23.616404935899304,-46.59950840455101
4250,-23.62001522564774,-46.59875267894857
4251,-23.625327075076463,-46.597546493419074
4252,-23.61351399677518,-46.59834962476192
4253,-23.618360362614688,-46.59620355163837
4254,-23.61915705839079,-46.59429148147612
4255,-23.62366999083907,-46.59371507758772
4256,-23.629612316680134,-46.591846975389544
4257,-23.633426706396147,-46.59163911967427
4258,-23.63514188926076,-46.58815946142303
4260,-23.58251728642737,-46.614437502221705
4261,-23.582143573749214,-46.61204012323272
4262,-23.598757603397516,-46.60966234725617
4263,-23.58852404144252,-46.61046122048808
4264,-23.584933341104502,-46.613573635928205
4265,-23.586881822288795,-46.61624645545043
4266,-23.58982079156327,-46.60934982514856
4267,-23.59773702539099,-46.610610736886144
4268,-23.594863452680467,-46.60867148834325
4269,-23.59959487538231,-46.61237057216226
4270,-23.591180043020373,-46.61342743217374
4271,-23.589653008050075,-46.61676307944141
4272,-23.603138193173287,-46.61480595712385
4273,-23.60395383527613,-46.61460669268281
4274,-23.59180374604707,-46.618231895435386
4275,-23.593703605603345,-46.61658036894656
4276,-23.600301233971948,-46.61387037621903
4277,-23.60027941993187,-46.61222512101102
4278,-23.60198915306711,-46.60898545628714
4279,-23.59940832564602,-46.60613725506377
4280,-23.6043395664627,-46.607022952901644
4281,-23.606096584511523,-46.60905772370018
4282,-23.60778743186277,-46.61094936303305
4283,-23.60781505023373,-46.60457359686078
4284,-23.608662574658094,-46.60196812024641
4285,-23.61298240161001,-46.60375831626178
4286,-23.61535906647812,-46.603291532506645
4287,-23.6076043305586,-46.60584957722605
4288,-23.610557315569284,-46.612168299685464
4289,-23.6078974069876,-46.615579978763954
4290,-23.61494508243405,-46.61422144463037
4291,-23.618294465722204,-46.61403980474923
4292,-23.617519250202665,-46.61142526356577
4293,-23.62151075887711,-46.615277699099614
4294,-23.619534056062115,-46.6066347901783
4295,-23.622495779069787,-46.60405929793991
4296,-23.62104895836461,-46.60452504454957
4297,-23.628119663194667,-46.601813250000006
4298,-23.62719963558197,-46.600227
4301,-23.621224452680465,-46.63310291035259
4302,-23.62187458006812,-46.63722236955391
4303,-23.6246113760748,-46.636589823619374
4304,-23.62705813474524,-46.63629567089849
4305,-23.628807393415705,-46.634178999653756
4306,-23.63062469608748,-46.63556153941368
4307,-23.63075055467712,-46.64331767136517
4308,-23.645853174546076,-46.64046157067274
4309,-23.645530408352762,-46.64088830114538
4310,-23.63233944240868,-46.64041763696694
4311,-23.63239436496629,-46.63796673723239
4312,-23.63259776019966,-46.63131818541166
4313,-23.637082163200326,-46.638930051690814
4314,-23.63582628781236,-46.63534633596862
4315,-23.63569182600555,-46.62856488464982
4316,-23.638745096024056,-46.63507334984706
4317,-23.64343065779897,-46.63309128518663
4318,-23.645115283368952,-46.63657593075192
4319,-23.64742980183505,-46.636862437417015
4320,-23.64900162698364,-46.636603250620375
4321,-23.647608650839402,-46.64370205252754
4323,-23.654574670552254,-46.639899465301006
4324,-23.653652752149583,-46.63734372355594
4325,-23.66457103166774,-46.63721643712963
4326,-23.65903891659933,-46.63536141859676
4327,-23.66310691086551,-46.632727687814125
4328,-23.66464988934893,-46.63580502314515
4330,-23.657210041217024,-46.646919069264584
4331,-23.658423820705167,-46.64956651333021
4332,-23.6593180999192,-46.64934089064573
4333,-23.66123922814357,-46.64464032930353
4334,-23.661060621977633,-46.63908324244039
4335,-23.66359580322004,-46.63944142437528
4336,-23.66542820927345,-46.64478972519701
4337,-23.665173071743915,-46.64681049965375
4338,-23.669776341652767,-46.64614252481897
4339,-23.667724361922197,-46.640865846384884
4340,-23.66814320388937,-46.63992224868714
4342,-23.635600186796648,-46.64931589716662
4343,-23.63557511518264,-46.64637939543539
4344,-23.6375087529863,-46.645845459201325
4345,-23.637861911737566,-46.642756530792184
4346,-23.64036523446758,-46.651171408203
4347,-23.642389593109858,-46.64799656869981
4348,-23.645510349991305,-46.65044324639332
4349,-23.6485793237636,-46.648231427981955
4350,-23.645044325422703,-46.653334216140564
4351,-23.645743496393322,-46.65446468033357
4355,-23.63365447419065,-46.65761251131052
4356,-23.63668094171619,-46.65945394740565
4357,-23.636242246465432,-46.65415147446478
4358,-23.639757563838053,-46.65764165126377
4359,-23.640317905635058,-46.65511449531155
4360,-23.640866019392615,-46.66340019882084
4361,-23.643620067718864,-46.66251227546312
4362,-23.64559614767141,-46.668575716414686
4363,-23.647468222589325,-46.66668753595122
4364,-23.65038819317328,-46.670710499451744
4365,-23.674393992186875,-46.64276902169393
4366,-23.667759659732216,-46.65288366333888
4367,-23.651177950602985,-46.66702857657015
4368,-23.65539680441484,-46.66648759469597
4369,-23.655796585348234,-46.66219284791385
4370,-23.649702664273143,-46.66135284322182
4371,-23.64847556203471,-46.65843988037396
4372,-23.648070614490145,-46.65729694001861
4373,-23.65372998515491,-46.66006911642339
4374,-23.65129721306904,-46.655264309885126
4375,-23.655579117644074,-46.65779437352013
4376,-23.653783319464424,-46.65540391020836
4377,-23.653046451569615,-46.65199300943506
4378,-23.650310817935207,-46.66057387483404
4379,-23.656467091861757,-46.65669813634658
4381,-23.655403781839745,-46.66654154703108
4382,-23.655566608661765,-46.66403821565007
4383,-23.658772452680463,-46.66050562101103
4384,-23.660272162920535,-46.65937363496159
4385,-23.66468707052813,-46.656522209547575
4386,-23.66361325867046,-46.65549658214558
4387,-23.662874933666103,-46.65146619525076
4401,-23.66797013336027,-46.66485322113221
4402,-23.666952436126977,-46.66251734853421
4403,-23.67261874111415,-46.66075368726787
4404,-23.668775025535226,-46.65798477768482
4405,-23.67363493259273,-46.65694572839605
4406,-23.67059080460501,-46.654251709575554
4407,-23.671069673191415,-46.65151161407647
4408,-23.674029322926874,-46.650082234886455
4409,-23.676591892449082,-46.65111680371558
4410,-23.67986650706943,-46.6485247712324
4411,-23.677966132390882,-46.64379599502333
4412,-23.67434034693288,-46.64539100258188
4413,-23.670466252420766,-46.6379946880374
4414,-23.67244628937346,-46.63896783433648
4415,-23.674179585210922,-46.635109740569135
4416,-23.67707691257429,-46.63874602039934
4417,-23.679765754919547,-46.63353285651217
4419,-23.68237005467713,-46.64065564047007
4421,-23.689593337797163,-46.63959718283276
4423,-23.68549045628714,-46.635382377604
4424,-23.687020225921877,-46.639778765627014
4425,-23.68568220693617,-46.64313696269648
4426,-23.684948999999992,-46.64578667640258
4427,-23.68078960644007,-46.65225170413756
4428,-23.681464159303808,-46.65465295861912
4429,-23.678835800061044,-46.6613026917883
4430,-23.69050590779598,-46.648408148493814
4431,-23.68815946947312,-46.654709625872776
4432,-23.68524848320735,-46.66316801345588
4433,-23.685032698360807,-46.65796230619306
4434,-23.6837778373536,-46.6665130576161
4436,-23.671087077846423,-46.67277056973856
4437,-23.67193455467713,-46.67575692663513
4438,-23.676313138496155,-46.67010280274346
4439,-23.68039899708581,-46.668303711523386
4444,-23.689023543842755,-46.68772420481572
4445,-23.682421739656107,-46.68529356425641
4446,-23.687132982514854,-46.683480751082215
4447,-23.68568903634656,-46.6808449580892
4448,-23.750898087249457,-46.70457604995271
4455,-23.679596456705504,-46.679634324730216
4456,-23.68628969663574,-46.67818540310198
4457,-23.689878956979623,-46.67581296370386
4458,-23.68759312461769,-46.67293135206879
4459,-23.693661817098494,-46.67260562039064
4460,-23.69199803274857,-46.67411873397195
4461,-23.690506322090158,-46.67948403830283
4462,-23.6944752328611,-46.665917006535565
4463,-23.69470799694157,-46.66174078948579
4464,-23.69761049845985,-46.65766431076813
4466,-23.690363499999933,-46.65961730099997
4467,-23.694318528867775,-46.64749020119007
4468,-23.69120844240868,-46.664946057043046
4469,-23.69253574854291,-46.66845201832185
4470,-23.71192381265509,-46.65445289064573
4472,-23.696475206411023,-46.639129208369646
4473,-23.701968529834417,-46.64904711685606
4474,-23.700316160568242,-46.64273609631975
4475,-23.701083621703503,-46.63538133619679
4476,-23.70784987755729,-46.62732297983615
4477,-23.71607229946912,-46.638346752428845
4479,-23.660234310548965,-46.720390214236446
4501,-23.585264141515296,-46.6635711394305
4502,-23.58348453497028,-46.6636759169599
4503,-23.583528,-46.66691628902608
4504,-23.58477580460501,-46.66548523480866
4505,-23.591287022297223,-46.672595400008035
4506,-23.59206645406545,-46.67277377797328
4507,-23.58725271876032,-46.66741468039433
4508,-23.589042915344248,-46.67013533250615
4509,-23.59144049819666,-46.67100192576026
4510,-23.59407842460064,-46.67014161920767
4511,-23.595744284898167,-46.66982772224307
4512,-23.596560108786313,-46.667406337627725
4513,-23.59711090938925,-46.67142921080266
4514,-23.60099298723238,-46.671576637933555
4515,-23.602085916180968,-46.66627721169717
4516,-23.604017585645718,-46.669951512132904
4517,-23.6059716747072,-46.673582894108186
4518,-23.60908358197097,-46.67391661611184
4520,-23.601835375902223,-46.66861371440935
4521,-23.60021874741772,-46.66401204050647
4522,-23.598193374650556,-46.6623585
4523,-23.603608990016674,-46.666812006665104
4524,-23.60521716180968,-46.66632059492754
4530,-23.57953269109581,-46.67342315667378
4531,-23.58160220386343,-46.677545491949914
4532,-23.582918378296498,-46.67496276706677
4533,-23.58368439980668,-46.67784699708581
4534,-23.58451860727678,-46.67425548903572
4535,-23.590525679280493,-46.675113021582305
4536,-23.58164680045008,-46.681081131915015
4537,-23.593334512359547,-46.67709282569684
4538,-23.58838403941368,-46.68094944546711
4542,-23.587390665560594,-46.67776607576894
4543,-23.590174732893963,-46.682324182901496
4544,-23.591642228417697,-46.676859849774964
4545,-23.595937548574618,-46.67562626276761
4546,-23.598098837223695,-46.6804882216948
4547,-23.597783014715176,-46.68451537385309
4548,-23.599128562582976,-46.68366069885745
4549,-23.602158487232387,-46.67741201664842
4550,-23.60354562447347,-46.67911888911653
4551,-23.594790614490144,-46.68734844546709
4552,-23.593555902851712,-46.68545650194757
4553,-23.605544631608005,-46.67877537720266
4555,-23.611942262669675,-46.67762913638176
4556,-23.61333417707312,-46.67844946225976
4557,-23.603134442682812,-46.682875024626384
4558,-23.60263197169481,-46.685679333746926
4559,-23.613093723007673,-46.68033203170984
4560,-23.610773776848088,-46.681466354146245
4561,-23.609776751457098,-46.68410003531652
4562,-23.609962330284464,-46.68740702469851
4563,-23.611785076605667,-46.68473664619999
4564,-23.612970792399995,-46.68524138204741
4565,-23.61060491341101,-46.68962955773556
4566,-23.61304238357661,-46.68571113142702
4567,-23.612431913411,-46.69071017069648
4568,-23.612528284205684,-46.687730940331214
4569,-23.60830193060769,-46.68893341479599
4570,-23.602198065497173,-46.690049191494005
4571,-23.604240981678146,-46.69375919947782
4575,-23.608243330832728,-46.69434984901035
4576,-23.612040607276786,-46.69375334984707
4578,-23.607606880204433,-46.69723022273188
4580,-23.61985360338164,-46.684769197328215
4581,-23.62051043574358,-46.68695642659697
4582,-23.61915890822401,-46.689833478071456
4583,-23.61763850581942,-46.6964141304333
4601,-23.618004359974627,-46.68016645060298
4602,-23.623565741329536,-46.68259597730685
4603,-23.618984493768394,-46.676853961843456
4604,-23.619354097697492,-46.67682511476428
4605,-23.618866932270187,-46.67503327629983
4606,-23.620053567444735,-46.67463560019333
4607,-23.620203000000004,-46.67352337058372
4608,-23.62449054286501,-46.6742413552571
4609,-23.621751785734883,-46.67252183097696
4610,-23.6246090291419,-46.672592120664774
4611,-23.62306305107045,-46.669937432555265
4612,-23.622772136065304,-46.66324259804372
4613,-23.6195253805182,-46.66580285507016
4614,-23.617240155981307,-46.67192483201569
4615,-23.62209977852152,-46.66844134194124
4616,-23.62057117374448,-46.67296008090483
4617,-23.62274606105376,-46.67133741732884
4618,-23.619779926178616,-46.67680992762547
4619,-23.62336404599989,-46.675886964539245
4620,-23.62523291035258,-46.674713756756766
4621,-23.628985459893823,-46.677640551741405
4622,-23.63162914044798,-46.676523153211335
4623,-23.634826366611595,-46.67438466435051
4624,-23.62762049278664,-46.66940878975994
4625,-23.627905024494726,-46.66627006768282
4626,-23.63618194345453,-46.67001584628181
4627,-23.638567250977317,-46.67336754914051
4630,-23.63285826755726,-46.66265704065442
4631,-23.631687125728547,-46.66440859838998
4632,-23.632546610046745,-46.66545443599321
4633,-23.63480488703906,-46.66506543872988
4634,-23.63852562753189,-46.66692240036927
4635,-23.64090150541207,-46.67070319123862
4636,-23.637622990401788,-46.67715132912534
4637,-23.63072699639332,-46.68180116111719
4638,-23.63224377407813,-46.685288273385645
4639,-23.635855634197,-46.68546714669047
4640,-23.636223675962277,-46.68145676998096
4641,-23.63936975214958,-46.68668023535694
4642,-23.641422286427378,-46.68809631672056
4643,-23.645557008226795,-46.684182827869584
4644,-23.645618663040302,-46.6847924044757
4645,-23.64632811407178,-46.67910854003406
4646,-23.642688415762603,-46.67610268401235
4647,-23.64792204662705,-46.67782151096426
4648,-23.650786901610022,-46.674253686926555
4649,-23.65514612864274,-46.67241473179031
4650,-23.657622401610013,-46.67712626894223
4651,-23.657930186089494,-46.67098679954124
4652,-23.662415184171948,-46.667719883494605
4653,-23.663750538908864,-46.67418224947539
4654,-23.6605169411794,-46.67676509178181
4655,-23.66210031015926,-46.67116825632992
4657,-23.66743249016353,-46.67387563890922
4658,-23.669648743644444,-46.668572050645054
4660,-23.670868604534427,-46.6795114173348
4661,-23.667921785734887,-46.678596063099626
4662,-23.656039836257076,-46.693492622670135
4663,-23.652750970858094,-46.68352815987644
4664,-23.65618050458763,-46.68360380510484
4671,-23.65890236081135,-46.69178753635527
4672,-23.66108005689883,-46.6990839873045
4673,-23.66365603205609,-46.6949323940504
4674,-23.663908927837724,-46.68821032664167
4675,-23.66310812738766,-46.69017589786705
4676,-23.670241218708505,-46.68608015306711
4677,-23.668435468622988,-46.68266929704541
4678,-23.66784821426511,-46.68055783596861
4679,-23.67404219464919,-46.68126075770384
4685,-23.664632584511523,-46.690879222863444
4686,-23.666856930477785,-46.690077517008994
4688,-23.6663745925616,-46.69163928781234
4689,-23.67037050929084,-46.691595047045396
4690,-23.67275825947066,-46.69313175256045
4691,-23.674579056754595,-46.69044388523572
4692,-23.674558178481764,-46.686782487455915
4693,-23.6782431776101,-46.69063152744468
4696,-23.66957226360656,-46.70165833324837
4701,-23.637970235363724,-46.69668707326946
4702,-23.63297522592187,-46.69281330544174
4703,-23.620910808644382,-46.69170647537361
4704,-23.62374339384839,-46.68876046127881
4705,-23.62112665860704,-46.69487257715392
4707,-23.62635880045008,-46.69085844060534
4708,-23.62961423397921,-46.69207952654928
4709,-23.6301135246985,-46.69436824777405
4710,-23.62690341104508,-46.69559922967277
4711,-23.629258037191985,-46.70050919903032
4713,-23.629986041635384,-46.70113749347913
4714,-23.632693819034685,-46.69920494532286
4715,-23.63260554454957,-46.700247525809345
4716,-23.63270565583707,-46.7019838188836
4717,-23.63140357211411,-46.70445659755325
4718,-23.632173161945047,-46.70392937454557
4719,-23.63265457868313,-46.707887797939904
4720,-23.63618675881468,-46.70375881373568
4721,-23.64001629649198,-46.70034578198398
4722,-23.64073799101812,-46.704136821565626
4723,-23.645294006810566,-46.712912793322154
4724,-23.645010746284946,-46.71067613951645
4725,-23.643365244099506,-46.70497260935426
4726,-23.63608005976541,-46.71209825910773
4727,-23.642323098926596,-46.71381150797795
4728,-23.63825018984074,-46.71391481127011
4729,-23.638131236853525,-46.71732431482464
4730,-23.6417897855114,-46.72035968306572
4733,-23.63665699295384,-46.69477973651988
4734,-23.639281246366018,-46.696569706011346
4735,-23.642954790178287,-46.69760290788312
4736,-23.644718990142863,-46.69705804390236
4737,-23.642298201906875,-46.69539527799304
4738,-23.642366966558924,-46.69462788995325
4739,-23.64606352553522,-46.69776149548297
4740,-23.63982264363205,-46.68959800069248
4741,-23.651009112977306,-46.69859609775639
4742,-23.650829958364618,-46.699418693029045
4743,-23.65320642936757,-46.703485273241405
4744,-23.65672749796526,-46.70701941000634
4745,-23.657751444454682,-46.70644334481737
4746,-23.658273817372624,-46.70840767187887
4747,-23.65544886740434,-46.69529024779209
4748,-23.651804687344907,-46.69009337787813
4750,-23.647583860118864,-46.70487937545656
4751,-23.6520791246177,-46.70775749354821
4752,-23.653294925811004,-46.71227941222804
4753,-23.65570087538231,-46.7137883288995
4754,-23.65157360560334,-46.711594058283794
4755,-23.647535161809685,-46.71469395045875
4756,-23.64651616616781,-46.71908044463038
4757,-23.650944044215112,-46.719225593160964
4760,-23.663572601578302,-46.715708208090476
4761,-23.662661269778955,-46.71764002553522
4762,-23.66502520956191,-46.72036106007282
4763,-23.66965348404407,-46.71946743381032
4764,-23.671294595620022,-46.71412404302038
4765,-23.67330384846209,-46.71103926963472
4766,-23.671522948929557,-46.70910286607713
4767,-23.677236492642415,-46.7063391978187
4768,-23.6721764074384,-46.71235296003805
4770,-23.680597463500508,-46.71528574493621
4771,-23.68142917208145,-46.7121007456287
4772,-23.68540724562871,-46.71502297446477
4773,-23.6822608395753,-46.70923278420569
4774,-23.684907536026927,-46.70674624056494
4775,-23.685554996667445,-46.7002358225085
4776,-23.684727059120526,-46.70286168971084
4777,-23.694805314876803,-46.698453903759585
4778,-23.632233590339897,-46.70564659325408
4779,-23.660234310548965,-46.720390214236446
4781,-23.68766510297761,-46.70599452331351
4782,-23.69066643075192,-46.70396091563272
4783,-23.69453660893589,-46.70561679843038
4784,-23.690547587281475,-46.710893011108496
4785,-23.693713323619363,-46.71053597641233
4786,-23.70255312086678,-46.70516338441334
4787,-23.697555978071456,-46.70740169532287
4788,-23.703558653067105,-46.71030268942239
4789,-23.70633793477696,-46.70863558816163
4792,-23.701569029834396,-46.70290016062672
4794,-23.619335723078105,-46.70011047560047
4795,-23.670202510820037,-46.703827556336236
4801,-23.711458011388057,-46.69898054021886
4802,-23.71002622730685,-46.70583928140588
4803,-23.716282659759713,-46.70835092790985
4805,-23.71505327699232,-46.70370406549717
4806,-23.711404138496157,-46.702678067790984
4807,-23.714227624473462,-46.69775241465175
4808,-23.71410366694557,-46.70460419608747
4809,-23.71710977251564,-46.69408979728746
4810,-23.711333898695827,-46.69740791548847
4811,-23.710480019706846,-46.6935698288995
4812,-23.713992186024687,-46.68758115736629
4813,-23.72038267000399,-46.6869750424
4814,-23.724974419931872,-46.68150371634259
4815,-23.70450980107326,-46.691358379969934
4816,-23.705487716975696,-46.68608955675459
4820,-23.73643336886144,-46.68718903926945
4821,-23.72506469025751,-46.6879344117625
4822,-23.733611381903177,-46.690567564804674
4823,-23.72477977651406,-46.69482920566675
4824,-23.729510824228065,-46.694221287119866
4826,-23.722534875930563,-46.71124866847477
4827,-23.7214351157309,-46.70162370330085
4828,-23.725786762002997,-46.70430370958066
4829,-23.730813408823373,-46.70917791978764
4830,-23.73148707799065,-46.70122864191056
4831,-23.735241482096495,-46.71373259831787
4832,-23.73455503572769,-46.71571036886143
4833,-23.74346109345541,-46.70656406387475
4835,-23.7371690224768,-46.70465084892092
4836,-23.744095464587904,-46.71045166318309
4837,-23.742322224392662,-46.70476952546309
4840,-23.755564844018693,-46.682765544405335
4841,-23.73842479961335,-46.689274458855095
4842,-23.744550009160392,-46.68553849538808
4843,-23.742815133778624,-46.69509635899897
4844,-23.751612586733216,-46.70258286371697
4845,-23.750082770603264,-46.694735764125035
4846,-23.755138973628046,-46.6814205614007
4847,-23.75487134012019,-46.69716223071151
4848,-23.735277932555256,-46.679239087079466
4849,-23.743185978071452,-46.66672816763806
4850,-23.750982309048418,-46.678867884399004
4851,-23.75249495337296,-46.66718025
4852,-23.761365854470515,-46.6725236739463
4853,-23.770589905806933,-46.67693119758985
4854,-23.772253306682487,-46.6906571471697
4855,-23.765971228420486,-46.684847665764494
4856,-23.77255875590049,-46.694941738974634
4857,-23.7836170269202,-46.68390147737895
4858,-23.77213195781635,-46.71397453719197
4859,-23.766371727999346,-46.704363983207344
4860,-23.762949805356286,-46.71424099083906
4862,-23.761768101722538,-46.69939959769749
4863,-23.76209348772031,-46.70835644171619
4864,-23.76908468803739,-46.72165015628691
4865,-23.784639580068127,-46.71206849125741
4866,-23.790249,-46.722174191534336
4867,-23.600988393012635,-46.739175636717036
4870,-23.75241207799065,-46.75526504252841
4872,-23.78971395534368,-46.63954935967452
4875,-23.822952506520867,-46.68576630718214
4877,-23.87824164416898,-46.642806869492055
4880,-23.79392113055156,-46.73716900916093
4881,-23.786086997778305,-46.72743524999999
4882,-23.808783734283725,-46.76460754507144
4883,-23.811270516792643,-46.7375025756247
4884,-23.82115989286744,-46.70616237523807
4886,-23.83466195635672,-46.75797448479168
4888,-23.8278053186277,-46.73660158575228
4890,-23.82896458438162,-46.72479522884946
4891,-23.840502572569157,-46.735925025060894
4892,-23.849297838464675,-46.71449867669721
4893,-23.87984193461687,-46.73161918804371
4894,-23.86713039494492,-46.75438807354724
4895,-23.859884771398747,-46.710730936821236
4896,-23.85352574856289,-46.70673370760001
4897,-23.869283681269245,-46.67636165561091
4898,-23.68352696863639,-46.69424833902704
4902,-23.6702006433949,-46.7333937573306
4904,-23.673348849010363,-46.73815576617229
4905,-23.675377293455696,-46.74879733190458
4906,-23.67555010851753,-46.75526493949448
4909,-23.67860231164113,-46.73612764030052
4910,-23.68489776266172,-46.73795003722064
4911,-23.680082216616704,-46.74221039194819
4912,-23.68232818432879,-46.744925752149584
4913,-23.67764472176377,-46.74076273584741
4914,-23.67665463558197,-46.74473983236194
4915,-23.681769622167465,-46.74779314765709
4916,-23.684572419787642,-46.75002079206108
4917,-23.687318259445505,-46.74703338377863
4918,-23.69056136496629,-46.74476519816495
4919,-23.692427077990644,-46.76232096003805
4920,-23.691781796642886,-46.75776560033515
4921,-23.69451583301893,-46.7520095903399
4922,-23.689002904162685,-46.737642251212186
4923,-23.70514317707313,-46.74813644685207
4925,-23.706296308904182,-46.74536251442673
4926,-23.70259538779725,-46.741261209201326
4928,-23.70697998689567,-46.73291505005601
4929,-23.700138272080963,-46.765706128368606
4930,-23.68010188703905,-46.75249523910784
4931,-23.680255987232393,-46.75533886962604
4932,-23.67985377948814,-46.76042339384939
4933,-23.682424427125028,-46.76479066687345
4935,-23.68435221315426,-46.76710978025275
4937,-23.685943306408348,-46.76084159443707
4938,-23.690105348221046,-46.76239544095158
4939,-23.69046487898898,-46.77038819302906
4940,-23.688148306134224,-46.76600249999999
4941,-23.701088979264284,-46.776165644082354
4942,-23.697707898695825,-46.77629974078128
4943,-23.704923604218365,-46.789295537191975
4944,-23.71138536358131,-46.77680425260443
4945,-23.716265842699904,-46.779741816504696
4947,-23.720162343326205,-46.75862490966008
4948,-23.70288935568095,-46.78275271694661
4949,-23.71895102109181,-46.76919732722604
4950,-23.72371730305544,-46.763656797463774
4951,-23.727891593946588,-46.758095281743365
4952,-23.720805244273127,-46.75269891512405
4953,-23.722324381210683,-46.75496650145709
4955,-23.762182976686475,-46.68431269025911
4960,-23.72904848681403,-46.78932661296093
4961,-23.7367709686364,-46.79201380460501
4962,-23.73681728027389,-46.7822025
4963,-23.749132050665143,-46.77768
4965,-23.73768458840666,-46.7785405392805
4966,-23.72743145550823,-46.78282942461436
5001,-23.530748386058114,-46.665777414940216
5002,-23.52935846169716,-46.67335068741703
5003,-23.527835381903177,-46.676171398291785
5004,-23.532860441023693,-46.66665820552254
5005,-23.532945564386317,-46.67122653830283
5006,-23.53514280030584,-46.66744623925207
5007,-23.534708773241405,-46.67212173723239
5008,-23.53411141020836,-46.67574738273989
5009,-23.53547290341335,-46.67651274735993
5010,-23.53541048528481,-46.67934826082005
5011,-23.53480153872119,-46.68307796655892
5012,-23.539001322782646,-46.679177249999995
5013,-23.53719996058631,-46.66777864224706
5014,-23.535725348187967,-46.66877894538065
5015,-23.535378806278445,-46.67067326270981
5016,-23.537953581741565,-46.676746268105504
5017,-23.53711828600254,-46.67951739648086
5018,-23.53472022508515,-46.68053649402738
5019,-23.53489499125743,-46.6824793493566
5020,-23.535606572854764,-46.68472720344507
5021,-23.533093897022383,-46.68496714377629
5022,-23.53647224656702,-46.68943730505156
5023,-23.533286233005327,-46.687133428732224
5024,-23.52979656425642,-46.68540712254022
5025,-23.53378003358529,-46.68881551901435
5026,-23.530569359974628,-46.68942736678396
5027,-23.531530411045072,-46.69211066166544
5028,-23.538250300978163,-46.693512379753585
5029,-23.54161974305167,-46.6941546481378
5030,-23.54267275659299,-46.69165148889148
5033,-23.52290416763806,-46.6847631566738
5034,-23.51189879156327,-46.682527756592975
5035,-23.509745515161256,-46.71949864970519
5036,-23.515121163397616,-46.6920205402504
5037,-23.51359147293557,-46.68911443585125
5038,-23.51277269538809,-46.69933681540053
5040,-23.513044782016742,-46.708210710684256
5041,-23.523895623925213,-46.69355152553521
5042,-23.52499848542905,-46.68879094463037
5043,-23.525522748542897,-46.69081351442672
5044,-23.529933,-46.69441048557327
5045,-23.529223286833325,-46.696666198929556
5046,-23.534606379425455,-46.697725545318036
5047,-23.525828958090486,-46.69987654551619
5048,-23.5312944253419,-46.69737025813905
5049,-23.52831718040568,-46.70058841081742
5050,-23.522897863574148,-46.70296156549717
5051,-23.52713237607479,-46.696482
5052,-23.534084958559667,-46.70088217208146
5053,-23.53714491257428,-46.69940001193089
5054,-23.538458147931227,-46.70349956924807
5055,-23.532649548848752,-46.70311969879806
5056,-23.53225114432454,-46.70519127047144
5057,-23.53179206858425,-46.70718056924807
5058,-23.531134683319863,-46.70859232764441
5059,-23.532949204830043,-46.71185022300767
5060,-23.52734756924808,-46.70749703834674
5061,-23.540340462988322,-46.70333121201503
5065,-23.518941705522536,-46.696111121135374
5068,-23.516662316287373,-46.702130676433555
5069,-23.515247051344552,-46.7056901241993
5072,-23.520051615988063,-46.702848986814026
5073,-23.5236113119626,-46.705936002221705
5074,-23.51990573244274,-46.70568894525075
5075,-23.522959707744235,-46.708420054677134
5076,-23.52230105084266,-46.7103514804192
5077,-23.52231654626747,-46.716370737757856
5078,-23.52215859825993,-46.717015161442276
5079,-23.52576722592187,-46.712376020543545
5080,-23.527362288762085,-46.71456329895392
5081,-23.530086,-46.71402235861829
5082,-23.52960791421108,-46.71763625111085
5083,-23.532766679987308,-46.71703375152319
5084,-23.529757075768945,-46.72205144073524
5085,-23.52696469582767,-46.72793527006743
5086,-23.52434325535224,-46.72868832219244
5087,-23.524397749035572,-46.72388633228983
5088,-23.522398983625713,-46.72364097688357
5089,-23.521075957123863,-46.72639755467712
5092,-23.51461967277396,-46.71545531729608
5093,-23.51568992905235,-46.72076924302413
5094,-23.51134774001813,-46.718954982827924
5095,-23.51244145268046,-46.717852112268446
5101,-23.50554239217496,-46.72792414377629
5102,-23.51806908243405,-46.75078278267647
5103,-23.51451056744474,-46.75321933826244
5104,-23.51387238995325,-46.756450477501645
5105,-23.512198677635716,-46.75713960317963
5106,-23.5101232872641,-46.73693215702003
5107,-23.519198224438007,-46.75081863596655
5108,-23.5091525291419,-46.75830543102605
5109,-23.50430048626577,-46.76017319761669
5110,-23.488653185671463,-46.74912000305842
5112,-23.507492716413573,-46.740654138504965
5113,-23.50431148870654,-46.74871162243042
5114,-23.508042888842397,-46.75053408068849
5115,-23.510272704411683,-46.750542011310515
5116,-23.513427,-46.74672354149116
5117,-23.513547210956297,-46.74387279433323
5118,-23.5159515,-46.74546317457728
5119,-23.495705379335227,-46.73539465549082
5120,-23.51171862447346,-46.73188350000001
5121,-23.507644473498154,-46.730193289543585
5122,-23.503718105747573,-46.73464020843673
5123,-23.505353948092832,-46.73740608451152
5124,-23.50398193450282,-46.7360167322985
5125,-23.50315228434991,-46.739315852849884
5126,-23.50194772122327,-46.741152929085914
5127,-23.49763500721336,-46.73860298473655
5128,-23.49216932445609,-46.74028835046745
5131,-23.49928452178431,-46.74389213543775
5132,-23.5055134118818,-46.7445415500895
5133,-23.491849557591326,-46.744600472366805
5134,-23.48743560782504,-46.74470188343238
5135,-23.49451801082004,-46.748310433521866
5136,-23.501101600250138,-46.748662957398
5138,-23.485253731057767,-46.73411899985577
5139,-23.48918498167814,-46.73164590889549
5140,-23.489899024842735,-46.727202224464776
5141,-23.49167328408913,-46.72993866749384
5142,-23.493841438802,-46.72708695586877
5143,-23.49578950916093,-46.72331765837636
5144,-23.49979812392521,-46.722537325004346
5145,-23.499284946289492,-46.72508249978367
5154,-23.49342731903174,-46.749429681920546
5157,-23.485619716389493,-46.76354020740731
5158,-23.490051039832046,-46.75869169747245
5159,-23.48794648043739,-46.75216196197128
5160,-23.48233574049281,-46.75994279156328
5161,-23.48534217599285,-46.75604655723389
5162,-23.47712268665241,-46.75770922737961
5163,-23.481130431314504,-46.76468243137229
5164,-23.47416525950717,-46.757006774770616
5165,-23.481798490839072,-46.75298226318597
5170,-23.48345347960067,-46.74812785567545
5171,-23.476720610046748,-46.74961071572221
5172,-23.48115767277396,-46.74317889286744
5173,-23.479454807937564,-46.74198429482371
5174,-23.47483179378497,-46.742167948381294
5175,-23.475571323619363,-46.73846305536961
5176,-23.468281729981246,-46.74766593228113
5177,-23.46982336219633,-46.751084578611014
5180,-23.45877839217496,-46.74972405161871
5181,-23.455598291144913,-46.74431828608442
5182,-23.450434910352584,-46.746354609902525
5183,-23.452004179294818,-46.75244679369597
5184,-23.44280896641469,-46.75883897100233
5185,-23.44199696502972,-46.74769478711986
5186,-23.43436481848348,-46.75043925
5187,-23.445098475993984,-46.75019230307579
5201,-23.405748496249085,-46.74144558280015
5202,-23.402390029141902,-46.74746654716846
5203,-23.407830000000004,-46.74640626810553
5204,-23.40739053524441,-46.75561810302191
5205,-23.409669929192624,-46.7643433148768
5206,-23.404694473885325,-46.7628010299911
5207,-23.39851248542905,-46.75296145268046
5208,-23.41316422370017,-46.754633459065005
5209,-23.41267059075826,-46.74921407245466
5210,-23.41797472856193,-46.75246250575626
5211,-23.409598353453752,-46.759466779416044
5212,-23.41540337968148,-46.74731033073395
5215,-23.391854315635932,-46.73480015299605
5220,-23.40181885869935,-46.72426314651686
5223,-23.409485863725543,-46.73972497779732
5224,-23.41306019132984,-46.74366315120095
5240,-23.43007833527612,-46.76367547085809
5263,-23.525194843586434,-46.58140418964288
5264,-23.445669244137875,-46.7851093809634
5265,-23.451538572526204,-46.790571544059105
5266,-23.44658684984708,-46.79973117346643
5267,-23.440714973628047,-46.79241879919499
5268,-23.436174122396,-46.78957768581569
5269,-23.4334199074384,-46.78940004775133
5270,-23.55198599447188,-46.638477170919
5271,-23.42900540716427,-46.79412511389032
5272,-23.443150138496165,-46.80040484933861
5273,-23.43864076898504,-46.80616658160571
5274,-23.439025274780704,-46.80116359780031
5275,-23.427053495189206,-46.80583637257089
5276,-23.487530951877268,-46.42231712713548
5279,-23.5427985,-46.577862
5280,-23.436537700386648,-46.77251091243872
5281,-23.43262474619159,-46.778089766694926
5282,-23.438306598389985,-46.77939360935426
5283,-23.43399823234727,-46.775059725432406
5301,-23.53387461226844,-46.72186149112752
5302,-23.53085072690282,-46.7265216068441
5303,-23.527924479340868,-46.730473641294765
5304,-23.524314474609003,-46.73512448418828
5305,-23.53179960312184,-46.72884820677102
5307,-23.52229703163291,-46.7434317336257
5308,-23.52518536721665,-46.74078264735431
5310,-23.54333638911653,-46.73492199042071
5311,-23.52865571301003,-46.74063816847478
5312,-23.52870815044137,-46.7358557592187
5313,-23.53002497002137,-46.73503192284607
5314,-23.53007357648815,-46.736540859686166
5315,-23.53373316675405,-46.731321848462095
5316,-23.534948702752576,-46.73391596448145
5317,-23.540834037889276,-46.73318418949327
5318,-23.53585992841907,-46.72887583443941
5319,-23.538147684704846,-46.72715283964742
5321,-23.536893079115835,-46.74595109590847
5322,-23.538806578479704,-46.75183282573579
5323,-23.54578198972822,-46.7517556470945
5324,-23.542546966414697,-46.75665611004675
5325,-23.5392792850424,-46.75843008909915
5326,-23.543463824037723,-46.75768967146108
5327,-23.54563911073924,-46.7573629875065
5328,-23.545359780324866,-46.7564163887125
5329,-23.540699389116536,-46.74440512003007
5330,-23.543166724262765,-46.74831938573563
5331,-23.54471189037161,-46.74889321204342
5332,-23.546191012767615,-46.747817470858095
5333,-23.544563760817045,-46.744130810231376
5334,-23.547968623088487,-46.74674824444575
5335,-23.546969822090155,-46.753610358733866
5336,-23.545104762839728,-46.753558753161016
5337,-23.552230091176618,-46.74940580010383
5338,-23.552815107132552,-46.75007760241502
5339,-23.554642578409013,-46.75639287233822
5340,-23.553929808211688,-46.7559010582838
5343,-23.554169413266777,-46.750069825768946
5344,-23.5534498842691,-46.74577458145309
5345,-23.550242238415358,-46.74492069677997
5346,-23.556643397714872,-46.74501831862769
5347,-23.552298732731195,-46.73898133510208
5348,-23.54656325063351,-46.738736233834004
5350,-23.570691263211867,-46.76349987158115
5351,-23.558637592850065,-46.75544190660168
5352,-23.555998947833032,-46.75834875895891
5353,-23.5606005,-46.75110547557136
5356,-23.563311432245065,-46.75287540445208
5358,-23.57162566763806,-46.750286063838054
5359,-23.57050392062437,-46.744828009435054
5360,-23.565199662228043,-46.743492389075
5361,-23.567014791563267,-46.7484878134918
5362,-23.572579934145338,-46.74082022488314
5363,-23.57318784846209,-46.74706830751919
5364,-23.570563608275823,-46.752094142102834
5365,-23.576215461991918,-46.74741113745742
5366,-23.57650331626808,-46.756800269432716
5367,-23.57293434026779,-46.75509704946049
5368,-23.578603195108116,-46.75211610714565
5369,-23.57055394976627,-46.744693648075454
5371,-23.58359493949449,-46.7541822105142
5372,-23.582343384399003,-46.76317937607479
5373,-23.583853529834393,-46.757785651956254
5374,-23.57850512017429,-46.7599982381269
5376,-23.580714211350916,-46.766878491156696
5379,-23.565872885261644,-46.75331213187032
5381,-23.57192828323906,-46.762112634889476
5382,-23.57477701901435,-46.76280052192855
5386,-23.56510325846277,-46.759476105221
5387,-23.565841361595844,-46.76487570168311
5388,-23.56922556713845,-46.76333196725141
5396,-23.572982504025042,-46.76951325152921
5397,-23.5792914499408,-46.77583222883607
5398,-23.574339429366937,-46.77759147580855
5399,-23.575144221111998,-46.77971035194519
5400,-23.55697378795659,-46.676036393704166
5401,-23.562667602285124,-46.6753428970224
5402,-23.562583397714867,-46.67532815404807
5403,-23.55692771453924,-46.668811414717716
5404,-23.563470525535223,-46.683126487232386
5405,-23.55925330496024,-46.68029661309511
5406,-23.560865387313193,-46.68303686414389
5407,-23.56091199537032,-46.687079402094646
5408,-23.55715386215891,-46.68071234454016
5409,-23.556990551762937,-46.67539729190952
5410,-23.554942102977616,-46.67666835913791
5411,-23.55878284041201,-46.677437256997024
5412,-23.558172999163272,-46.67926044295694
5413,-23.56055818193488,-46.67933343594559
5414,-23.562086259781303,-46.6811179836257
5415,-23.56293266319466,-46.683941558283806
5416,-23.56191348362571,-46.687373973224005
5417,-23.561381503750912,-46.69004974548447
5418,-23.564200159587987,-46.68979979364074
5419,-23.562321535115643,-46.69239999999997
5420,-23.564378239974772,-46.69100536250361
5421,-23.56603738550985,-46.691814064256405
5422,-23.566999190951577,-46.6864829686364
5423,-23.57047052928613,-46.69298197446477
5424,-23.568696895781635,-46.69752830786545
5425,-23.567412551762946,-46.69957998542904
5426,-23.564642605603343,-46.694662234116166
5427,-23.563376360811343,-46.69648174083906
5428,-23.56343016180968,-46.698010401754246
5429,-23.56181186955392,-46.69917055438867
5432,-23.557702463500508,-46.68999416090086
5433,-23.553711,-46.69092526464305
5434,-23.55563325950717,-46.691036539269454
5435,-23.552157363033054,-46.6902280999192
5436,-23.5546760954758,-46.68558508979163
5437,-23.544238839886454,-46.69386227699232
5438,-23.54721208935895,-46.689596743955285
5439,-23.549600242022034,-46.68943299861501
5440,-23.54782830030584,-46.6911710836748
5441,-23.54497777269314,-46.695112066108805
5442,-23.544205155981302,-46.69716415652955
5443,-23.553172896748254,-46.69546610850581
5444,-23.55760888523572,-46.697073039832034
5445,-23.551937653903824,-46.698258263806345
5446,-23.551714807793328,-46.70050103836188
5447,-23.54878541243006,-46.69967902192854
5448,-23.54595089425242,-46.701011231202
5449,-23.54565975076461,-46.7049866076808
5450,-23.548318507487487,-46.706670186161936
5451,-23.54283449431584,-46.70225464071785
5452,-23.54333710130417,-46.708067797939904
5453,-23.542479401452198,-46.70830643060903
5454,-23.5407695468693,-46.70986564377627
5455,-23.540927264917187,-46.71192676803339
5458,-23.54145387925119,-46.7167608622464
5459,-23.556129564112187,-46.70372561082056
5460,-23.550361291159245,-46.71153412908677
5461,-23.54829222453689,-46.71519912906109
5462,-23.558662016374285,-46.704564741531556
5463,-23.55590188703907,-46.70972386525474
5464,-23.550262507213354,-46.71444119248919
5465,-23.5541292760644,-46.715155726210334
5466,-23.551029262277137,-46.71888157763623
5467,-23.54414929994788,-46.71585466195391
5468,-23.53925405551384,-46.715735184219454
5469,-23.541668328102894,-46.72015368069414
5470,-23.54101321171864,-46.72409170956191
5471,-23.53967684678865,-46.72556237191984
5472,-23.549589,-46.718019
5477,-23.55203524220768,-46.722061247013706
5501,-23.57102215986211,-46.70533270710953
5502,-23.570216724625467,-46.70638886343706
5503,-23.57042328534976,-46.70952819732823
5505,-23.56544284041201,-46.70876521402999
5506,-23.562416210658427,-46.70843314126613
5507,-23.566927951878924,-46.71003896008499
5508,-23.56183531095864,-46.72834345745429
5509,-23.570783470858096,-46.711604101260235
5510,-23.572846610972398,-46.70914907806276
5511,-23.57717869441404,-46.70877864102247
5512,-23.583317464741256,-46.71520157008479
5513,-23.582014620318546,-46.71276966858577
5514,-23.58000589814756,-46.713025534422016
5515,-23.580176710514202,-46.71425752770128
5516,-23.58221312531019,-46.718032086040736
5517,-23.584462930896144,-46.722579642247055
5518,-23.586263916180968,-46.7271138455479
5519,-23.58900248320734,-46.73123390175424
5520,-23.597425144119484,-46.74038275955635
5521,-23.598482186332568,-46.74092051655277
5522,-23.59234895809204,-46.73650477477062
5523,-23.59385543191755,-46.740219448057516
5524,-23.596805873742355,-46.74269277359676
5525,-23.60193077055499,-46.75040831009501
5526,-23.601888319320196,-46.74702113336026
5527,-23.598768291536988,-46.752280407438406
5528,-23.59467838703906,-46.75714662059265
5529,-23.593620614490145,-46.751742114634375
5530,-23.576807499026373,-46.716000068768
5531,-23.579526206215025,-46.72308383152521
5532,-23.578369967943907,-46.72372230981303
5533,-23.581390902042703,-46.72370981389584
5534,-23.601756721711617,-46.748095014570936
5535,-23.58344732500435,-46.731394990564944
5536,-23.58878407878894,-46.738588423875
5537,-23.586684522202674,-46.735000388636244
5538,-23.58850449640871,-46.73786979587248
5539,-23.57571639855159,-46.72835266042471
5540,-23.576340592850062,-46.72575042477932
5541,-23.588217141410347,-46.74239664385053
5542,-23.58786119266992,-46.749037803603116
5543,-23.587731419095164,-46.753827125265055
5544,-23.5941962529863,-46.765656838190324
5545,-23.586836228143568,-46.76688013004204
5546,-23.587137864143898,-46.77096248244273
5547,-23.593296048848742,-46.77108499056492
5549,-23.596924850683795,-46.76614676859597
5550,-23.579927519822416,-46.780803891194005
5551,-23.589239253192602,-46.761497473510396
5560,-23.58772800611129,-46.780237728836056
5563,-23.600701016374288,-46.785178317444725
5564,-23.589985452680462,-46.77162414751285
5565,-23.596601874711922,-46.78936516293649
5566,-23.592947857060445,-46.791085054677126
5567,-23.59368382944774,-46.78679342998731
5568,-23.59014791395926,-46.785774887039054
5569,-23.60067050652088,-46.793224236193645
5570,-23.603268055078367,-46.79299038558197
5571,-23.597197463736613,-46.79756643254191
5572,-23.597003930907594,-46.7952472319666
5573,-23.585263747250234,-46.74059246298307
5574,-23.58671158139713,-46.80257714293955
5576,-23.587340805153268,-46.79203581141435
5577,-23.58512562276068,-46.77799049999999
5578,-23.57610555648046,-46.71302688607244
5579,-23.571514000772524,-46.71314008431728
5580,-23.5728869819666,-46.71767682536348
5581,-23.573015641987272,-46.72423921619836
5582,-23.574084072262856,-46.730217722517196
5583,-23.58312540997086,-46.79062496934321
5584,-23.58066432361936,-46.79100203274857
5585,-23.571321407294164,-46.725224629422414
5586,-23.57065005342204,-46.72871946544808
5587,-23.572444337497824,-46.73309060505508
5588,-23.57579152039933,-46.74085825118136
5589,-23.57603481558707,-46.73808765862136
5590,-23.575529332147532,-46.7327920620167
5591,-23.57844283187236,-46.73226399888914
5592,-23.579534982946402,-46.73644455064144
5593,-23.58148080391252,-46.73634233146742
5594,-23.582582396102246,-46.73950588474525
5595,-23.581963400606217,-46.74247077158786
5596,-23.580980182901506,-46.746658309192654
5601,-23.58292853353065,-46.69986106549715
5602,-23.57695362031853,-46.70471236317727
5603,-23.584366846680005,-46.70129950025655
5604,-23.58715716847478,-46.69943944823706
5605,-23.58984034789951,-46.70408756225106
5606,-23.580136739556888,-46.705851370902906
5608,-23.58286399056494,-46.70699769830917
5609,-23.58047535304938,-46.70900761510188
5610,-23.584832601996656,-46.71047107507647
5611,-23.58554690484172,-46.712576728980295
5612,-23.59138822675859,-46.70870478095807
5613,-23.5897008373536,-46.71366797196957
5614,-23.59469011955612,-46.71100820927344
5615,-23.58716301471518,-46.71700714604354
5616,-23.588778771856425,-46.7193565494788
5617,-23.59130323535694,-46.7202509372728
5618,-23.58997479620182,-46.7238383798257
5619,-23.59071191051632,-46.72723253122762
5620,-23.593868612268448,-46.7234325
5621,-23.597607349487824,-46.72307939837617
5622,-23.59874616180969,-46.72456555088322
5623,-23.60018604045464,-46.72662414210282
5624,-23.59632806411219,-46.72821396211552
5625,-23.596642022031364,-46.730701084615305
5626,-23.59433110130417,-46.73373634707711
5627,-23.59488607354725,-46.73279043651211
5628,-23.599912967315266,-46.73096677553522
5629,-23.60349337871486,-46.72941573980033
5630,-23.611277368024705,-46.73720047921481
5632,-23.59955457951985,-46.73574335789715
5633,-23.600021210964584,-46.739053535813
5634,-23.60419945989382,-46.73933198987245
5635,-23.602813454483805,-46.735875170206015
5638,-23.60625118679665,-46.74313493519531
5639,-23.60949202553521,-46.741547206298094
5640,-23.614333413670806,-46.74086838403668
5641,-23.61805733250617,-46.73709603497028
5642,-23.62122930336426,-46.735736280598985
5650,-23.618081432771607,-46.70148427772086
5651,-23.605730354350776,-46.725257159757305
5652,-23.597653971824712,-46.71710905331693
5653,-23.603224651682133,-46.71700687691151
5654,-23.605892947270437,-46.716377349660796
5655,-23.608537837901864,-46.71659724686946
5656,-23.611731590614028,-46.71986062614689
5657,-23.620503939768618,-46.71689793848533
5658,-23.60344231779098,-46.72237317816965
5659,-23.60799251157901,-46.723902883432366
5660,-23.614680162826005,-46.72637263703905
5661,-23.609009834846283,-46.72722785256653
5662,-23.612695134889474,-46.72333450299886
5663,-23.61507389920662,-46.725774587096076
5664,-23.617121667064186,-46.72332269802595
5665,-23.619138492340102,-46.72721547768599
5670,-23.58613746571088,-46.6966755940908
5671,-23.588728376074783,-46.69492449194991
5672,-23.590958029141905,-46.69620871510184
5673,-23.590762225124173,-46.701847388698184
5674,-23.592209029784257,-46.69901887275657
5675,-23.594780075873253,-46.70118448229851
5676,-23.595868197588967,-46.697996695597
5678,-23.598212029964294,-46.70532995796058
5679,-23.60238776894608,-46.70208527448925
5683,-23.60596986150384,-46.70831053566278
5684,-23.60757107576895,-46.70586561532686
5685,-23.606986190951588,-46.70567780474925
5686,-23.60999691743692,-46.70249968454889
5687,-23.6106447147024,-46.70762627338564
5688,-23.61156027187765,-46.70663253289282
5690,-23.61590255037796,-46.70448757299899
5691,-23.61586270552253,-46.70811509700501
5692,-23.61886859520167,-46.70527530189283
5693,-23.62018183764152,-46.702815809043415
5704,-23.62882679156327,-46.72012969862829
5705,-23.625763186248385,-46.7214808148768
5706,-23.62700452803694,-46.724420880425896
5707,-23.64304842630852,-46.72874207522069
5709,-23.618008094783303,-46.741975015119195
5710,-23.608964661117195,-46.74496632001267
5711,-23.61195654870451,-46.74357120024242
5712,-23.62108136044955,-46.72980389621431
5713,-23.62616473022105,-46.73066577615558
5715,-23.62926942576026,-46.73224313390852
5716,-23.630006587844072,-46.733727982226384
5717,-23.63453471994925,-46.73230351442673
5718,-23.6342068215419,-46.735693437839984
5723,-23.641688220930213,-46.73244674355126
5724,-23.62723481387916,-46.7355814949474
5725,-23.624651157654736,-46.73611422557563
5726,-23.62515744809283,-46.740643050225415
5727,-23.627286,-46.73905080544173
5728,-23.631394463226368,-46.739237617304966
5729,-23.63618671595815,-46.73818797377229
5730,-23.636307709129216,-46.74166081399619
5731,-23.640658161117187,-46.7424494164551
5734,-23.626092843590477,-46.74424266279062
5735,-23.627412785734887,-46.749447314399056
5736,-23.634060040106178,-46.74595157555298
5741,-23.61067755628102,-46.74772148265909
5742,-23.610077765353296,-46.75010937023964
5743,-23.612329896049513,-46.753450072162266
5745,-23.61449603766704,-46.75206216007648
5749,-23.61998001852358,-46.74602610935425
5750,-23.615921158203005,-46.74619691548847
5752,-23.61931139217496,-46.75114098029314
5754,-23.620003805441737,-46.754082
5755,-23.621855113509188,-46.75674783319865
5756,-23.624217927145242,-46.75502732473021
5757,-23.62580185900801,-46.76073299999999
5758,-23.62865246530384,-46.763837086242745
5759,-23.63026590091752,-46.76616804662703
5760,-23.63239374200075,-46.76725003948581
5761,-23.635263939768624,-46.766750868028154
5762,-23.640262171663107,-46.7636551133793
5763,-23.643386611720185,-46.76014650039448
5765,-23.62899911157596,-46.7571575326506
5766,-23.631203778536566,-46.753865185149024
5767,-23.63360009186911,-46.76072592783774
5770,-23.648536477927227,-46.75895002553523
5772,-23.639523123925205,-46.755236318137236
5773,-23.63399991037205,-46.75488329877664
5774,-23.63322665245498,-46.75018568082403
5775,-23.63549036090881,-46.7534171529491
5776,-23.636534999848287,-46.74685369025909
5777,-23.64339090813089,-46.74654144601536
5778,-23.641952559707697,-46.752176831743824
5780,-23.64750981764675,-46.751910097697504
5781,-23.65271076279617,-46.76042311638245
5782,-23.65095474271452,-46.766280599082485
5783,-23.645862644598665,-46.76925637333151
5784,-23.62046712294425,-46.761705540510206
5785,-23.62472484485541,-46.76658399042069
5786,-23.63531521653247,-46.77194824646542
5787,-23.62141038746832,-46.75853093880201
5788,-23.632161014152594,-46.77353118331988
5789,-23.647657274929024,-46.77854133228203
5790,-23.64162903497028,-46.78506780243622
5791,-23.646543097697485,-46.78233847960067
5792,-23.64189642842651,-46.777150629061104
5793,-23.63861130786861,-46.77567915495968
5794,-23.641030802177923,-46.7711837186014
5795,-23.64635597362805,-46.77625479067899
5796,-23.65084035137628,-46.77379495965543
5797,-23.655107014244976,-46.772702737996994
5798,-23.657404633200304,-46.76858634901036
5801,-23.646813202608342,-46.73472566680133
5802,-23.66104659769749,-46.725656810015025
5804,-23.6483172917075,-46.73174552524676
5805,-23.653063362196324,-46.73443184881128
5812,-23.655924120592655,-46.73420740702004
5813,-23.654579584237393,-46.73178206127011
5814,-23.65967254731953,-46.73215332667779
5815,-23.66166349083906,-46.73551541988583
5816,-23.667261191788302,-46.73926853941369
5818,-23.66530789869583,-46.73252942790983
5819,-23.66547225590049,-46.73639735581968
5820,-23.6666981626464,-46.74160359977496
5821,-23.66753294171619,-46.751242759160924
5822,-23.662265094302946,-46.752634970499464
5823,-23.663546025535215,-46.75041866985977
5828,-23.66849790118584,-46.74165736925482
5830,-23.669597846754066,-46.74556427803104
5831,-23.67216770677374,-46.74725000141498
5832,-23.672996722315194,-46.7515768066247
5833,-23.67089250180615,-46.75898041993187
5834,-23.67004793757475,-46.75477609991919
5835,-23.649280025468524,-46.75139623841535
5836,-23.645521623925212,-46.737615745628716
5840,-23.64582926894224,-46.74016114738295
5841,-23.645802227306856,-46.74277968151654
5842,-23.649996389260764,-46.74423465454714
5843,-23.651273642770434,-46.736366940605336
5844,-23.65714026755726,-46.74112084248947
5845,-23.65392986594724,-46.7423270306711
5846,-23.65749598251486,-46.74585886809682
5847,-23.654878554532896,-46.749044533094825
5848,-23.65767868986396,-46.75968950859833
5849,-23.652773685541565,-46.75565722807146
5850,-23.658472016374294,-46.75440223584741
5851,-23.663737304605014,-46.75541858396891
5852,-23.666076529141904,-46.75744127622771
5853,-23.65953348182236,-46.75225754593456
5854,-23.661576,-46.76220508159733
5855,-23.662095611431717,-46.76384919689508
5856,-23.65199692785447,-46.784115506835136
5857,-23.656880318348065,-46.780362586459084
5858,-23.66139601986719,-46.776760700259715
5859,-23.667002642874113,-46.76933653101735
5860,-23.664727557382367,-46.76655661494029
5861,-23.67034303355568,-46.76821059616828
5862,-23.667953521784305,-46.76453101540766
5863,-23.677382870938903,-46.765627072398914
5864,-23.67583962212186,-46.76128227789606
5866,-23.678289460730547,-46.76933337523808
5867,-23.67282118122807,-46.76982764141036
5868,-23.66501060560335,-46.77823340915081
5869,-23.677501070358936,-46.771583589639604
5870,-23.68064310268916,-46.7725819561429
5871,-23.68420350874257,-46.77270395282469
5872,-23.68568973466444,-46.77598004801201
5873,-23.689697334206848,-46.77884987831734
5874,-23.698218290034053,-46.78318282431184
5875,-23.69326056895961,-46.781863250072114
5876,-23.697301588063656,-46.79384249639332
5877,-23.692237815713515,-46.790898500836725
5878,-23.68988240924174,-46.78446061990016
5879,-23.68823844325997,-46.79546948473657
5880,-23.686639224698446,-46.78882213318213
5881,-23.68273281991734,-46.77996123313523
5882,-23.6805589589272,-46.78391203642737
5883,-23.676345681372293,-46.77941080252753
5884,-23.671511696087475,-46.77596635544816
5885,-23.67451383099033,-46.78553450225598
5886,-23.68289177185642,-46.79349075
5887,-23.677722557102022,-46.797701489872445
5888,-23.673447217563023,-46.79242329553653
5889,-23.669973256592982,-46.791829692062436
5890,-23.666188564625735,-46.787843257230506
5891,-23.66345071357261,-46.791926797664885
5892,-23.6615177939778,-46.78642286081134
5893,-23.657961568308068,-46.79063719480166
5894,-23.653383391064104,-46.78886783051668
5895,-23.652265201771623,-46.78579959201333
6010,-23.535256295169937,-46.77486229965825
6013,-23.53178474603792,-46.77718268336934
6016,-23.533436546208684,-46.778966029751516
6018,-23.54144854567475,-46.77509254328017
6020,-23.54451827364064,-46.760853615586655
6023,-23.543909853453762,-46.769920537754565
6026,-23.551721801075583,-46.76315731002936
6028,-23.54853059531723,-46.76595982840901
6029,-23.54845385758796,-46.76981810610759
6030,-23.55840744287604,-46.77247419568345
6033,-23.561014866365603,-46.777825935815684
6036,-23.55451065944376,-46.775875670136976
6037,-23.55503701638862,-46.77326263310046
6038,-23.565520928385983,-46.77796373659768
6040,-23.57020012155928,-46.78216810283339
6045,-23.57361650165911,-46.79311362942988
6050,-23.55990584094559,-46.78667523792464
6053,-23.557849602054823,-46.78877097466138
6056,-23.566754289341567,-46.7883305829355
6060,-23.55288195707096,-46.78225594853251
6065,-23.555422800464406,-46.790486025535216
6070,-23.54846452455427,-46.78097521363289
6075,-23.54940583083272,-46.78770556981068
6080,-23.544198518321863,-46.78474177757716
6083,-23.54275691035258,-46.778652987015015
6086,-23.535230604506825,-46.78499150040403
6090,-23.53364090092072,-46.78251459283573
6093,-23.5307522087252,-46.78044929645372
6097,-23.528477797702415,-46.77987873750652
6102,-23.54946788095088,-46.81297818818162
6110,-23.53162576464306,-46.79180055926475
6112,-23.53616136554321,-46.79602109908249
6114,-23.532730652482314,-46.79875293976861
6120,-23.541696,-46.79164455489347
6122,-23.541732006467427,-46.79885411622138
6124,-23.547381265609687,-46.79652689505778
6126,-23.55240339886872,-46.794974767009
6130,-23.558126573417354,-46.79690775360668
6132,-23.55513561073684,-46.79909571725142
6140,-23.57756643860179,-46.801088827300575
6142,-23.57036836645893,-46.79811361613493
6144,-23.567109963670614,-46.80112352709052
6145,-23.57581293762882,-46.80405865845408
6147,-23.58140849738375,-46.80694816188215
6149,-23.58065054582069,-46.81391480272501
6150,-23.56732558909861,-46.81235046670316
6152,-23.56353561532687,-46.803198710225736
6154,-23.560593307519206,-46.80456333096262
6160,-23.55719572342604,-46.813087543770635
6162,-23.55330828310916,-46.80868920067511
6170,-23.544846749346025,-46.804973380373966
6172,-23.54308831669446,-46.81201075988254
6180,-23.536638693027736,-46.80316743435859
6182,-23.52866541923938,-46.8125662731115
6184,-23.53806003135811,-46.80764526559536
6186,-23.534461341104503,-46.812704009146586
6187,-23.545158202885183,-46.8136660682641
6190,-23.530518210369973,-46.79918242211527
6192,-23.52774981568486,-46.80287964197576
6194,-23.525761882711976,-46.8010011987778
6210,-23.52711102495829,-46.766035200722285
6213,-23.529773502654386,-46.76765153586478
6216,-23.525139378166593,-46.77093922779733
6220,-23.516429553147923,-46.78290415554862
6223,-23.51592540605342,-46.77773681279932
6226,-23.508658085457373,-46.778420966349
6230,-23.516957541294815,-46.79620961780836
6233,-23.5142696005021,-46.78637547810989
6236,-23.510747950507245,-46.78957494901463
6240,-23.50415284464585,-46.805760610346994
6243,-23.503488109614054,-46.799003210110165
6246,-23.49921489953255,-46.80712731513658
6250,-23.50062402899767,-46.79521565667379
6253,-23.496419723844404,-46.79746193158865
6260,-23.49914537562466,-46.79119120373468
6263,-23.493290649431767,-46.797014341248726
6266,-23.49333058728148,-46.787449709471
6268,-23.500746911737572,-46.77648325200535
6270,-23.495210515574275,-46.77123585872166
6273,-23.49938733143831,-46.76718040980434
6276,-23.489057541484687,-46.77637669601809
6278,-23.479673606400635,-46.78269798391875
6280,-23.510060162906203,-46.76733325243806
6283,-23.513991137413967,-46.768194885235715
6286,-23.506427116841742,-46.77215106862771
6288,-23.502055652778647,-46.76608143643607
6290,-23.5179495,-46.77054450525145
6293,-23.51625745268046,-46.76258110020765
6296,-23.518402442028307,-46.75689336412957
6298,-23.52143405496558,-46.75316935417055
6310,-23.51480256610884,-46.8374013212186
6311,-23.520977356882838,-46.84394428265028
6315,-23.52366157993674,-46.84038296261065
6317,-23.525998928064368,-46.846360267345425
6320,-23.52377445689208,-46.836379272399306
6321,-23.538934040432306,-46.829687236068416
6322,-23.530300124980062,-46.83321065628172
6325,-23.533475286099023,-46.82935327954513
6326,-23.529517934648688,-46.82873749906257
6327,-23.53422392014591,-46.82367516165653
6328,-23.526422030178267,-46.82301702701104
6329,-23.538429841507696,-46.821950603390576
6330,-23.554026326147625,-46.824738533670185
6331,-23.543811572637747,-46.829311210552255
6332,-23.549599404366912,-46.83015172383987
6333,-23.56022057400523,-46.8310281832726
6334,-23.544436375613248,-46.830051945473365
6335,-23.5547642799419,-46.83401191336295
6340,-23.56722907187178,-46.82477959252225
6341,-23.572379916140765,-46.81855255535172
6342,-23.581059073567754,-46.82444497515775
6343,-23.57166740277288,-46.83329067078958
6345,-23.575629900136786,-46.8420428310766
6350,-23.574991099673763,-46.85571724371266
6351,-23.568351443875763,-46.86378726156913
6352,-23.56388270798664,-46.8695661912629
6355,-23.5592054119886,-46.85747153481171
6360,-23.55953025202784,-46.83895348645477
6361,-23.56001173897665,-46.84500781507164
6362,-23.55402220405192,-46.84137052489999
6363,-23.56815760913108,-46.84038030640896
6364,-23.56548017312119,-46.84254510130874
6365,-23.553529657642272,-46.85011303786877
6379,-23.53484202582972,-46.85972267199777
6380,-23.539105283163583,-46.83807829250327
6381,-23.54577496826077,-46.838164847501005
6382,-23.5498518739257,-46.83972245701402
6384,-23.54250681386446,-46.84635537118819
6385,-23.543311943841527,-46.84319499999998
6386,-23.53266692884432,-46.84213953789822
6387,-23.55134994036523,-46.83514188734528
6390,-23.539759701908856,-46.85465260386602
6394,-23.525076844208947,-46.85797594939112
6395,-23.53382520630643,-46.850388123340586
6396,-23.530151174506965,-46.85405100421937
6397,-23.53111372770612,-46.85838222012595
6401,-23.51002796677065,-46.876364612462375
6402,-23.50869881938678,-46.8786960375682
6404,-23.50690039956516,-46.87210724042814
6405,-23.49434370188957,-46.87650813837265
6406,-23.50193224621361,-46.88667756562703
6407,-23.50033210160147,-46.89046235117871
6408,-23.494900536412075,-46.88491061589476
6409,-23.494118202044767,-46.89592942002088
6410,-23.501509302031646,-46.86759971097987
6411,-23.501604709332078,-46.87403829712589
6412,-23.49776526014821,-46.8802630870909
6413,-23.489458505944285,-46.87888057932842
6414,-23.493317451857425,-46.86947746002052
6415,-23.489901109518613,-46.88942002101948
6416,-23.486874908612464,-46.893386314168865
6417,-23.48635105729718,-46.88390254153626
6418,-23.482573987725193,-46.88545744074407
6419,-23.476312120671125,-46.88564927855276
6420,-23.510168379297344,-46.89525575326677
6421,-23.508198524389208,-46.899566530140575
6422,-23.515822749822814,-46.90193765665133
6423,-23.50124055267275,-46.90371765950267
6424,-23.495901469908656,-46.87468669635919
6428,-23.496202108012746,-46.956919267415635
6429,-23.48936092560812,-46.95410833527528
6433,-23.525676363623987,-46.88791064401169
6434,-23.529596195357065,-46.890303170886966
6435,-23.53208153921296,-46.88420792784153
6436,-23.53798330426693,-46.8894867507173
6437,-23.54440615539488,-46.88892083693725
6440,-23.5113686555784,-46.86026061608906
6442,-23.514708978982902,-46.879297468553446
6443,-23.536843436781563,-46.86441006321843
6444,-23.544871218865445,-46.884412832418604
6445,-23.529019780237526,-46.864239333112806
6447,-23.54174553613239,-46.88071541030838
6448,-23.547886639775108,-46.876089875020455
6449,-23.542206551515555,-46.86845403064989
6453,-23.496930484317183,-46.85095521737249
6454,-23.494565717265903,-46.84718581311382
6455,-23.500291779103712,-46.85376215440772
6458,-23.489646854897902,-46.82421399006634
6460,-23.49901575789668,-46.83053683606719
6462,-23.485804824362155,-46.80728472467944
6463,-23.50146027610175,-46.81292773329773
6465,-23.507791312465894,-46.84809115539192
6470,-23.493170591227564,-46.85969644310738
6471,-23.486645071677177,-46.85335827055952
6472,-23.485069401190223,-46.85351175000001
6473,-23.482936860047985,-46.86531028546192
6474,-23.48791092785547,-46.847409315354156
6475,-23.48818311739509,-46.83699837126117
6480,-23.48801831246201,-46.85551053744682
6485,-23.483077334245657,-46.848116107200376
6501,-23.444980501803336,-46.91589716472386
6502,-23.445081823064342,-46.92482032503746
6503,-23.456089504031283,-46.941176368201546
6504,-23.43961414252024,-46.938523330553835
6505,-23.409394175785398,-46.94095054485193
6506,-23.418891832506162,-46.9591508819105
6509,-23.452576441247075,-46.944892260251606
6513,-23.460834248883017,-46.91388846675164
6514,-23.46956398251577,-46.90793680339095
6515,-23.47476225617462,-46.89821131571351
6516,-23.48080049274016,-46.893860816954266
6517,-23.47611023419865,-46.93397429636492
6519,-23.491589461845297,-46.965367460834585
6520,-23.47865589425198,-46.97427903707506
6523,-23.49294972801192,-47.00293437370261
6524,-23.475370344317135,-47.00508387654064
6525,-23.41599513016453,-46.8930782624788
6526,-23.42920411641684,-46.92834419382448
6528,-23.406965847371723,-46.89923906927888
6529,-23.404522584093158,-46.8838369838393
6530,-23.4112243984217,-46.88649860437957
6531,-23.41825982653356,-46.88419570191584
6532,-23.4428119219231,-46.886125500000006
6533,-23.41995178808985,-46.87452388015178
6534,-23.417085510957918,-46.867096412271536
6535,-23.42501788884241,-46.85680438705424
6537,-23.42860484558188,-46.82670784471228
6539,-23.465453672551583,-46.88075290768879
6540,-23.45407197403251,-46.88189773793272
6541,-23.462226420064173,-46.87252836415116
6542,-23.47583308651461,-46.86460198944433
6543,-23.472569800113806,-46.85518756997456
6544,-23.46190182672717,-46.852560099511294
6550,-23.40008779866162,-47.002958093063846
6600,-23.53186979790641,-46.90203252845386
6602,-23.534778412675948,-46.8972475119744
6604,-23.53967478554004,-46.9041023009702
6606,-23.53267892562467,-46.90774400842544
6608,-23.533875417073958,-46.914701169277905
6609,-23.535000142771736,-46.91083695924483
6610,-23.524186067799068,-46.92088103105522
6612,-23.52137925044599,-46.92318524999999
6616,-23.527359244575518,-46.90964345372245
6618,-23.525646291670004,-46.90096057216199
6620,-23.545938311947857,-46.891829099095446
6622,-23.54728560238678,-46.899431585239626
6624,-23.548098861516937,-46.91034808306152
6626,-23.541939006324377,-46.911511377582244
6630,-23.55602567282248,-46.890035575198546
6631,-23.544998282452386,-46.90430341342511
6633,-23.530553236083108,-46.8862397904778
6634,-23.559549297597552,-46.90509009129688
6636,-23.55673856038697,-46.89900645087761
6642,-23.557147910345588,-46.87643190787361
6648,-23.548521880837207,-46.867086541860346
6650,-23.54458899714706,-46.93515870222017
6652,-23.549521500000004,-46.92612992528211
6653,-23.54681279740811,-46.92992956472787
6654,-23.53958549999999,-46.92242170627096
6655,-23.551912657850657,-46.9147154981129
6656,-23.553533700634485,-46.92298259803681
6657,-23.55761847189826,-46.9292712924444
6660,-23.54845818469248,-46.95750492462359
6663,-23.557752556733963,-46.939778025036254
6665,-23.559545961498873,-46.94958594286619
6670,-23.586029600992994,-46.965688110207516
6673,-23.554944,-46.911946500000006
6675,-23.546081797690615,-46.97098117879318
6680,-23.534108391097057,-46.97922904965998
6683,-23.53920007011036,-46.977984673306125
6684,-23.53893664870084,-46.942246782823496
6685,-23.541791982294157,-47.003033182319854
6690,-23.526716162945803,-46.95096969675306
6693,-23.53486054742596,-46.93060878645645
6694,-23.541882909557906,-46.937463156404235
6695,-23.542290996837867,-46.95347441261456
6696,-23.52507304362132,-46.94187629216426
6700,-23.60889,-46.93538964969623
6701,-23.609837122276808,-46.972809582222126
6702,-23.581886717621995,-46.92817871430081
6703,-23.59674469900167,-46.91090722522938
6704,-23.580167311953907,-46.917443398840064
6705,-23.59050532584106,-46.88831229586243
6706,-23.5787964837556,-46.87444590397594
6707,-23.5912293388828,-46.865631342489486
6708,-23.594124321123534,-46.846710183487815
6709,-23.58672146435899,-46.82963026824976
6710,-23.59770502192854,-46.826193215690736
6711,-23.603026088913268,-46.83802546045642
6712,-23.605525521269147,-46.847817502773054
6713,-23.607269370979644,-46.858689188430304
6714,-23.59907544754458,-46.87198871808813
6715,-23.609465995736695,-46.87754604788212
6716,-23.606407796326558,-46.89901232227919
6717,-23.606872072162275,-46.9172517395448
6719,-23.62335616403137,-46.93757248557328
6720,-23.617168616711844,-46.95525002109182
6721,-23.646983313822343,-46.98439885206878
6722,-23.635456333891145,-46.951052796352904
6723,-23.69541315638895,-47.03433970640451
6724,-23.68920628128286,-46.91034260998947
6725,-23.69052473423488,-47.0233104940274
6726,-23.66573546655892,-47.05294093427721
6727,-23.670486615521543,-47.02139518822165
6728,-23.683053826002467,-47.00803215070117
6729,-23.70500676356617,-47.026124440946184
6730,-23.621099452749604,-47.010006621843374
6738,-23.64615211486552,-47.00279569847461
6753,-23.60241202375218,-46.756675164646246
6754,-23.60632857285476,-46.75665082944775
6755,-23.600709272548915,-46.76559388482179
6756,-23.60633731085175,-46.773972006698614
6757,-23.608436703508332,-46.77942808230106
6760,-23.613341996989966,-46.77328010803688
6763,-23.61163386661511,-46.76187789133824
6764,-23.6173263613653,-46.76697377442437
6765,-23.622468129143712,-46.77256316985471
6766,-23.627556068137235,-46.779500803096624
6767,-23.622956968088133,-46.78487178573488
6768,-23.607693000000005,-46.75265774999998
6770,-23.63650081626178,-46.78548791395926
6773,-23.642211576190228,-46.791938383872974
6774,-23.6423076154685,-46.80034012883697
6775,-23.636976752567946,-46.79520069240867
6780,-23.623253065003823,-46.79106344532288
6783,-23.63101667277395,-46.78911723694928
6784,-23.632672274770613,-46.798302159443736
6785,-23.636393952031053,-46.80603497641234
6786,-23.62661720834842,-46.80780729474968
6787,-23.62304984984708,-46.8010157269678
6790,-23.61138017069648,-46.78631996035718
6793,-23.613682860966815,-46.78140916418751
6794,-23.617655672309454,-46.80629478817645
6795,-23.61313057305768,-46.79765459083798
6803,-23.64884795697964,-46.84988237290081
6804,-23.64424408207676,-46.850705621572175
6805,-23.637730033585303,-46.85361235457892
6806,-23.636626089252005,-46.83820785102463
6807,-23.626739567439607,-46.82338082359182
6810,-23.64676896258458,-46.80112330692363
6813,-23.651163303364257,-46.8046014296554
6814,-23.660177489324187,-46.81440772621034
6815,-23.653645344437056,-46.81532668810952
6816,-23.644932150701184,-46.8180621036701
6817,-23.62934084929881,-46.814365999037776
6818,-23.642048023368268,-46.83752624335116
6820,-23.6600682536788,-46.79660233859434
6823,-23.66966544000777,-46.80234793089615
6824,-23.676819385928212,-46.804416456633376
6825,-23.666029710883507,-46.80993618024492
6826,-23.659968148256212,-46.80234504564609
6830,-23.646785117574485,-46.84217072311225
6833,-23.65531742302772,-46.84351916417562
6835,-23.67851435556573,-46.85228926672054
6840,-23.650132316680136,-46.86169215419229
6843,-23.66234795862442,-46.86209607591319
6844,-23.66287236554321,-46.879393723584606
6845,-23.643248523491664,-46.89699125041288
6846,-23.635424074383973,-46.87220341283408
6850,-23.71096154052453,-46.85119451633035
6851,-23.718422099522847,-46.857353273667236
6852,-23.70653144827205,-46.85834264654624
6853,-23.690139077883522,-46.85539165846532
6854,-23.697703403268775,-46.84754902528529
6855,-23.69330917262972,-46.82536027116393
6856,-23.693466523978547,-46.80113852010282
6857,-23.704247351088792,-46.799307459436605
6858,-23.706224496028817,-46.825680665089806
6859,-23.708136208944566,-46.83352707699573
6860,-23.720545438067667,-46.84001889646055
6861,-23.73002036149049,-46.816684594592815
6863,-23.720900932357058,-46.79874786562563
6864,-23.744894856962834,-46.79944788496255
6865,-23.749224503249447,-46.79141441060827
6866,-23.75704475656176,-46.79936980597307
6867,-23.757472786924495,-46.81005062221394
6868,-23.76070486571356,-46.83839173367618
6869,-23.74450746653232,-46.84674239461971
6870,-23.736324468391736,-46.884057686565185
6871,-23.72322443825373,-46.85695317346645
6872,-23.734182819603724,-46.84944466714749
6873,-23.754661192174545,-46.85680992113433
6874,-23.75961562958325,-46.84393076824784
6876,-23.772325498339043,-46.89142436041662
6877,-23.777046984514794,-46.91174763875944
6880,-23.77816613702251,-46.91872872241261
6881,-23.74431149999998,-46.91809948699995
6882,-23.740323844601743,-46.89787469482508
6885,-23.70250859939843,-46.87690583027379
6886,-23.714647923577285,-46.89693958580656
6887,-23.68688943353977,-46.89356546220037
6888,-23.6870235,-46.86083774999999
6890,-23.85401714010178,-46.946351106378756
6900,-23.83384395394196,-46.81537087267584
6950,-23.93233025479337,-47.068980719093744
7010,-23.46752950375092,-46.52950091909514
7011,-23.468847286427376,-46.53132291618096
7012,-23.471545101722526,-46.52906978488751
7013,-23.472242481404002,-46.526133923812694
7020,-23.469637044131215,-46.537952223007686
7021,-23.473526165416363,-46.53861217776561
7022,-23.47224894060534,-46.540433436436075
7023,-23.477533637531373,-46.54274482507647
7024,-23.47971699194992,-46.53762280613422
7025,-23.482623278922794,-46.54301072078598
7030,-23.49538275437128,-46.55071593075192
7031,-23.49730847614265,-46.54891285324364
7032,-23.504851844018702,-46.55452827921402
7033,-23.499727182209014,-46.55511110762302
7034,-23.47717241256654,-46.52531308777195
7040,-23.47609382653356,-46.5453646590077
7041,-23.4842469972305,-46.54820703677362
7042,-23.490306471550586,-46.55210423604942
7043,-23.4845788148768,-46.55184692574133
7044,-23.480617159587982,-46.55350089647413
7050,-23.46228047668648,-46.55233709367245
7051,-23.467753653248586,-46.55196067284606
7052,-23.473379069248082,-46.554106444976625
7053,-23.475136788230714,-46.556962268595996
7054,-23.466888502914188,-46.55721279378496
7055,-23.46763877185642,-46.5615475485025
7056,-23.460070190951583,-46.565685717871794
7060,-23.455811053566276,-46.546814949347905
7061,-23.45442537829649,-46.55109678059898
7062,-23.45965840161001,-46.55270073980034
7063,-23.45710769302905,-46.55825958913216
7064,-23.450948999999994,-46.55397657105141
7070,-23.452036155981304,-46.55726715015291
7071,-23.453507891756594,-46.56658201244619
7072,-23.447057097279135,-46.55838215487044
7073,-23.445171901465784,-46.56318978934158
7074,-23.449475147931214,-46.56571206272721
7075,-23.43326391618097,-46.5597903902995
7076,-23.43148951748514,-46.56308802588147
7077,-23.43632365445209,-46.5558242164868
7080,-23.44475104884874,-46.547206111503826
7081,-23.44270638273989,-46.55346063839497
7082,-23.43516082070518,-46.5437481283686
7083,-23.437420763806347,-46.55035032514856
7084,-23.42913797668648,-46.54991166180969
7085,-23.424755071051422,-46.55303093186278
7087,-23.42343120663339,-46.543517010395426
7090,-23.467997168474785,-46.53473270621502
7091,-23.464218367914743,-46.53934775273072
7092,-23.46223963113856,-46.54502150291418
7093,-23.457092893559935,-46.54183513589659
7094,-23.452083000000002,-46.54340413780368
7095,-23.458978948929555,-46.535118671316866
7096,-23.450885329447743,-46.53910010276127
7097,-23.446449974464777,-46.54134778719198
7110,-23.46746911809683,-46.526460836386974
7111,-23.46502625728548,-46.5216829730798
7112,-23.46873685567546,-46.5138445783369
7113,-23.463702194139906,-46.51795109006578
7114,-23.45514328669421,-46.528584087151586
7115,-23.45827583819031,-46.53291999965376
7120,-23.454154225921872,-46.525557750764605
7121,-23.4517103119626,-46.52225326311384
7122,-23.44771925728547,-46.51761133236192
7123,-23.44477868803739,-46.52815653497029
7124,-23.430874777684807,-46.5341328440187
7130,-23.443515534551928,-46.520579923120195
7131,-23.436098816680136,-46.525428020817685
7132,-23.43430667998732,-46.51694643796527
7133,-23.437195512349252,-46.511212143632044
7134,-23.428341670552257,-46.51594186372554
7135,-23.423345999999995,-46.526974045934566
7140,-23.429089461697163,-46.49697612135725
7141,-23.427232103525874,-46.50671865015292
7142,-23.413087676380634,-46.49646626998098
7143,-23.420549158203,-46.50256098542906
7144,-23.40351513377862,-46.51507586121834
7145,-23.40578632944775,-46.49174968581568
7150,-23.417770662502168,-46.46290850539669
7151,-23.408276469328882,-46.455375240694835
7152,-23.40464804440533,-46.469704736049415
7153,-23.378740638351925,-46.44874961365341
7154,-23.37335109444112,-46.44919846185846
7155,-23.416182480198998,-46.46904531813722
7156,-23.394398930059435,-46.45121381127012
7159,-23.385913546760086,-46.40293236702203
7160,-23.411133560505515,-46.448843181098155
7161,-23.39826082070517,-46.43808816541636
7162,-23.402810891482467,-46.44539636441803
7170,-23.433337854838737,-46.43689725
7171,-23.4219311246177,-46.43675874271452
7172,-23.42176051748514,-46.43113094532286
7173,-23.430808236467783,-46.42941098938197
7174,-23.423347089647407,-46.41939586733221
7175,-23.409098340267786,-46.40360272162268
7176,-23.410403832361936,-46.389069371775626
7177,-23.42119278143455,-46.399124095475784
7178,-23.399648549815364,-46.39419956449449
7179,-23.403703579884404,-46.41869442783772
7180,-23.452464512870836,-46.477006237232374
7181,-23.445400442408676,-46.468018802443694
7182,-23.443032211350918,-46.464354225229386
7183,-23.44180811157596,-46.4598767776848
7184,-23.41145698972821,-46.39320732875527
7190,-23.458924184012346,-46.49842413377862
7191,-23.458038888842403,-46.507720984191614
7192,-23.452783140299495,-46.506693017485134
7193,-23.447309060505503,-46.50225707576894
7194,-23.44269901748514,-46.50598985294135
7195,-23.448324022621026,-46.5111180470454
7196,-23.453193997085805,-46.513497339647415
7197,-23.45904919386578,-46.51542225
7210,-23.457638999999944,-46.43835216180969
7215,-23.472594,-46.43989590813089
7220,-23.471442738989545,-46.46710059769749
7221,-23.47187681820934,-46.4737576349969
7222,-23.463660771856425,-46.47165626236084
7223,-23.46426881036913,-46.4785926858752
7224,-23.46378127116394,-46.48394476852387
7230,-23.454248934372924,-46.45665021211552
7231,-23.456462203613924,-46.464638499313
7232,-23.46547920663339,-46.46483843623406
7240,-23.448185643906186,-46.43868321544807
7241,-23.44660201082004,-46.4276417216227
7242,-23.43981518960048,-46.421449690259095
7243,-23.43857498014893,-46.41350214286744
7244,-23.44649165306712,-46.41375879673653
7250,-23.42093018650818,-46.3720118993883
7251,-23.42968080030583,-46.40090876713889
7252,-23.44463200582838,-46.40380129808415
7260,-23.45516404236958,-46.411648443937885
7261,-23.452404619793125,-46.40229588614602
7262,-23.476869723007685,-46.39267892714523
7263,-23.46448180460449,-46.40582557947572
7270,-23.462188805989992,-46.42964381848347
7271,-23.41197469360249,-46.459605654603536
7272,-23.46621325145709,-46.42401213918865
7273,-23.45723542583532,-46.421963109354266
7283,-23.439315918402663,-46.46090001110851
7400,-23.39648938435229,-46.32314762364067
7401,-23.388635239198745,-46.32176622531476
7402,-23.396386133360267,-46.31496431706806
7403,-23.39192326977896,-46.310852901754245
7404,-23.389654955594647,-46.30000896517394
7405,-23.386653219545224,-46.29943837177563
7407,-23.379681810293384,-46.30932204833661
7411,-23.404151088845172,-46.34111193439394
7413,-23.408803110739232,-46.36246254815625
7414,-23.406074164638703,-46.364767258038896
7417,-23.38315908326959,-46.32555673557327
7422,-23.388624369528188,-46.35467717956907
7424,-23.33145177693587,-46.30895388119665
7428,-23.406649389855687,-46.32274991024688
7429,-23.41406401098016,-46.328093818504016
7431,-23.419418541338626,-46.35509012683139
7432,-23.418603569707457,-46.365563928984585
7434,-23.41611364737914,-46.321211804738425
7435,-23.42070477589193,-46.31636581680064
7436,-23.414777445533055,-46.30272814000917
7437,-23.42524416978052,-46.29422825421436
7438,-23.40715399595417,-46.29003713265384
7439,-23.397478907280938,-46.27421046611022
7440,-23.409457354255235,-46.279087695394985
7443,-23.418409552324658,-46.30508807701302
7500,-23.317908982113224,-46.22727701801368
7600,-23.32257937996993,-46.58965251832185
7700,-23.362625483167793,-46.7410691001799
7703,-23.371884487437583,-46.75261027674961
7704,-23.37629001386012,-46.75119024724222
7705,-23.65961406193379,-46.47578470116613
7712,-23.3555367728333,-46.74574703190718
7713,-23.35178942710093,-46.74872943805039
7714,-23.346849565527652,-46.758987286189246
7715,-23.346299999999943,-46.75190516257716
7716,-23.34255815837474,-46.74551756909372
7717,-23.33279966854942,-46.75291034055508
7718,-23.337146050021985,-46.75604561046215
7724,-23.35774854782839,-46.73450326406778
7726,-23.373797564124132,-46.703456481422236
7727,-23.373957973888864,-46.677870923554224
7733,-23.411036583038474,-46.675330681258174
7734,-23.40355757240674,-46.69040914432642
7739,-23.394677040951496,-46.71437272986679
7740,-23.39140154785474,-46.7127031684263
7741,-23.39232719618938,-46.70989309671545
7743,-23.37960794621264,-46.71047870377857
7744,-23.39495727638213,-46.7178745983416
7745,-23.380456796319244,-46.71895702785878
7747,-23.39071833256527,-46.71794277080124
7748,-23.391221640516378,-46.73105577876122
7749,-23.385481457389787,-46.738527117437215
7750,-23.371799432437015,-46.85352579220603
7752,-23.363578312468178,-46.859120318159874
7753,-23.32992929286904,-46.92070376974868
7756,-23.391003784105948,-46.863402290378296
7760,-23.33818218738648,-46.82770609148183
7764,-23.3766814354705,-46.926804919234456
7767,-23.33558603502204,-46.92622235722735
7768,-23.33531198769312,-46.91458588004054
7770,-23.412163674775385,-46.84385763461018
7776,-23.3383695563206,-46.84034292589061
7778,-23.361580757952467,-46.87233906326772
7781,-23.286583112068676,-46.873433086576014
7785,-23.332061304062393,-46.82858244289879
7786,-23.335946963758357,-46.83056495996821
7787,-23.33755751535692,-46.82813158554576
7788,-23.351305499999995,-46.82811599999999
7789,-23.360908007773016,-46.84786779613185
7790,-23.407356783028085,-46.8423270176032
7791,-23.40948336527588,-46.86296661950691
7792,-23.41383168339758,-46.84723834069601
7793,-23.41414859649511,-46.830950970568274
7794,-23.416894220902012,-46.82479522545006
7801,-23.322350469189065,-46.72549350976701
7802,-23.326533037077034,-46.72885895660143
7803,-23.33082832363018,-46.732095236434255
7804,-23.326648890183144,-46.73390063615316
7807,-23.320823313695513,-46.73263371708671
7808,-23.32049730725161,-46.7387153940523
7809,-23.32505794417602,-46.74858284830127
7810,-23.321636733708857,-46.76456569591626
7811,-23.31538616031486,-46.77828873175944
7812,-22.90682845367693,-47.0122315834516
7813,-23.32083867399996,-46.751736723999954
7830,-23.299722222769088,-46.75854340469288
7832,-23.30659065340576,-46.75655512491252
7835,-23.30544963228764,-46.74452016188226
7836,-23.303889028875325,-46.74110631717829
7840,-23.314521480401222,-46.73321210774698
7841,-23.3164214584158,-46.73691459113588
7842,-23.315077850372948,-46.727126208316925
7844,-23.304659563901943,-46.73400041776978
7845,-23.30748311159331,-46.73029812555809
7846,-23.310324774523654,-46.72788720561382
7847,-23.313229028575293,-46.72500924708624
7849,-23.318056384574305,-46.725613314999976
7850,-23.33186847619776,-46.72446624288366
7851,-23.328661771500435,-46.72218149621075
7852,-23.325647508937877,-46.71994897807393
7853,-23.323190229577364,-46.71442798369574
7854,-23.32349162664445,-46.70742840075873
7855,-23.325180054737196,-46.70396440457725
7856,-23.323148163113146,-46.70109636017838
7857,-23.33089225717616,-46.707435639789686
7858,-23.328086807593117,-46.709450859543445
7859,-23.32914942450386,-46.71509382785299
7860,-23.31911744335933,-46.7184466770662
7861,-23.315956213833708,-46.7143436269643
7862,-23.31900552748361,-46.70951172400475
7863,-23.31604418566891,-46.69861533921621
7865,-23.304688970567355,-46.72233011669284
7866,-23.29977227635394,-46.70915183488006
7867,-23.314738700661557,-46.77655867080499
7868,-23.303132999999995,-46.74339900000001
7901,-23.28334301351468,-46.74548288896667
7902,-23.2912023506713,-46.74279823879451
7903,-23.295817346760703,-46.7404534324776
7904,-23.300513911390865,-46.73601879049705
7905,-23.2895548269244,-46.76289362355178
7906,-23.298520392136837,-46.74459676535035
7907,-23.29638081031615,-46.74878124582164
7908,-23.29117486578772,-46.75015623230343
7909,-23.28870481953201,-46.74644312253566
7910,-23.278294135027803,-46.74593467621564
7911,-23.28388985501288,-46.75141130572314
7912,-23.29002240293098,-46.75553170486064
7913,-23.28893924958513,-46.762199980081306
7914,-23.281291495578195,-46.756117187369775
7915,-23.279298468140027,-46.736131082352415
7916,-23.277513955651322,-46.75826416008892
7917,-23.27596489794206,-46.75075814525219
7919,-23.264344491636212,-46.733145529853346
7920,-23.27325172431503,-46.75316591790107
7921,-23.27257382858982,-46.76077311006302
7929,-23.263044881883726,-46.755375635621284
7930,-23.258840516985124,-46.74932559772741
7934,-23.28444633281737,-46.75072475558663
7935,-23.25957365202642,-46.74083140878507
7936,-23.26203619418305,-46.74315253383743
7940,-23.26554734199993,-46.74777499999993
7941,-23.269872115666082,-46.74435779238733
7942,-23.27231989900271,-46.740205121039665
7943,-23.26622329041927,-46.7397498832984
7944,-23.265300669437035,-46.732569144796514
7945,-23.25991097703636,-46.73177354278629
7946,-23.27758890590671,-46.73788171203503
7950,-23.27780926494824,-46.742814138466144
7951,-23.275250236392303,-46.7323057108159
7952,-23.273114898415464,-46.72610728702496
7953,-23.2670288307198,-46.72441393626199
7955,-23.269732108329606,-46.72475214384342
7956,-23.278041208737037,-46.73106042296661
7957,-23.277107437133846,-46.72796617550084
7980,-23.27789122290399,-46.74979691174142
7985,-23.285282518205666,-46.70472146098612
7986,-23.289528327131094,-46.69978872101165
7987,-23.287989404489323,-46.70970104988616
7988,-23.27931499999994,-46.74185832299997
7989,-23.297531990002177,-46.714723349840405
7990,-23.27920486029138,-46.74051220666083
7991,-23.28310726251277,-46.7379019593478
7992,-23.286806639035305,-46.73532185639348
7995,-23.29616632176586,-46.729477237220294
7996,-23.300048757372466,-46.72492257656085
7997,-23.265669519443986,-46.73850966436476
7998,-23.29436590477666,-46.734264672191166
8010,-23.4942195545329,-46.43809851165676
8011,-23.495802909660096,-46.44667639946043
8020,-23.505100306711903,-46.44155196058632
8021,-23.50009531779098,-46.43473679156327
8022,-23.49381961039198,-46.42587074639333
8030,-23.50308859838998,-46.42162738550986
8031,-23.51196891618097,-46.42349708693183
8032,-23.518272861359613,-46.426974019485215
8040,-23.50847890923513,-46.44627152262103
8041,-23.51513245268045,-46.44014918329291
8042,-23.507388937691154,-46.43427368956661
8050,-23.510791537739593,-46.45833326433849
8051,-23.513434271163934,-46.46827121267811
8060,-23.502557707452137,-46.45221009201335
8061,-23.502093155562942,-46.464210379753595
8062,-23.51004132361936,-46.47379993450283
8070,-23.4953729478187,-46.46160631210684
8071,-23.49000855319642,-46.449398388313895
8072,-23.488594654804253,-46.45876129594489
8080,-23.48748337275657,-46.42815987621903
8081,-23.485122953372947,-46.418561972956574
8090,-23.47880591756595,-46.42604250360668
8110,-23.49718505912053,-46.401278495008334
8111,-23.490714837946786,-46.37837551748514
8115,-23.49159878406144,-46.387231605891806
8120,-23.50234185562577,-46.39334371149515
8121,-23.5021648506755,-46.384086325037835
8122,-23.495437382739887,-46.378816199719246
8130,-23.506199104895074,-46.36912018297362
8131,-23.50297564908856,-46.376133616567614
8132,-23.509412470858095,-46.37619379010617
8140,-23.510396289067444,-46.397500278867774
8141,-23.51300292603439,-46.39119427296727
8142,-23.516278931444408,-46.385084095475776
8143,-23.517742699001673,-46.398075735622136
8150,-23.518119818590403,-46.41151146823236
8151,-23.51942137718564,-46.403778439422375
8152,-23.5130357149576,-46.40673662891687
8160,-23.50432810283203,-46.40961644532285
8161,-23.50216548542905,-46.41345402844942
8180,-23.488936709646705,-46.411592071051416
8190,-23.48814299278664,-46.394550434502825
8191,-23.481388459540938,-46.38474383485777
8210,-23.53758967415893,-46.44910532292686
8215,-23.53974864932985,-46.444235280599
8220,-23.537728078827367,-46.46539542614886
8223,-23.52697604292457,-46.47031501473913
8225,-23.53022289786795,-46.46090451640441
8226,-23.523957293092487,-46.46187852233399
8230,-23.520547917017684,-46.45117158779768
8233,-23.525816060505505,-46.47272284248948
8235,-23.517511490983296,-46.4594953536176
8240,-23.523153631975287,-46.44429472370016
8241,-23.519239767827177,-46.43594124044738
8245,-23.52169121065843,-46.43225292728947
8246,-23.531243709965945,-46.43778975076461
8247,-23.536014684430707,-46.433174851376286
8248,-23.52960143498142,-46.43306049653755
8250,-23.5397205,-46.43633556480467
8253,-23.54969419784347,-46.439121373304815
8255,-23.551075945441408,-46.43425124202203
8257,-23.55356691618097,-46.428633906601675
8260,-23.570215350121202,-46.435583380316174
8265,-23.582033898684166,-46.45326807644996
8270,-23.561244403413355,-46.461987058086464
8275,-23.571768347351245,-46.47974728425616
8280,-23.56025281085175,-46.47317066292054
8285,-23.55326013044608,-46.4721258068336
8290,-23.553849520399325,-46.45126429141904
8295,-23.547339,-46.4544278119626
8310,-23.626322947544576,-46.46252734041201
8311,-23.631842535662773,-46.46710744976627
8320,-23.626824684430712,-46.473945176380624
8321,-23.610377558898104,-46.480790558898114
8330,-23.613706299194998,-46.464934835079546
8331,-23.609730735082803,-46.469554363114
8340,-23.61287287402612,-46.460764471694816
8341,-23.60121071579432,-46.45308354815625
8343,-23.606234096460447,-46.44625727622771
8344,-23.60959590813089,-46.44875249999998
8345,-23.61023193255526,-46.443941992707266
8346,-23.54709151738784,-46.7198548866541
8347,-23.49228790674591,-46.49963244229312
8370,-23.59446598071152,-46.442659142485134
8371,-23.59721297668648,-46.44588773397194
8372,-23.60186625464541,-46.43685973355359
8373,-23.50093499792376,-46.66410637538229
8375,-23.59857358006812,-46.46584428573488
8380,-23.59887676158464,-46.4405038791332
8381,-23.611735194558268,-46.42957625143714
8382,-23.61874232562723,-46.41686196605537
8383,-23.616819,-46.43131625240514
8390,-23.63091281127012,-46.44505609838998
8391,-23.602903607593372,-46.57337740105919
8395,-23.622434345401388,-46.45617033177561
8404,-23.52967739523337,-46.40945968428649
8410,-23.547532080904837,-46.41848800145709
8411,-23.554424409660093,-46.411997964813374
8412,-23.55060524562872,-46.408050253697525
8420,-23.54331352733856,-46.42791090195627
8421,-23.56230470053088,-46.42224255981301
8430,-23.52592514214391,-46.42333069571757
8431,-23.534643174029043,-46.41776579620868
8440,-23.534448317790982,-46.409630144324524
8441,-23.533195316406,-46.40526931161069
8450,-23.544373462580452,-46.40158203316693
8451,-23.54153489064574,-46.39839107216227
8452,-23.529527405977397,-46.39573575
8460,-23.55185048520867,-46.39955933305441
8461,-23.560378549122873,-46.40375333873857
8465,-23.56630772051185,-46.39829922557563
8466,-23.560218,-46.46202340986093
8470,-23.59060012461769,-46.40034488926076
8471,-23.60424688911152,-46.39971143158865
8472,-23.571097093254085,-46.40264018290152
8473,-23.57962416760864,-46.3943925
8474,-23.58207672240676,-46.40345546973986
8475,-23.589470999999943,-46.39992918151651
8485,-23.591669992786635,-46.412095971550585
8490,-23.569514570633054,-46.40873785567547
8500,-23.54439961449014,-46.36588122300768
8501,-23.541710411517176,-46.360949346083146
8502,-23.538863960631733,-46.356887854434696
8503,-23.548198725229383,-46.36036068206478
8504,-23.555581057192,-46.36166815555334
8505,-23.55284020533069,-46.36675731024758
8506,-23.55884532722604,-46.37069807216227
8507,-23.560824862735956,-46.367777234592324
8508,-23.56330832574936,-46.36761749741175
8509,-23.568012263177422,-46.3597582688388
8510,-23.560029259302837,-46.35983344250401
8513,-23.576579566169933,-46.365277199245206
8514,-23.568080400654388,-46.36722929899116
8515,-23.577299274136507,-46.37411020714745
8517,-23.56892589286744,-46.372428309048416
8525,-23.558219897079283,-46.39030748771188
8526,-23.557132117498405,-46.38324489597376
8527,-23.5531943344998,-46.37906995435636
8528,-23.55496612562634,-46.373910990911185
8529,-23.547456361416515,-46.372821548156246
8530,-23.53717511197085,-46.36858781662136
8531,-23.540315029690166,-46.37233864474412
8532,-23.53941332575007,-46.3784269373449
8533,-23.546325164305514,-46.38041904946912
8534,-23.550473954483802,-46.3850306771139
8535,-23.55327218504484,-46.39017894214956
8536,-23.542140712315394,-46.3861552686427
8537,-23.53225294578202,-46.39166591395926
8538,-23.531448303756488,-46.3868415
8539,-23.533464440828872,-46.37586996260599
8540,-23.519407078327287,-46.38109882615246
8541,-23.520933000000007,-46.37370969262504
8542,-23.514916809597725,-46.37014412683939
8543,-23.524254,-46.37064935334179
8544,-23.53160432408494,-46.36337423285165
8545,-23.531996818483474,-46.370825702035305
8550,-23.522099175688137,-46.341354656673786
8551,-23.522560994171613,-46.34899420556346
8552,-23.528206067731926,-46.35383111365342
8553,-23.521992265061428,-46.363449307867384
8554,-23.514884472947884,-46.36115324999999
8555,-23.51065372217096,-46.35368346211553
8556,-23.51434327367707,-46.34811784762537
8557,-23.512693056321247,-46.34072332840901
8558,-23.508769319103408,-46.33517442297597
8559,-23.516985040943382,-46.33636351370268
8560,-23.531816304749235,-46.33558974271452
8561,-23.52789803608114,-46.33995544281301
8562,-23.531939512767607,-46.34514118409235
8563,-23.53297517340706,-46.34977804950456
8564,-23.53768597085809,-46.35269195905711
8565,-23.539908347351243,-46.34138523920345
8566,-23.545281593946576,-46.34514875639047
8567,-23.548941756105368,-46.35208442200934
8568,-23.555341050116777,-46.34692245558375
8570,-23.47684211001141,-46.35447631565646
8571,-23.48623351734567,-46.34404254570396
8572,-23.498431457515565,-46.341606466739094
8573,-23.492121781026512,-46.351064649546004
8574,-23.50527684931725,-46.3509678180275
8575,-23.49919378401805,-46.35812439474595
8576,-23.487947893272768,-46.35782942919244
8577,-23.484621488741837,-46.36700788769207
8578,-23.46987692571624,-46.38290664943849
8579,-23.461443888863606,-46.37551476988139
8580,-23.451957371511565,-46.34372696554596
8581,-23.457424732714436,-46.35361643293804
8582,-23.449885950196027,-46.35840691425143
8583,-23.439372900065763,-46.38137772162925
8584,-23.42466214665313,-46.3490311575892
8585,-23.488858329997143,-46.35451370002853
8586,-23.44046584205774,-46.334989857243414
8587,-23.429453315871747,-46.316313336472746
8588,-23.439451879850257,-46.319714547989335
8589,-23.43899283477652,-46.30081389596495
8590,-23.438824828739584,-46.2765147070142
8591,-23.4494999572136,-46.30307473053868
8592,-23.469308359716003,-46.291899525639714
8593,-23.478733763470547,-46.29382770718807
8594,-23.4871312523641,-46.300889771707205
8595,-23.46888363810267,-46.30439950586268
8596,-23.481732278090092,-46.314456648852584
8597,-23.461040585717974,-46.317686491141814
8598,-23.46653054537708,-46.32471112247595
8599,-23.466666317726272,-46.341880676728344
8610,-23.541109315056755,-46.30043724767152
8613,-23.54022415166092,-46.2867189895053
8615,-23.547958994386327,-46.294730509251536
8616,-23.556291108111523,-46.29242968769583
8620,-23.63124979210477,-46.30332628058751
8621,-23.533389538560343,-46.29819319994478
8625,-23.643492430255677,-46.31246994991835
8630,-23.654700000000005,-46.327049173533325
8633,-23.652163131735243,-46.3141980461162
8635,-23.663927944177715,-46.3365966865249
8640,-23.631380476464482,-46.327833376224206
8650,-23.573806353663777,-46.33165962394624
8653,-23.615174568083752,-46.31869441731413
8655,-23.591664360697067,-46.30406358565209
8656,-23.5933421965056,-46.30568752472588
8660,-23.55980584433647,-46.336239622830135
8663,-23.56845973001596,-46.33338505423045
8664,-23.55967992311635,-46.322678569125245
8665,-23.559448682389082,-46.31375748257045
8666,-23.574816367260638,-46.3077722188954
8670,-23.539074963642896,-46.330711171527994
8671,-23.543032551517463,-46.32741897696246
8673,-23.538169445720584,-46.31813007658905
8674,-23.541316516658462,-46.31248939529246
8675,-23.547830685928226,-46.310319753209676
8676,-23.551987848097774,-46.306037656423996
8680,-23.5277441137444,-46.32257036916885
8683,-23.52854763911564,-46.31051663004293
8685,-23.52300512148821,-46.30566556403389
8686,-23.53475301744881,-46.28783909231169
8689,-23.52886814214044,-46.31457858145279
8690,-23.49769259119814,-46.31558465862439
8692,-23.493189363938225,-46.32319417746025
8693,-23.5025263252276,-46.305112308477554
8694,-23.51073559213954,-46.29761313187328
8695,-23.49523280829277,-46.27913624999999
8696,-23.5086078390353,-46.29092512058463
8710,-23.52323657802531,-46.19443689775291
8715,-23.52841468220901,-46.18606049098691
8717,-23.538136389190015,-46.19095252219153
8720,-23.54068670276568,-46.178874893023554
8725,-23.55371957809417,-46.18372157744049
8726,-23.55971584225589,-46.1800310045391
8727,-23.56642978034917,-46.18639544446117
8730,-23.534672568538927,-46.20152430682691
8735,-23.534363088274336,-46.211657960178336
8737,-23.540978762211985,-46.204974016147844
8738,-23.55278083529905,-46.20041175437129
8740,-23.54402249705778,-46.214972686398575
8742,-23.55000037923795,-46.213670524356516
8743,-23.55483964597439,-46.21578894889225
8744,-23.548287599204752,-46.22717598772347
8745,-23.54520808402082,-46.23524309452331
8746,-23.560933169634545,-46.206451142295485
8747,-23.557855224059317,-46.20996354080819
8750,-23.548945950658286,-46.25275499972439
8751,-23.684360692857624,-46.23774694021902
8752,-23.5437471615734,-46.262070227610494
8753,-23.60355480855772,-46.25009038575618
8755,-23.5424551205117,-46.167048112245794
8760,-23.560957309740903,-46.220776736401376
8761,-23.560639360223554,-46.219467637128815
8762,-23.573822907328655,-46.22241196991587
8763,-23.58329260242718,-46.231414602427165
8765,-23.67175565259877,-46.18405477261808
8766,-23.52249821197489,-46.1949413110568
8767,-23.63900085684318,-46.12219516007486
8770,-23.51977182892181,-46.20569632638932
8771,-23.470668532316925,-46.256048916620266
8772,-23.485881316665512,-46.28382120597429
8773,-23.51552534118359,-46.192918052337376
8774,-23.465618044531613,-46.282145376259095
8775,-23.499025040782552,-46.18343646983239
8779,-23.358797292752108,-46.15837918719848
8780,-23.520329490183503,-46.17790885385722
8790,-23.526835479282788,-46.1722487742452
8793,-23.541144240156523,-46.16428396591877
8795,-23.532218451975645,-46.18006496691575
8810,-23.500077070626936,-46.150778305154574
8820,-23.50824041298776,-46.14932937351264
8830,-23.515183778183978,-46.14099370617289
8831,-23.5235543651198,-46.14450798368278
8832,-23.516913648399584,-46.10417245526518
8833,-23.521905936795314,-46.16167840664869
8840,-23.48253994963144,-46.13177818360396
8850,-23.480694650169223,-46.08449743579612
8880,-23.519975947056054,-46.18756607644843
8900,-23.41337425081408,-46.03545131717813
8940,-23.57196640471321,-46.040800782138014
8970,-23.53113154552373,-45.849375530449564
9010,-23.659146064787315,-46.52518215299499
9015,-23.65831886927979,-46.52266155681238
9020,-23.66185374271452,-46.526921150210526
9030,-23.669475254789642,-46.526883367130196
9040,-23.662038914526192,-46.53462826201734
9041,-23.663977082434045,-46.53874809465472
9050,-23.674120905913234,-46.54550103005073
9051,-23.679646500021736,-46.5509078433262
9060,-23.665925085038108,-46.54981011675739
9061,-23.65068303695276,-46.5593922865716
9070,-23.64410054648281,-46.54745804079866
9071,-23.651624713572616,-46.54803037591064
9080,-23.64074075936293,-46.54207103100302
9090,-23.65281875936294,-46.53917632737028
9091,-23.657923830006137,-46.545672972806194
9110,-23.669654269108864,-46.50581153152538
9111,-23.67234862254022,-46.490120925760486
9112,-23.668235926452745,-46.49145827491485
9120,-23.67964722954812,-46.49573921336487
9121,-23.679556489139273,-46.502191951546436
9124,-23.73683377915356,-46.47911795977603
9130,-23.690227610046747,-46.50492775506376
9131,-23.69442349597496,-46.49612500269242
9132,-23.70365379331634,-46.50170635018185
9133,-23.73995337810408,-46.493772042948535
9134,-23.73084057839764,-46.479630863595574
9139,-23.702514826598424,-46.521858039672956
9150,-23.77733470191586,-46.30400591194204
9160,-23.766834489583992,-46.4630404588973
9161,-23.766565903593463,-46.45937451944094
9163,-23.763024846795645,-46.47374754113308
9169,-23.711901778343744,-46.515225502546826
9170,-23.70957999999996,-46.50919179384276
9171,-23.70167454700301,-46.51267414920044
9172,-23.69390688121068,-46.51276399342889
9175,-23.687311536225366,-46.51681666480546
9176,-23.679677327092524,-46.5183467623187
9180,-23.693130104910853,-46.52266683519792
9181,-23.682743185885197,-46.52529444628949
9182,-23.69757799437929,-46.53024266527213
9185,-23.6835640791015,-46.53559943919798
9190,-23.674892227869435,-46.53867996829014
9195,-23.675470579563736,-46.51478832361937
9210,-23.636881231331895,-46.5285471172226
9220,-23.623908427875147,-46.53669959531232
9230,-23.620078728836063,-46.528157177001006
9238,-23.664002678602326,-46.52309420774424
9240,-23.628789,-46.52366852054355
9241,-23.632666229254415,-46.518297103107514
9250,-23.62498187399732,-46.51488461573091
9251,-23.630354271308164,-46.50720643548685
9260,-23.631054736886146,-46.49655223896361
9270,-23.63873352899768,-46.49168494670784
9271,-23.643366981788947,-46.49970048499635
9272,-23.65016812140756,-46.49519146485455
9273,-23.65013154962983,-46.50391079807457
9274,-23.65660447499993,-46.497593835999965
9280,-23.64009068552723,-46.51540764723873
9290,-23.648551302801668,-46.5088804836257
9291,-23.64538843685443,-46.51986687551219
9310,-23.6703771515379,-46.45044016763805
9311,-23.678129866351263,-46.45032943407014
9312,-23.670019203214565,-46.445075268614175
9320,-23.659546568959623,-46.44193067387047
9321,-23.648068339394207,-46.43528347030984
9330,-23.661645332924525,-46.42192988382407
9331,-23.67313143976862,-46.420044595176016
9332,-23.65707455533452,-46.41756748579083
9333,-23.648445747120075,-46.415983480155845
9334,-23.66708614601108,-46.40801961715289
9335,-23.665586589612104,-46.41691461399956
9336,-23.66054561627915,-46.411147738011316
9340,-23.67174256969234,-46.4312622646853
9341,-23.67749077722898,-46.419099255612046
9350,-23.68113547177626,-46.44449009285006
9351,-23.68454267491952,-46.437934641958606
9360,-23.685941286334756,-46.45631502895476
9361,-23.698218979934907,-46.45713245337296
9370,-23.67703542351842,-46.46372997114656
9371,-23.669255608387637,-46.47707909137864
9372,-23.69258900183206,-46.46515944703172
9380,-23.63538403635932,-46.47824351053158
9381,-23.658486644189768,-46.46481850776928
9389,-23.6303224565756,-46.47923058090484
9390,-23.65424671133659,-46.453784949953956
9391,-23.65063244936224,-46.44677821510182
9400,-23.71152919119625,-46.41256396540937
9401,-23.70477503764657,-46.410271268944854
9402,-23.70443280705204,-46.4149019638442
9403,-23.69362449091377,-46.4377805261478
9404,-23.683234592705332,-46.41521004865676
9405,-23.701077650008685,-46.40277952393566
9406,-23.71048900104021,-46.40041755522539
9407,-23.703317699013063,-46.38760434789975
9410,-23.711461528031048,-46.38903041271894
9411,-23.718276869553915,-46.39542204717531
9412,-23.732640942020446,-46.417722876002664
9413,-23.739522815016542,-46.43177633617865
9414,-23.747396727771577,-46.43678877331445
9415,-23.75561364723873,-46.44141567257968
9416,-23.737861346527513,-46.4425925171042
9420,-23.71982876843209,-46.41323077747578
9421,-23.72247454731954,-46.420116505972615
9422,-23.723081730991687,-46.42919798837369
9423,-23.72055483895471,-46.425400926308505
9424,-23.714698829591967,-46.41830576257854
9425,-23.709006513460096,-46.42764497831902
9426,-23.70477751845635,-46.43523558342223
9430,-23.69649246836654,-46.39245208288604
9431,-23.69161837798376,-46.38203355005778
9432,-23.68839991192295,-46.391914643486345
9433,-23.6667469658932,-46.38454219172888
9434,-23.65911871866212,-46.37114381153658
9435,-23.654027178381675,-46.363654860989776
9436,-23.65116844067213,-46.36728918824492
9440,-23.684978106295823,-46.365951271317705
9441,-23.68522157216227,-46.37663215386837
9442,-23.67925725567518,-46.35529589343486
9443,-23.680028837713888,-46.35001180763909
9444,-23.69619184094592,-46.34371551613037
9445,-23.70482817487052,-46.36408325436051
9450,-23.74581246821692,-46.39621829022221
9510,-23.61496848903572,-46.571593500000006
9520,-23.607530496537542,-46.57111632722604
9521,-23.613867649460428,-46.57454146789572
9530,-23.621911665678567,-46.57435280682671
9531,-23.619941999999995,-46.570646941011766
9540,-23.624999496537548,-46.56683961122971
9541,-23.62003247100232,-46.56389282653356
9550,-23.618214713918395,-46.5511737336257
9551,-23.624190644793632,-46.55236740993422
9560,-23.63303747033521,-46.55427782445607
9561,-23.63921086372553,-46.55691086604241
9570,-23.63378101387846,-46.56212296011719
9571,-23.63575543285192,-46.56519167263089
9572,-23.64240794536904,-46.56261793055524
9580,-23.643467413266777,-46.57068033527614
9581,-23.63523961143172,-46.5781526508454
9600,-23.67222543087328,-46.55577577291884
9601,-23.671643041686643,-46.559967579506974
9602,-23.66197745904333,-46.56459334423684
9603,-23.66210689454088,-46.56451272551783
9604,-23.657673417054035,-46.568225807703925
9605,-23.658735404120176,-46.56753379643934
9606,-23.676182580904843,-46.56173349708581
9607,-23.67367754342439,-46.56062166180968
9608,-23.67497347588221,-46.56633316763805
9609,-23.665470359152234,-46.5690978212821
9610,-23.66666649235941,-46.56848906412451
9611,-23.662095747157927,-46.57029865696226
9612,-23.65771370999257,-46.571421996660895
9613,-23.67096716985976,-46.56480244873972
9614,-23.669500739338982,-46.555865753130526
9615,-23.66523171315426,-46.5565921259449
9616,-23.662663323071097,-46.558946260406906
9617,-23.668034793236707,-46.55880478686006
9618,-23.66788314625777,-46.56472102827652
9619,-23.6655281926912,-46.5646877647873
9620,-23.66750950539568,-46.57077891563272
9621,-23.664270434935524,-46.57169732500433
9623,-23.66100749235395,-46.57283044463037
9624,-23.65626596552019,-46.57382035567545
9625,-23.661003174851423,-46.56685132644711
9626,-23.65796788497878,-46.57011147300767
9627,-23.65892425921872,-46.565770076865455
9628,-23.66148702746846,-46.56416174311855
9629,-23.65610412323843,-46.56736760593526
9631,-23.6589500746581,-46.561564156962255
9632,-23.65346382569683,-46.56561280777901
9633,-23.65421623147612,-46.56687347668647
9634,-23.652483477065275,-46.56900360482441
9635,-23.65196326094742,-46.57135525776269
9636,-23.65285528166136,-46.57366139829179
9637,-23.652162191946864,-46.57459965287942
9639,-23.646889321568302,-46.58020655386782
9640,-23.655907995169144,-46.57497322009348
9641,-23.65239351788917,-46.577132000903816
9642,-23.648974040798663,-46.576632652634416
9651,-23.658379324167623,-46.580460262767616
9655,-23.654744204842885,-46.59353423187181
9656,-23.660671331148293,-46.60489401732191
9657,-23.66683364869011,-46.60931410930595
9660,-23.654320155557983,-46.59480066377157
9661,-23.66121630363839,-46.596232989468426
9662,-23.661387680824028,-46.59916383625709
9663,-23.655276661925257,-46.59854157518717
9664,-23.65968591727749,-46.60813165029715
9665,-23.6577090466557,-46.6058734479486
9666,-23.65884211547109,-46.60629135982817
9667,-23.661224999999995,-46.608966965837766
9668,-23.663674695240537,-46.61128312767612
9669,-23.662269962822343,-46.6073641196695
9670,-23.661409547200364,-46.60405589172608
9671,-23.664405376472562,-46.60595551082005
9672,-23.660841352213012,-46.60257657361936
9680,-23.66460164102505,-46.58159516068183
9682,-23.66727031727408,-46.59726876265948
9683,-23.668259834492503,-46.5962734118818
9684,-23.667270187200675,-46.59467628310915
9685,-23.6652471829015,-46.5917295745282
9686,-23.66828449875924,-46.5927843734204
9687,-23.673737620578333,-46.594797652518864
9688,-23.67302245934556,-46.59265775006165
9689,-23.667416083400663,-46.591245525376664
9690,-23.67000307966409,-46.59063753814426
9691,-23.669775659183955,-46.59112120607079
9692,-23.66936184901036,-46.58535601552324
9693,-23.664896974868807,-46.58943553413356
9694,-23.671093823316095,-46.581069719422274
9695,-23.67224160739774,-46.57202696446921
9696,-23.67486999999994,-46.55761999999999
9710,-23.71050087010218,-46.54973645216085
9715,-23.715550415200024,-46.54583597833126
9720,-23.716211489324184,-46.553602803912526
9721,-23.72052715182636,-46.54759994080892
9725,-23.70468287548627,-46.55634817423029
9726,-23.6868469114491,-46.56158498222641
9732,-23.68250776614005,-46.56158016153556
9750,-23.68855734026779,-46.55518399220971
9751,-23.691618827776466,-46.544450157712525
9760,-23.699911752985592,-46.5406516363974
9761,-23.70780308856296,-46.526832680079295
9762,-23.70639273160602,-46.52108999945175
9765,-23.707278080687963,-46.5309115329657
9770,-23.70913141381504,-46.54244297019914
9771,-23.70381160534354,-46.542679873304834
9772,-23.70900285044689,-46.53053573379358
9780,-23.715338459057104,-46.53676501255544
9781,-23.725493794905347,-46.53708185560537
9782,-23.72839650000001,-46.532958750000006
9783,-23.72570298333248,-46.52677486963253
9784,-23.71831588383136,-46.52500043952183
9785,-23.71117841564154,-46.52957925
9790,-23.73043471555856,-46.54147414146766
9791,-23.741138488593094,-46.53064515043311
9792,-23.757162227081686,-46.53052181369978
9810,-23.719581526337358,-46.56591345274897
9811,-23.72553758644476,-46.55969999719431
9812,-23.725385633360265,-46.56876592229781
9820,-23.742218146834702,-46.5536906332284
9821,-23.753100806283364,-46.55558680592178
9822,-23.761335781742968,-46.53862984794716
9830,-23.781188871487167,-46.53172215321133
9831,-23.792260778781326,-46.53898297299335
9832,-23.77565186226509,-46.51733987782035
9834,-23.805185260686937,-46.442695089812574
9835,-23.832404161049404,-46.58208239445515
9836,-23.806881,-46.61753680716602
9837,-23.824897580553767,-46.567543009667375
9838,-23.843276192986213,-46.56423455654165
9840,-23.73811612863075,-46.574190019643666
9841,-23.742654609606852,-46.57815664481501
9842,-23.753943,-46.594775858977215
9843,-23.773395241411393,-46.59722845464612
9844,-23.759959985310935,-46.57663369699232
9845,-23.741985789944177,-46.57063166374291
9846,-23.733751726549656,-46.57522894949214
9847,-23.770979607132553,-46.587959809660354
9850,-23.72660126431488,-46.580070208785166
9851,-23.715689476185705,-46.59072041550077
9852,-23.73329605192586,-46.596981366719305
9853,-23.735378999999945,-46.59363321813159
9854,-23.755879996650616,-46.60005872382516
9855,-23.732643531219377,-46.58895590014267
9856,-23.735050545844533,-46.60677805997337
9857,-23.74952830602806,-46.62193500000001
9860,-23.701854597711822,-46.5780690968321
9861,-23.711871841565856,-46.58159249510195
9862,-23.701067223440365,-46.58330510811352
9869,-23.7226447933144,-46.57386288954881
9890,-23.695065717713746,-46.567541983827724
9891,-23.68493687650748,-46.57002198499636
9892,-23.68304048626577,-46.57602019594326
9894,-23.67748170330083,-46.57581641243005
9895,-23.702449485140587,-46.57041047155059
9896,-23.703891459572716,-46.566332140061476
9910,-23.69106134207682,-46.629454098675794
9911,-23.68922598303446,-46.61812471839445
9912,-23.688942728807405,-46.61361221011016
9913,-23.679938617434978,-46.629691268757526
9914,-23.690634089714585,-46.63168287880947
9920,-23.6824350839346,-46.62260956320334
9921,-23.680977815569282,-46.61255096559344
9930,-23.671809388232067,-46.616840543857066
9931,-23.665889650297142,-46.62346849362335
9932,-23.6651506196117,-46.61663334365811
9940,-23.668846794073428,-46.60347700473186
9941,-23.676117839717016,-46.60564370594089
9942,-23.684070164579644,-46.59807369754457
9943,-23.67204317790985,-46.60019717692889
9950,-23.681929322090145,-46.58703198362571
9951,-23.68898807343688,-46.58815224112638
9952,-23.692338672134422,-46.59853877930514
9960,-23.694559795169944,-46.597656458346385
9961,-23.701203933377652,-46.59553546543374
9962,-23.701097232298512,-46.5981981283686
9963,-23.705302180131543,-46.5962109358878
9970,-23.719691141972937,-46.611635369526105
9971,-23.72545586343708,-46.6202650073576
9972,-23.721385599226696,-46.61803800933116
9973,-23.71856950986776,-46.617002800998335
9974,-23.723369455176297,-46.611786213644734
9980,-23.70613337039064,-46.61215949293245
9981,-23.710300784898173,-46.60781372656839
9990,-23.69726794643372,-46.61997097961642
9991,-23.695030670407593,-46.61183197085809
9992,-23.699598983378912,-46.623448932973616
9993,-23.702414793784964,-46.62084214542106
11010,-23.93358949460431,-46.32905057271053
11013,-23.93855797571648,-46.32490908992154
11015,-23.952754791563265,-46.31934037898898
11020,-23.967778096586642,-46.305052530599
11025,-23.97041243574358,-46.307627392723205
11030,-23.984963245080447,-46.30181736244726
11031,-23.93304734722135,-46.32555732001267
11035,-23.98006883819032,-46.30472941271852
11040,-23.97212493949449,-46.314537931300165
11045,-23.970298814732566,-46.322688223916515
11050,-23.95689101998098,-46.326446947270426
11055,-23.966281917763073,-46.32896170087712
11060,-23.963482697198327,-46.3330168758951
11065,-23.96587452899768,-46.34150751526344
11070,-23.955238813203355,-46.34502053788447
11075,-23.955168288937543,-46.33825949705917
11080,-23.943076700805012,-46.35149128486513
11081,-23.933858776987602,-46.34342876337203
11082,-23.937908837415264,-46.33977195014193
11085,-23.93859650011278,-46.36324264071785
11086,-23.944485211230486,-46.374332353391935
11087,-23.945768905909183,-46.378502087714175
11088,-23.94057629364074,-46.38379718388246
11089,-23.93980318428649,-46.36960850706912
11090,-23.936984852905496,-46.37639894324539
11095,-23.92764825676588,-46.38278809991919
11200,-23.35305445976261,-47.07797532569683
11250,-23.826014344486126,-46.11729681393945
11310,-23.96738201340517,-46.38626854289396
11320,-23.969330969065823,-46.37238137229324
11325,-23.987882631774134,-46.39305174374789
11330,-23.96833960874899,-46.399847284772726
11335,-23.96519280031596,-46.40968754749272
11340,-23.95773482589892,-46.407250275119935
11345,-23.99064251809417,-46.488986080068074
11346,-23.98437623004785,-46.48822259320226
11347,-23.981417169693906,-46.46862860995648
11348,-23.954472364383207,-46.46043166409307
11349,-23.95089345160382,-46.45907310386832
11350,-23.94409120977439,-46.41503330072635
11355,-23.951547410223,-46.40577897725694
11360,-23.94478940384697,-46.39773803333557
11365,-23.952733389913895,-46.39400274068731
11370,-23.956020321148316,-46.381115501041634
11374,-23.99016674581044,-46.47193698078344
11380,-23.960278561873864,-46.3723529104988
11390,-23.962573044885765,-46.380724445524564
11410,-23.996362337497825,-46.25918356134223
11420,-24.00874962698363,-46.27287137930403
11421,-24.01468861143173,-46.28387010061169
11425,-23.997492026116426,-46.30325046952994
11430,-23.99408503230253,-46.28638999662847
11431,-23.99556334508509,-46.278862818045845
11432,-23.988312,-46.27152853926945
11435,-23.97626790288281,-46.25902391883306
11436,-23.973247329789416,-46.24943620370242
11438,-23.964105436513734,-46.24706218089051
11440,-23.98412434915458,-46.24151037468982
11441,-23.979387572854765,-46.22746026395057
11442,-23.978624736621192,-46.22163429433324
11443,-23.98102677713655,-46.204418818483475
11444,-23.972677376074785,-46.19043560560335
11445,-23.95789646373347,-46.19541533142565
11446,-23.939770352620613,-46.183004795842194
11449,-23.974138790118783,-46.19586545375699
11450,-23.941438868717192,-46.30279503554525
11451,-23.94353458006812,-46.29217145282468
11453,-23.936155656309886,-46.287061430824025
11454,-23.94668928291696,-46.28125598444596
11460,-23.948573688397396,-46.28881238200445
11461,-23.950751979246586,-46.28557868257502
11462,-23.954242068083943,-46.28575675861377
11463,-23.95156347676932,-46.29800249398557
11470,-23.959560965722208,-46.28126850360668
11471,-23.96472343963872,-46.27952130476076
11472,-23.972996235721045,-46.27484688949092
11473,-23.95311968425569,-46.291039381080736
11495,-23.96325558692207,-46.25277195075146
11497,-23.96351925,-46.24482487499999
11500,-23.88053140039689,-46.41644242338826
11505,-23.875381392608364,-46.42139222358542
11510,-23.886638434610326,-46.42304452645806
11515,-23.889519116291495,-46.42937072865928
11520,-23.895503831238777,-46.4237103241445
11523,-23.90400748364488,-46.42445887962547
11525,-23.893171982091765,-46.4276406335075
11530,-23.93074431439345,-46.40004225297936
11531,-23.924513730089046,-46.40994689162527
11533,-23.928017248452704,-46.40974325179474
11534,-23.920206719117807,-46.427140162274576
11535,-23.93360133279263,-46.43037914253563
11538,-23.899695771324307,-46.4337460997786
11540,-23.87442495936004,-46.4467034808632
11542,-23.912245831040494,-46.46369043923791
11543,-23.882181189336944,-46.45215260808818
11548,-23.878207618952977,-46.41787622673438
11550,-23.87824490292869,-46.42656376030944
11555,-23.880914180362485,-46.45025018036249
11570,-23.835696870968384,-46.378451714779516
11573,-23.883457499999995,-46.4281605
11600,-23.773619360168134,-45.439279039480965
11601,-23.717702700823573,-45.43166164640201
11602,-23.727633532200315,-45.42451876879801
11603,-23.73169749861502,-45.40377243255526
11604,-23.76702450458763,-45.41154712254024
11605,-23.77280313447832,-45.4047231165676
11606,-23.780393863961322,-45.40243548106102
11608,-23.80133475957938,-45.40108798203914
11609,-23.801253171244745,-45.40500521787178
11610,-23.808927070488828,-45.41473284338694
11611,-23.813806641410352,-45.41803072186531
11612,-23.824331748542903,-45.434371956142925
11614,-23.82031256148645,-45.4597365431646
11615,-23.81462374803113,-45.52927265238269
11617,-23.79927776985284,-45.54843532584106
11618,-23.782944741465588,-45.62128078253885
11619,-23.77546831779098,-45.64636421065842
11620,-23.79298724202204,-45.55563291618097
11621,-23.773648606401455,-45.67520099018009
11622,-23.77125482041671,-45.692908748940624
11623,-23.76612309782456,-45.73180239953592
11624,-23.76023212966762,-45.763905742786626
11625,-23.76410937665373,-45.78841302678546
11626,-23.75399076399537,-45.82320197280566
11628,-23.78972254731953,-45.56044702905732
11629,-23.758120655592244,-45.413962545160096
11630,-23.81971497866168,-45.364831339316744
11660,-23.622170708943223,-45.414693753140185
11661,-23.619909682577518,-45.40067965458163
11662,-23.62286209394619,-45.38548215414741
11663,-23.612310050075482,-45.38110813604854
11664,-23.61372891251507,-45.39251193802126
11665,-23.63368808122344,-45.42534019477089
11666,-23.668758598917805,-45.43749582108442
11667,-23.68492738128075,-45.43591699023879
11668,-23.713821974519405,-45.44033986502819
11669,-23.698612564637664,-45.44513411444572
11670,-23.688214368449223,-45.44664759172546
11671,-23.67852961620368,-45.45002005175128
11672,-23.663000450332817,-45.4389212313412
11673,-23.637719152563932,-45.43655004091719
11674,-23.628671230971943,-45.43375921837529
11675,-23.61475036926124,-45.42724780498616
11676,-23.601303788138033,-45.35361793818019
11677,-23.579572013295326,-45.33403299617882
11678,-23.662996925755554,-45.447231875515854
11679,-23.572526319476243,-45.27562086744737
11680,-23.441534748542907,-45.07770739869582
11700,-24.0098163062332,-46.40653414713344
11701,-24.008581329681114,-46.419632758540544
11702,-24.014039731057764,-46.43776865973222
11703,-24.020784104636718,-46.46044875655767
11704,-24.026130057317182,-46.477978802406426
11705,-24.03689918734802,-46.504948772000645
11706,-24.047501558283813,-46.52555654185281
11707,-24.05519730210918,-46.54428746202689
11708,-24.067743281613705,-46.568806921172616
11709,-24.079328325237555,-46.59005076024696
11710,-24.076505170680576,-46.59340487457402
11711,-24.05950102260511,-46.56245867311238
11712,-24.0356778373536,-46.53013392630852
11713,-24.030355622888596,-46.52282535571763
11714,-24.02566266750459,-46.51089432088392
11717,-24.02215461617444,-46.497033448132555
11718,-24.01649221565008,-46.481921795299634
11719,-24.014903605588074,-46.466549233016494
11720,-24.00746508407979,-46.45628154968547
11721,-24.010328216068448,-46.45199144502513
11722,-24.00146687705574,-46.44957740252136
11723,-24.00327729814238,-46.444065024698496
11724,-24.002037949685565,-46.43075275267668
11725,-23.99722400083672,-46.42230630904842
11726,-23.99512911783301,-46.4075592227343
11730,-24.11373931442192,-46.66840736490951
11740,-24.179488048380325,-46.790758978226386
11750,-24.30617473327946,-46.99256942724175
11760,-24.290937001434084,-47.17437208229528
11770,-24.303711041917182,-47.06606866478016
11790,-24.27675467981726,-47.23407244059534
11800,-24.316571888585685,-47.63525583551032
11850,-24.283932965231365,-47.45439707454974
11900,-24.497898454065435,-47.84484394372821
11910,-24.385276546597087,-47.9276637143347
11920,-24.706323968600557,-47.560676548593264
11925,-24.73951532787161,-47.54796524999999
11930,-24.714716025665258,-47.88213163745727
11940,-24.70121442198993,-48.00555680631658
11950,-24.72699106942597,-48.11035831607581
11955,-24.758293660454623,-48.505209815067765
11960,-24.522730105691313,-48.108957434639024
11990,-25.010159924333628,-47.93082375399905
12010,-23.032369762716268,-45.55866508836666
12020,-23.02499883377845,-45.55767233310099
12030,-23.033035134673213,-45.56949098899462
12031,-23.038768423268863,-45.58175683603841
12032,-23.039978504150483,-45.58959553333088
12040,-23.03064336065063,-45.59358606235085
12041,-23.026857708582703,-45.576528693521865
12042,-23.039028603900853,-45.61128653185834
12043,-23.027873657510504,-45.622403153432536
12045,-23.04826629875125,-45.62934393313515
12050,-23.01976997742236,-45.57141697102275
12051,-23.01126891380883,-45.58556463095773
12052,-23.010511622964046,-45.56852099999999
12053,-23.002220339842328,-45.57667193128501
12054,-23.023045010918338,-45.57946618420254
12060,-23.01531626715146,-45.55837595218639
12061,-23.00317277564364,-45.55932097445121
12062,-23.002893025631405,-45.550236788428286
12070,-23.01751005613373,-45.54124205696872
12071,-23.005298642429764,-45.530211529069256
12072,-23.00755445211158,-45.52116478463918
12080,-23.02363775880336,-45.550090599504244
12081,-23.02818348424292,-45.53357422130574
12082,-23.036135195103856,-45.54559527733444
12085,-23.01762090448215,-45.51796190175425
12086,-23.04793081488261,-45.52453719729286
12090,-23.044487818631268,-45.55490019409283
12091,-23.045668849621308,-45.56697381686663
12092,-23.056274930104923,-45.58528164286744
12093,-23.068180637073,-45.5681229832869
12095,-23.075432398533493,-45.53830411708579
12120,-22.970573797573714,-45.545955394585675
12130,-23.09059474050045,-45.19115544997071
12140,-23.22325766499806,-45.30922176217247
12150,-23.246340095815523,-45.20372634808252
12170,-23.280909256567902,-45.53469777463215
12180,-23.37752182651149,-45.44433143923149
12209,-23.1770480448237,-45.88450561219632
12210,-23.183532199001668,-45.88430443220902
12211,-23.16196891687345,-45.892859089027034
12212,-23.159515403862702,-45.903405478489816
12213,-23.14646662582279,-45.91081949847078
12214,-23.16448875437128,-45.91561533582437
12215,-23.18477010528232,-45.87292242117262
12216,-23.19487194699631,-45.88073235247282
12220,-23.178608716905167,-45.854389875382296
12221,-23.171308067574635,-45.84018548377139
12223,-23.17929593366611,-45.827152995583525
12224,-23.172552644933337,-45.81492198362571
12225,-23.193359538995324,-45.7894007208581
12226,-23.209070775323045,-45.80292518803739
12227,-23.210239378943502,-45.85486112066478
12228,-23.249375785316527,-45.831771575561966
12229,-23.271176509160924,-45.86574786418373
12230,-23.225423322782643,-45.88740164446877
12231,-23.224919290870783,-45.88013074034858
12232,-23.26180166695856,-45.88478796725142
12233,-23.244327590291597,-45.88777507281957
12234,-23.282120609210025,-45.89566372883607
12235,-23.23290751099851,-45.90305024562871
12236,-23.25093316846045,-45.89913462753188
12237,-23.24481685567545,-45.91407021703508
12238,-23.25610234194122,-45.91634533059197
12239,-23.267410375800665,-45.90284628677361
12240,-23.224926970858093,-45.91670546912687
12241,-23.23019510352587,-45.92512146563536
12242,-23.20036901970684,-45.90765713754865
12243,-23.2027234365803,-45.89601107216228
12244,-23.200114647430382,-45.94448459626565
12245,-23.196937759478832,-45.88897118082402
12246,-23.217300219545223,-45.9081219908534
12247,-23.13956824646544,-45.77624123550117
12248,-23.171412122396,-45.795485865803
12249,-22.911681579851106,-45.959735532902016
12250,-22.95510483451484,-45.83889267359648
12260,-23.38858652162116,-45.66356840774797
12270,-23.254550463796555,-45.694161765258556
12280,-23.09354972231519,-45.70386098063939
12281,-23.105182861503835,-45.70620237676727
12282,-23.102101623925204,-45.699283365163325
12283,-23.1023043367921,-45.683002623925205
12284,-23.114978146127875,-45.701529919942786
12285,-23.12219034693288,-45.711458617404325
12286,-23.110053867351454,-45.72002919525076
12287,-23.10680088634657,-45.713401127185634
12288,-23.092499503750904,-45.711508672016
12289,-23.070562223828198,-45.717018294405335
12290,-23.057154800318813,-45.71273622698918
12294,-23.14126941159788,-45.71539846325938
12295,-23.188411473001143,-45.73469285365463
12297,-23.08771717675143,-45.689991538306124
12301,-23.266618779101236,-45.93984988347117
12302,-23.27017237103381,-45.931628341797
12305,-23.274983990921513,-45.947552679875656
12306,-23.28900808289465,-45.9483997060708
12307,-23.29651345809048,-45.956155609602035
12308,-23.304238944149432,-45.962692417710166
12309,-23.310011166924895,-45.958088970165605
12310,-23.29769379323671,-45.9455137178718
12311,-23.281043051876303,-45.941391361260656
12312,-23.30176699056494,-45.930596447688814
12315,-23.318708217871794,-45.923898996537545
12316,-23.31740357857868,-45.94107791974115
12318,-23.31338612988445,-45.95316189210283
12319,-23.324136323201,-45.97046044621863
12320,-23.314497856772608,-45.9748056895666
12321,-23.29817605870217,-45.984345668748915
12322,-23.310936605618938,-45.98358176380634
12323,-23.326012188490914,-45.99523953262444
12324,-23.312546999999995,-46.00547150291419
12325,-23.305322869910974,-46.01570180528421
12326,-23.32423999377957,-46.04564761976022
12327,-23.302661247830148,-45.97272884318196
12328,-23.287639263402315,-45.962214270622816
12329,-23.28543527343459,-45.937806673610666
12330,-23.29763889490893,-46.03495846784491
12331,-23.265826680900282,-46.06668702619345
12333,-23.223861835478388,-46.072129238900615
12334,-23.28096241250986,-46.006091126215374
12335,-23.262109606714198,-45.96483944969415
12340,-23.366577310302368,-46.02714209471905
12341,-23.293575656670832,-45.98510497307211
12350,-23.205896516588066,-46.15488072316306
12380,-23.39882213094952,-45.88471699952852
12400,-22.92633089119069,-45.462794140710805
12401,-22.92165312169474,-45.46268233298903
12402,-22.91692579141649,-45.44794035653159
12403,-22.92247087354521,-45.4482711192251
12404,-22.919293252746396,-45.429414169295285
12405,-22.92417316437298,-45.436649704076444
12410,-22.934478414404524,-45.45652570078954
12411,-22.93250512002047,-45.4357295052119
12412,-22.95365075988476,-45.45907942401017
12413,-22.946384155398913,-45.418546940966934
12414,-22.944519706946462,-45.4078456405865
12415,-22.96052734651706,-45.40772274795248
12420,-22.9436630235637,-45.46455250553454
12421,-22.95335669241313,-45.4806730723809
12422,-22.937512441994667,-45.47376633462776
12423,-22.946360342246706,-45.50280559428661
12424,-22.95722092743822,-45.48932011140916
12425,-22.931412120579644,-45.47631746329491
12426,-22.94978971282043,-45.49853786217131
12440,-22.913875797003225,-45.3699667650022
12441,-22.92217570773534,-45.36321464840084
12442,-22.94261833738875,-45.377135049648494
12443,-22.89670433470115,-45.37068577193569
12444,-22.89553856049308,-45.37899253085773
12445,-22.888531986767457,-45.37413566530087
12446,-22.886170082037843,-45.36825605298905
12450,-22.82511772565659,-45.66713731392029
12460,-22.738086,-45.58660579034935
12490,-22.68813065829912,-45.732685484976415
12500,-22.81489255540806,-45.19195874956869
12501,-22.818008914391054,-45.194647427240554
12502,-22.81509047099359,-45.18346905394792
12503,-22.826719437735164,-45.18998376523204
12504,-22.824510098624263,-45.204923437597145
12505,-22.814524431472673,-45.19951078731906
12506,-22.803361537396185,-45.21047456048193
12507,-22.806744430084567,-45.23892657317777
12508,-22.793410733784768,-45.269962685897234
12509,-22.796776743984523,-45.224850028001306
12510,-22.787124999999943,-45.22848981599998
12511,-22.800125731308672,-45.20640636389564
12512,-22.773046945405863,-45.20983189935114
12513,-22.780687776873663,-45.19860764822047
12514,-22.79646405005297,-45.19736473067204
12515,-22.806099455219105,-45.1939234236888
12516,-22.80163953690108,-45.18790534813558
12517,-22.794986697589646,-45.18391117397936
12518,-22.787042952995137,-45.18310600196299
12519,-22.777320600728174,-45.18483960973897
12520,-22.807156874074938,-45.17807595035918
12521,-22.78235797178833,-45.16547331997539
12522,-22.77876987643837,-45.14991139419992
12523,-22.78766477493165,-45.14934590035266
12524,-22.818684614091907,-45.17753077083046
12525,-22.837864149026338,-45.25798731829132
12530,-23.074765412717973,-44.95854979053213
12540,-22.92369269347052,-44.82295421233386
12570,-22.846827930538257,-45.23172868394487
12580,-22.899431819086512,-45.30778666104145
12600,-22.730642245628715,-45.12311175382301
12601,-22.73614885152052,-45.129320598114646
12602,-22.724705917532695,-45.12035413750359
12603,-22.72508221510183,-45.109595211206695
12604,-22.73156997999365,-45.1088715231693
12605,-22.73680238120441,-45.096921906745685
12606,-22.74080379573482,-45.110031602905494
12607,-22.743388132788247,-45.115369577918536
12608,-22.741532664663016,-45.12514495809049
12609,-22.750014142939563,-45.121568154870445
12610,-22.751483192527825,-45.13178521357261
12611,-22.743464335090177,-45.134539160429895
12615,-22.704113237153624,-45.05253842862599
12620,-22.609202884476748,-45.18422324999999
12630,-22.66843710629584,-45.00878877459724
12690,-22.66532930873332,-44.85249665898394
12701,-22.57792780460501,-44.961712701807365
12702,-22.586712402256147,-44.968784367387705
12703,-22.583672297535884,-44.97525359602073
12704,-22.579231353179622,-44.98252329240488
12705,-22.574428822047402,-44.97057328374469
12710,-22.568052956246024,-44.9601252323295
12711,-22.56240601809484,-44.96777941490435
12712,-22.55976480368316,-44.95949740716189
12720,-22.565393601038593,-44.944985061052954
12721,-22.558198138957408,-44.94467004223118
12722,-22.561232296735007,-44.93720147966539
12723,-22.560501195394984,-44.931592980293146
12730,-22.579625671937233,-44.9523869172197
12760,-22.56338792125327,-44.923645580509714
12800,-22.536382826709648,-44.77333596757893
12820,-22.581221491779942,-44.69581575237014
12830,-22.644688712752306,-44.5780456818551
12850,-22.68310413918579,-44.32072175693357
12870,-22.67354353633415,-44.44834126039903
12900,-22.95593720493537,-46.54166246989148
12902,-22.958646935339555,-46.54855497224308
12903,-22.94744055636757,-46.55305474093037
12904,-22.94473737829649,-46.54909683937328
12906,-22.939154485088338,-46.54895426038968
12908,-22.93567654731953,-46.54517133655397
12910,-22.940396588594353,-46.53201156842775
12912,-22.951731101304176,-46.534978340380775
12913,-22.9611004365803,-46.52375970408754
12914,-22.963762660670895,-46.534675564592376
12916,-22.978289064660448,-46.535895622506935
12917,-22.98160513919944,-46.54661763718974
12918,-22.977600797425307,-46.623819464291614
12919,-22.97125769159007,-46.548959019274406
12922,-22.914418499999996,-46.55514369213454
12924,-22.869283573689703,-46.53067733881425
12926,-22.920569097470647,-46.540915526001726
12927,-22.91286329262981,-46.53431024562872
12929,-22.93617033166944,-46.52474157897161
12930,-22.81329014872732,-46.6950565073992
12935,-22.89155725785298,-46.41395861421242
12940,-23.11426397668648,-46.5534280320561
12941,-23.12082608175103,-46.5412789777252
12942,-23.12191794754457,-46.56115568176768
12943,-23.128136528997672,-46.569299265191326
12944,-23.109719092143244,-46.555536313341705
12945,-23.112330841797,-46.527719237587206
12946,-23.143151190995106,-46.55125314363203
12947,-23.13766618272218,-46.557428530025724
12948,-23.21804156837178,-46.59433761689398
12949,-23.15259900024776,-46.586466
12950,-23.143586641554577,-46.5839712634601
12951,-23.12535365219165,-46.583578676380625
12952,-23.106035930889064,-46.59248112377794
12953,-23.09537257517733,-46.6002934902457
12954,-23.048803474529848,-46.55356696461823
12955,-23.135995325786332,-46.46835009356723
12960,-23.179311782630496,-46.39612905553314
12970,-23.05488484921433,-46.35602381159757
12980,-22.930649377138664,-46.27583137469614
12990,-22.7950711755568,-46.44318114276649
12995,-22.78149969138461,-46.59025263142381
13010,-22.90462774964064,-47.0580504672514
13012,-22.90470894646929,-47.05976913567811
13013,-22.906264145152804,-47.06181847352718
13015,-22.90451691257429,-47.05683980474924
13020,-22.89937146932889,-47.06649998987245
13023,-22.893862529175948,-47.06200600118296
13024,-22.891810634761143,-47.055030820705184
13025,-22.89821946932889,-47.051800422846064
13026,-22.912679797391647,-47.04739084675752
13030,-22.92481964304751,-47.0738605646412
13031,-22.919528661117194,-47.087036369902194
13032,-22.907003039961943,-47.08506716561712
13033,-22.90483995554609,-47.097678682901496
13034,-22.910844132667776,-47.08935511296093
13035,-22.911352825985286,-47.07547752994448
13036,-22.920155694947937,-47.0684752162168
13040,-22.93746528451247,-47.06117385967988
13041,-22.91979508301533,-47.05754439264363
13042,-22.956148032056092,-47.05032438891451
13043,-22.9351316155266,-47.039852367476456
13044,-22.940480325292803,-47.04276989731084
13045,-22.936664758767982,-47.03215232068105
13046,-22.93429009536517,-47.01927017485142
13049,-22.942326904957344,-47.07925124134245
13050,-22.938754299881417,-47.09497201092229
13051,-22.95778955473134,-47.090188901785524
13052,-22.98347866971553,-47.10229658175729
13053,-23.030978244521016,-47.1112080142353
13054,-22.9751512492354,-47.127382628757495
13055,-22.993762322090152,-47.11604357522069
13056,-22.97433097222297,-47.142172814434446
13057,-22.974205243407017,-47.172892149316205
13058,-22.95217164543539,-47.19017722146181
13059,-22.942318882595664,-47.15977725
13060,-22.931073230365268,-47.11188236955391
13061,-22.912024306134228,-47.11299307614577
13063,-22.889292569248084,-47.10872145712385
13064,-22.89468933166945,-47.14791219327427
13065,-22.881708916599326,-47.12658607250852
13067,-22.874713438802,-47.143760657510505
13068,-22.86256402553522,-47.152460362340555
13069,-22.842088224715763,-47.151372357897145
13070,-22.893060504443397,-47.08015686150384
13073,-22.885055937272785,-47.06812421787178
13075,-22.87979869199786,-47.06143384398819
13076,-22.881994037973115,-47.05134892464941
13077,-22.876832921551408,-47.04224699970871
13080,-22.8503387378232,-47.072122980997676
13081,-22.858169500966618,-47.06734168685443
13082,-22.845301429559346,-47.10321588787578
13083,-22.815225423956917,-47.07124273986333
13084,-22.82351113360795,-47.08526185650335
13085,-22.791891588662267,-47.082897198809675
13086,-22.835344166824967,-47.05462069747245
13087,-22.85695393477696,-47.05300912385309
13088,-22.859269749060594,-47.03818834612936
13090,-22.887913065497166,-47.037989244589994
13091,-22.87989010491085,-47.03068065015293
13092,-22.896934575076457,-47.03920831654157
13096,-22.92586323643969,-47.03126704884875
13097,-22.84608572745108,-47.0244304118818
13098,-22.818747670690907,-47.02470356609523
13099,-22.751112934264707,-47.01301559378374
13100,-22.9144366079996,-47.03939078040794
13101,-22.91817285059373,-47.01508677374607
13104,-22.861489479206718,-46.97525849686727
13105,-22.886938021236055,-46.97865783040234
13106,-22.884649910352586,-46.96291574999999
13107,-22.87126448987245,-46.959891501384966
13108,-22.88907911046519,-46.94397523022008
13140,-22.76852299417162,-47.15157250528013
13141,-22.8000915,-47.14370619799996
13142,-22.77978096725142,-47.17462138065647
13144,-22.75477260699995,-47.200732355999946
13145,-22.73285311837096,-47.176169524352254
13146,-22.72941717024144,-47.168973112666784
13147,-22.733134362183417,-47.14026536262738
13148,-22.78039970122937,-47.11651877338564
13150,-22.642453857990034,-47.18996323777026
13152,-22.63943272184683,-47.17850922487685
13154,-22.632980315702795,-47.177989130669985
13155,-22.63072190927511,-47.18904412333465
13157,-22.635002017601487,-47.19755085087322
13160,-22.573781891885808,-47.16622822963837
13165,-22.48971873171238,-47.21044279148029
13170,-22.822175394252426,-47.27079203619061
13171,-22.832287208436725,-47.27174067430061
13172,-22.81513512545441,-47.28559618373821
13173,-22.798566440186978,-47.2765863244561
13174,-22.81431293878514,-47.26359168206479
13175,-22.815380189566604,-47.2424954167228
13176,-22.901114435230465,-47.274131211104006
13177,-22.809471349702847,-47.22722917764835
13178,-22.801829321799165,-47.20262330726761
13179,-22.820815060014425,-47.171946579560405
13180,-22.835544452623218,-47.163964982370615
13181,-22.84188948542905,-47.18920077004967
13183,-22.854972462126348,-47.2128312687602
13184,-22.86952343435412,-47.213513682699244
13185,-22.89359467763827,-47.1734224428414
13186,-22.884873080397902,-47.19933217790772
13187,-22.895102426639284,-47.21610698595899
13188,-22.8989004451969,-47.236887368592036
13189,-22.875755285587942,-47.23336646190097
13190,-22.947960386642016,-47.306458210724784
13201,-23.186447429770976,-46.886393667349594
13202,-23.204463170696485,-46.871478462895496
13203,-23.21600315091939,-46.86025349639333
13205,-23.24887062175896,-46.85331347278536
13206,-23.212279317521407,-46.880498934598684
13207,-23.19981083904826,-46.886813901321545
13208,-23.194530383237616,-46.897076217653904
13209,-23.18106604273191,-46.90179072869184
13210,-23.224072672870243,-46.88417411988585
13211,-23.188281463240703,-46.917268857348894
13212,-23.17844205522539,-46.96961383859434
13213,-23.153520765304442,-47.00267281826414
13214,-23.1607485165042,-46.91530621925678
13215,-23.172418498250238,-46.88751080890418
13216,-23.173409378022363,-46.874073857251304
13218,-23.178988440331203,-46.85606312519462
13219,-23.1886549597496,-46.85177064355013
13220,-23.209440743981595,-46.84582750606114
13221,-23.19466270136176,-46.831321532609
13222,-23.19509441627782,-46.82105201382189
13223,-23.214642313163168,-46.8122620337713
13224,-23.219135312411904,-46.83324813828847
13225,-23.22766455531325,-46.8447414561792
13226,-23.24551213813836,-46.82518234120005
13230,-23.20765776164771,-46.78639361266252
13231,-23.200019762772936,-46.7815798131192
13232,-23.21131971498459,-46.76282421419109
13233,-23.17945716697045,-46.7704034300837
13234,-23.219210109370174,-46.72411527099542
13236,-23.21317496923546,-46.7975388891248
13238,-23.236100697711244,-46.77081191138584
13240,-23.09786854430788,-46.71666653697735
13250,-23.00477675994919,-46.84000557789587
13251,-22.99671476015504,-46.83569685605759
13252,-22.96504972157105,-46.81239805786069
13253,-23.003693237743995,-46.82416432081719
13254,-23.01006325185985,-46.81331016487045
13255,-23.02239491157752,-46.84432861476108
13256,-23.00968127340993,-46.853418489894764
13257,-22.98641891848365,-46.8518323368461
13260,-22.876145056241885,-46.79343025489644
13270,-22.975093324676056,-47.00146007593362
13271,-22.969857849881656,-47.010072531515256
13272,-22.95286988693986,-47.00092310318832
13273,-22.948567358990157,-46.97808319559753
13274,-22.96405817350523,-46.98316642431299
13275,-22.982718551504377,-46.9851148286524
13276,-22.97930244479442,-46.99493634406668
13277,-22.989543421016528,-46.9981490864285
13278,-23.001398468668224,-47.01631054744439
13279,-23.01586158699584,-47.02899613443265
13280,-23.03007611157596,-46.9780353274274
13281,-23.169278439820463,-46.462087817094016
13282,-23.032115803066382,-46.92179344852124
13283,-23.01394204344978,-46.97478868680459
13284,-23.019204929222703,-46.987805064112194
13285,-23.03691913454404,-47.008359782892825
13286,-23.050484533451986,-47.02076714654705
13287,-23.050918625600186,-46.98909031814199
13288,-23.07067278958273,-47.00007371464115
13289,-23.037660815623113,-46.979719989035715
13290,-23.08616582768689,-46.95452406342454
13295,-23.156028484601308,-47.05029110789715
13300,-23.264863458797304,-47.30019148557328
13301,-23.256284102963285,-47.29629418991285
13302,-23.26486274147377,-47.27381104539704
13304,-23.276297616189282,-47.27548060132837
13305,-23.283558214135205,-47.25198684378273
13306,-23.286789376911514,-47.28113708776003
13308,-23.388842959893825,-47.34073109033989
13309,-23.281059686138786,-47.29329089687816
13310,-23.275140165795975,-47.306098271439296
13311,-23.262066639462784,-47.31517403533434
13312,-23.258682252939348,-47.350557977744494
13313,-23.251183512897505,-47.31544486274458
13315,-23.27008902331352,-47.06238176547311
13318,-23.2935707463212,-45.96052091068166
13319,-23.28867817281418,-47.0565400118141
13320,-23.20247301887012,-47.29433699694157
13321,-23.1919506083782,-47.29076085317961
13322,-23.193782098808345,-47.27440355627289
13323,-23.21403805023373,-47.26931660521363
13324,-23.20710507752232,-47.30910430433089
13326,-23.193460089084496,-47.30988350208648
13327,-23.179211520068115,-47.31278396116133
13328,-23.177687785730715,-47.344398242678466
13329,-23.162744723844405,-47.308434720381946
13330,-23.085985886354763,-47.21685179489583
13331,-23.073330991984356,-47.22765909769748
13332,-23.06269601998097,-47.21753688197529
13333,-23.074703596586644,-47.209089323455494
13334,-23.08322868665241,-47.2040706362037
13335,-23.076138636058502,-47.19666968001491
13336,-23.06773567271062,-47.192657528939876
13337,-23.06331052773375,-47.17191310851752
13338,-23.089012433494208,-47.19249212829334
13339,-23.09215423022105,-47.201626199420026
13340,-23.101286900568063,-47.18175286994224
13341,-23.12581311220982,-47.16540044622237
13342,-23.13571012861867,-47.18268584379485
13343,-23.10056859562001,-47.20624588714183
13344,-23.107571058989517,-47.21508426645819
13345,-23.103211012767606,-47.22150769626296
13346,-23.117544560231376,-47.22811098362571
13347,-23.132453225773283,-47.22496128844455
13348,-23.120039378296497,-47.2382851851232
13349,-23.1227145,-47.248599330369316
13350,-23.04248650782439,-47.37096149932819
13355,-12.99385222547416,-38.4808818461084
13360,-22.997128499999995,-47.50653978919266
13370,-23.01840459516124,-47.52851815859589
13375,-22.92940931834325,-47.56319365342264
13380,-22.77962991781703,-47.29890559112249
13381,-22.801455426942493,-47.32591335692825
13382,-22.801814900153033,-47.309577610711905
13385,-22.78865962782737,-47.29423328888605
13386,-22.80231863289912,-47.30373935537221
13387,-22.77637696880055,-47.28129521993991
13388,-22.766837785472692,-47.26255686148491
13389,-22.76428975859273,-47.226612971490795
13390,-22.84180587399275,-47.60754403112421
13400,-22.72567088177327,-47.65094049249817
13401,-22.747935357897155,-47.658442212852464
13402,-22.74813382654024,-47.67156218621903
13403,-22.729612783074657,-47.674613988707335
13405,-22.70928658782974,-47.66552445822037
13406,-22.68117096237163,-47.70264197155058
13408,-22.67123613765944,-47.6954132016274
13409,-22.67707480045007,-47.708054132469705
13411,-22.673017283787317,-47.682837096185544
13412,-22.68174537053488,-47.66081275867047
13413,-22.666861479023744,-47.603306288793306
13414,-22.68852525339033,-47.63473741742171
13415,-22.706970558711525,-47.59475322169452
13416,-22.716528528160943,-47.64025398154823
13417,-22.73886839299734,-47.63634593907612
13418,-22.723704062727204,-47.63064220191586
13419,-22.729385361792296,-47.641032113162936
13420,-22.738508133101426,-47.62078852449649
13421,-22.771355775430017,-47.59636830085411
13422,-22.756983332924523,-47.601096553292145
13423,-22.766803543712854,-47.59029076573958
13424,-22.749171856930538,-47.64568909514497
13425,-22.754099410208354,-47.621645386490805
13426,-22.762075117952588,-47.6279050700848
13427,-22.74273928165737,-47.57676475384057
13428,-22.736371971550582,-47.537880905072456
13432,-22.67834712211108,-47.77161530420097
13433,-22.56971348681403,-47.60996992951116
13440,-22.844797287859105,-47.67647659866766
13450,-22.757682139732324,-47.41606380397923
13451,-22.745415151788087,-47.41981579229204
13452,-22.73098895310133,-47.4093459022908
13453,-22.736044962954963,-47.39634409448249
13454,-22.740737572049785,-47.376815906482335
13455,-22.7263292297746,-47.368962144327824
13456,-22.757853092021755,-47.36911154235017
13457,-22.766917697505974,-47.38858556770016
13458,-22.774119196504095,-47.40731052260064
13459,-22.736020127220257,-47.487778813187404
13460,-22.784455055033384,-47.294097866949485
13465,-22.744087211669218,-47.3355508154243
13466,-22.75376734815856,-47.32621763719101
13467,-22.768883528449404,-47.34025154649374
13468,-22.754394898963017,-47.35231114585374
13469,-22.727414790449583,-47.355573537815914
13470,-22.71821820237545,-47.35130896993562
13471,-22.72632795559465,-47.33722997002136
13472,-22.72759834744279,-47.31578100617244
13473,-22.719931023482893,-47.3076671410641
13474,-22.70415625538652,-47.29448012909235
13475,-22.722298978455107,-47.27884450543695
13476,-22.743243722459425,-47.24116532139766
13477,-22.7376592939283,-47.30243020136758
13478,-22.742621622739573,-47.31542412775906
13479,-22.760457061793694,-47.26750075603513
13480,-22.568539777461996,-47.40399225
13481,-22.59992917902069,-47.40885355251318
13482,-22.57809425350426,-47.42589305247947
13483,-22.560974279602355,-47.44743947974489
13484,-22.55750300111084,-47.418625753828884
13485,-22.546892221752604,-47.389195128638626
13486,-22.566275810983328,-47.386832197286445
13487,-22.581898749017903,-47.37593042020602
13490,-22.48152784040473,-47.458816964493124
13495,-22.586334462510315,-47.51274020487925
13500,-22.40910947264711,-47.5632441099025
13501,-22.42538423593386,-47.55839011754856
13502,-22.433159064660448,-47.5800825716594
13503,-22.41280353814428,-47.576712966818725
13504,-22.392665048156225,-47.57888451865112
13505,-22.380264209821704,-47.5650782208581
13506,-22.390349999999955,-47.55009280056565
13507,-22.41492896707656,-47.554698081077774
13508,-22.411489567314835,-47.57096343796528
13509,-22.421292873991767,-47.5711571008997
13510,-22.45550783106277,-47.5374758689238
13515,-22.51091159968586,-47.77609147989785
13520,-22.550726964218583,-47.90644541490654
13525,-22.60225873005409,-47.870916976148735
13530,-22.253001275607335,-47.81789510997462
13537,-22.435892022717923,-47.714939633795744
13540,-22.22185414649937,-47.6242794638585
13550,-22.12626771146922,-47.66358909072362
13560,-22.015157387918624,-47.8899807119315
13561,-22.0140026606881,-47.90148946378896
13562,-22.004893655837066,-47.91533768858564
13563,-21.991231578335334,-47.925357347180025
13564,-21.996572879248777,-47.900911652230384
13565,-21.97836756425642,-47.89833472315191
13566,-22.000085329447742,-47.88717369219233
13567,-22.006389546352914,-47.87273654743126
13568,-22.00321146228056,-47.85609149999999
13569,-22.01692757729816,-47.87514191188179
13570,-22.030150353179625,-47.87865667878767
13571,-22.03116701276761,-47.867986221497105
13572,-22.04276801276761,-47.89217108205857
13573,-22.05957401991609,-47.90164571998523
13574,-22.02752096502971,-47.90063606771887
13575,-22.033843669715534,-47.909276889405
13578,-21.893562,-47.89098450000001
13579,-22.43621639690722,-46.82823838566812
13580,-22.065295430652395,-48.17913790448453
13590,-22.111414367700164,-48.31410918529076
13600,-22.355382295169946,-47.38476960205017
13601,-22.36905821155853,-47.38895695115124
13602,-22.365690150152915,-47.39876476158464
13603,-22.349512598273517,-47.39940066642275
13604,-22.334836106858425,-47.38147889704965
13605,-22.344994600185217,-47.36925881244062
13606,-22.353622653485473,-47.333851389399165
13607,-22.36957189335442,-47.362693017903496
13608,-22.35605528854832,-47.32474977930578
13609,-22.38043343512605,-47.38021649999999
13610,-22.187861445820555,-47.388882784004245
13611,-22.193086405803157,-47.37768797893026
13612,-22.192078042810333,-47.404504071076815
13613,-22.18193680643876,-47.40401403558216
13614,-22.175605358939123,-47.39402742133009
13615,-22.169374609905827,-47.38105162504404
13616,-22.17388814397364,-47.373200390359166
13617,-22.18683825085168,-47.37133148542815
13625,-22.139286550444467,-47.451802983569124
13630,-21.993871783277854,-47.42849464238207
13631,-22.01390533747449,-47.42396795922421
13632,-22.013539307459784,-47.415400941175676
13633,-22.022069410219473,-47.42980585501955
13634,-22.001550070881407,-47.43653766204408
13635,-21.972705957853567,-47.42725923281814
13636,-21.99101441616588,-47.41571263655586
13638,-21.984978865128195,-47.414376365467575
13640,-21.945400911030525,-47.365791864987415
13641,-21.92313861691843,-47.362925532951216
13643,-21.93614857441411,-47.364478907752996
13650,-21.826140656341902,-47.24910654226617
13660,-21.858792941863733,-47.47982718384467
13670,-21.70502354934746,-47.48059153702284
13690,-21.90773233180551,-47.62145482668347
13700,-21.775573434891086,-47.08254087140419
13705,-21.89316332230473,-47.03749944783365
13707,-21.94854676332669,-47.11780277213674
13710,-21.70670574752027,-47.27305358717184
13715,-21.732735223595338,-46.972486202460935
13720,-21.600640143482465,-46.89389524375571
13730,-21.466532076639403,-47.00557160737685
13731,-21.4636217748326,-47.01822138506719
13732,-21.456075013239325,-47.01404005555965
13733,-21.456576931035805,-47.0063396393601
13734,-21.45932945094586,-46.995010098976216
13735,-21.47155781607873,-46.99659935922493
13736,-21.48189448447435,-47.00564158688
13737,-21.49431343434769,-47.01014449759975
13738,-21.47209840852971,-47.012519390708384
13739,-21.471544821615407,-47.03367128419283
13750,-21.409373654938488,-46.8108220176455
13755,-21.32034271440325,-47.028296619450366
13760,-21.472847309250163,-46.74902604790715
13770,-21.528414581106134,-46.64516374638505
13780,-21.661349373920718,-46.73683790950234
13790,-21.71038591483396,-46.82201317448925
13800,-22.437271614428184,-46.96576593924567
13801,-22.442906004522474,-46.953935724316366
13802,-22.43625541993187,-46.9380850618905
13803,-22.456994835811024,-46.97787632016002
13804,-22.5061660887632,-46.97215110400454
13805,-22.40058935276128,-46.981529931588646
13806,-22.419290693029055,-46.96851477976227
13807,-22.40687219095159,-46.95689374132953
13808,-22.44905432068656,-46.93462433271077
13817,-22.5224958988858,-46.95427961895512
13820,-22.695130561746257,-46.98754063827643
13822,-22.70548211157596,-46.98827264501702
13825,-22.635229489958714,-47.05252304287613
13830,-22.605298322148823,-46.918866560427944
13835,-22.33849210436386,-47.1704985
13840,-22.36576533345972,-46.93881755293194
13841,-22.362984359687225,-46.92439444818837
13842,-22.38567936404843,-46.926364494379975
13843,-22.38388012715821,-46.93623801506276
13844,-22.382868826262087,-46.947991678278754
13845,-22.355860497292525,-46.94970124271465
13846,-22.33526676300697,-46.94970543686336
13847,-22.350249167101715,-46.940613661128324
13848,-22.33880896540854,-46.92412328499884
13849,-22.27556027882695,-46.97884195455782
13855,-22.28752435628893,-47.131837526220245
13857,-22.275289676119037,-46.95270840117786
13860,-22.057486110650423,-46.977218181365984
13870,-21.972488724163867,-46.795239681769864
13871,-21.979703212346177,-46.80049662386017
13872,-21.969860410869828,-46.81159209224545
13873,-21.955857619113686,-46.798309140642175
13874,-21.969760256366357,-46.776691987799225
13875,-21.983928854285523,-46.77924384730319
13876,-21.992843297497533,-46.78243492297042
13877,-22.00159387361481,-46.805938015934
13879,-21.88908,-46.86360870560121
13880,-21.834830792875817,-46.89855840930392
13890,-21.943980037595,-46.717150199460654
13895,-21.836587125897502,-46.743967446919655
13900,-22.702505343326205,-46.76603399999999
13901,-22.700514490372036,-46.77380653489817
13902,-22.70544885165042,-46.75339192686344
13903,-22.713720274395655,-46.765597817026375
13904,-22.71693570635926,-46.777137073353956
13905,-22.71079854509784,-46.80493318517421
13908,-22.72277850764605,-46.84583351408122
13909,-22.6978221111266,-46.72131217398464
13910,-22.702730474519818,-46.96693382823062
13911,-22.700851472497806,-46.989856121011
13912,-22.686687402728204,-46.98315336058057
13913,-22.66098966625972,-46.946893959295046
13914,-22.6800239668474,-46.98711399965376
13915,-22.696926809354984,-46.98786249930696
13916,-22.68662887177562,-46.996879825004335
13917,-22.697301257876674,-47.0008949575987
13918,-22.701139778024537,-46.99858183476888
13919,-22.710290427145235,-46.98413997148086
13920,-22.74066190615492,-46.89617973391109
13930,-22.611133020325088,-46.70321704400641
13940,-22.476265013595004,-46.62192703999664
13950,-22.52281959380417,-46.64738025
13960,-22.590849729426115,-46.52633123053553
13970,-22.438339942704776,-46.82257565059538
13971,-22.420549013113835,-46.82201570102155
13972,-22.43334897680498,-46.81448085755136
13973,-22.44998434270768,-46.80569539481941
13974,-22.438186814711827,-46.82972522650499
13975,-22.43330954820862,-46.84184757511596
13976,-22.426042389486724,-46.83053863279219
13977,-22.44671373680461,-46.83661124535987
13986,-22.390765608084067,-46.74588902639177
13988,-22.329592462250922,-46.72333618841495
13990,-22.194261142330586,-46.750958070962454
13995,-22.116186198346725,-46.68372676828927
14001,-21.17605528282069,-47.81101200874258
14010,-21.179400704556425,-47.8091725567546
14015,-21.181437744099505,-47.80700970122336
14020,-21.20253542048014,-47.802165836386976
14021,-21.21282934554791,-47.794806215505865
14022,-21.227593472039665,-47.7850227256539
14024,-21.215416945322872,-47.807881957123854
14025,-21.19394562698362,-47.81424886066712
14026,-21.216210904524203,-47.821546823475146
14027,-21.224125451641235,-47.82909476894224
14030,-21.186934365803005,-47.83016504593456
14031,-21.200110732693965,-47.844993761584654
14032,-21.18444991694181,-47.89014690211305
14033,-21.185806966281014,-47.718839808996464
14040,-21.17586554472276,-47.864582578329625
14050,-21.17129873550116,-47.82272128697564
14051,-21.16520348348148,-47.83695005578798
14055,-21.156337408862097,-47.82484589216119
14056,-21.142014621429375,-47.84386506015926
14057,-21.132667016374285,-47.84616215847713
14060,-21.140214642795335,-47.81475990403372
14061,-21.12509377324141,-47.8102275
14062,-21.117735,-47.8173227772659
14065,-21.135016241603676,-47.833039142580716
14066,-21.124862748542906,-47.826045092071126
14070,-21.1130692492354,-47.79138889203072
14071,-21.11068079156327,-47.79904327116392
14072,-21.088463228143567,-47.79866423910783
14073,-21.095892801199817,-47.78511076988312
14075,-21.141167070777293,-47.79102776074792
14076,-21.155366074658097,-47.7865842776127
14077,-21.1216573760748,-47.78121798542904
14078,-21.139239815205883,-47.76686790452419
14079,-21.130446155765753,-47.743599249724454
14080,-21.15521512910574,-47.80381533811819
14085,-21.16589577156796,-47.79706200874256
14090,-21.180620467352405,-47.78944969539497
14091,-21.18967775449953,-47.78726046419301
14092,-21.177056964755586,-47.767232134697736
14093,-21.180496529043197,-47.74365693316103
14094,-21.194377609045848,-47.736755172355586
14095,-21.190943095475788,-47.76650044022745
14096,-21.20164654731953,-47.77544519816494
14097,-21.21034568881283,-47.75548993655811
14098,-21.2218263491546,-47.7659425500895
14110,-21.259301427145243,-47.81514434984709
14115,-21.495829937822116,-48.03631304981843
14120,-21.23913432355513,-47.976446661467286
14140,-21.338428766056424,-47.73493591472238
14141,-21.34307743522916,-47.7284929574178
14150,-21.207683490245184,-47.60106892082852
14151,-21.19755833761655,-47.59524632717783
14160,-21.137520373578962,-47.98984680467713
14161,-21.12534239938831,-47.99897255322003
14164,-21.118496648025715,-47.99376124701369
14165,-21.11322254808119,-47.98765318184038
14166,-21.131263707744232,-47.98217651736377
14169,-21.141373703194468,-47.9746658634118
14170,-21.14277213044608,-47.997116489381966
14171,-21.15304648404406,-47.98787817040802
14173,-21.16417761314386,-47.98632222653151
14175,-21.156950091122667,-48.004915576711866
14176,-21.14823960421836,-48.01559217104395
14177,-21.129572556754592,-48.01407663765678
14178,-21.116139642521198,-48.024579022219
14179,-21.074955075138313,-47.900989680799064
14180,-21.02544573380316,-48.03707977386286
14185,-17.65696652485394,-45.43122402427334
14200,-21.478251034331123,-47.55669311093928
14210,-21.55420800498436,-47.70065227744168
14220,-21.23845783542035,-47.79056496834792
14230,-21.312336041958197,-47.563692610147854
14240,-21.27481403873329,-47.30537353055552
14250,-21.29199255626601,-47.42867969424572
14260,-21.281962636233168,-47.169766527485066
14270,-21.484069360080973,-47.36737496696959
14300,-20.891924735345295,-47.58427770451502
14305,-20.88373048265745,-47.57430515205115
14307,-20.899298609572817,-47.57950783591457
14312,-20.916468353698388,-47.574216767527176
14315,-20.90050072818931,-47.58906832178506
14340,-20.98727616307025,-47.65596211855051
14350,-21.021159368549363,-47.3748350928302
14390,-21.09206154595418,-47.15272787420433
14400,-20.538381578035423,-47.40113942210402
14401,-20.527836467752614,-47.38819149126934
14402,-20.523402676319478,-47.365224159528424
14403,-20.554800970849215,-47.38774879492066
14404,-20.579356340686044,-47.376900330199
14405,-20.52922955337375,-47.41095767731975
14406,-20.536536498721546,-47.43366787318517
14407,-20.49639072789715,-47.41772992790109
14408,-20.512827,-47.43757389139409
14409,-20.502307497221526,-47.39673990467472
14410,-20.50253890258757,-47.371421570481694
14412,-20.551705733763438,-47.35734417738624
14415,-20.643655095950287,-47.28137850710882
14420,-20.64180346284126,-47.22119976446878
14430,-20.602278178854743,-47.48203902192985
14440,-20.593755735631177,-47.64173588487408
14445,-20.46040176089613,-47.58826809291896
14450,-20.308659963921556,-47.59159274160764
14460,-20.40659301513124,-47.417521597165
14470,-20.251701931229697,-47.4788890779342
14490,-20.079707631677397,-47.42498670894501
14500,-20.334002179993735,-47.78657849940633
14505,-20.246259438280948,-47.8721832207391
14530,-20.18269909955703,-48.02639519135617
14540,-20.042113705027077,-47.749778254026296
14550,-20.088913345735094,-47.790486417256176
14570,-20.193226728720408,-47.70925062271964
14580,-20.4301901076346,-47.825696706579464
14590,-23.525594703874056,-46.54829611125291
14600,-20.5855205179263,-47.863166044915616
14610,-20.444232696500627,-48.015324264487965
14620,-20.71694726738032,-47.87829964446101
14640,-20.72979658870954,-48.0514520268598
14660,-20.767049197655645,-47.8409422213122
14670,-20.729566002066495,-47.75221625890515
14680,-21.02395449394609,-47.77135492355412
14690,-21.063154181260813,-47.74377482743453
14700,-20.94261685500855,-48.48267425486896
14701,-20.950918037465755,-48.48694952295156
14702,-20.963032498737352,-48.47010182360685
14704,-20.962265851966155,-48.48983785342409
14706,-20.93993806531109,-48.49977209911852
14707,-20.9319283369974,-48.503033716327764
14708,-20.92108774322078,-48.49694730376082
14709,-20.92802828563551,-48.49233569396832
14710,-20.929930038967846,-48.47146879420259
14711,-20.94559700270972,-48.46442453576138
14713,-20.923029588245832,-48.45576867859325
14715,-21.051913898929598,-48.47684847409289
14716,-21.015332236564173,-48.646640939677695
14718,-20.997725516862108,-48.54676717524853
14720,-21.123825534133164,-48.44976992879199
14725,-21.14363253449431,-48.51000402339022
14730,-20.905406060824507,-48.640846876222746
14733,-20.90566627539369,-48.64331354527653
14735,-20.809694481823808,-48.80701540963175
14740,-20.867655002113167,-48.29395496726504
14745,-20.788581631221568,-48.33246000468358
14750,-21.0102347813769,-48.21909380016152
14760,-21.00031512060721,-48.32576321149924
14765,-21.073240186151878,-48.41352028301869
14770,-20.715658757009223,-48.53540284362418
14775,-20.688125278180866,-48.414959527708625
14780,-20.55698849639332,-48.57114701715925
14781,-20.540164578683136,-48.558852109017685
14783,-20.57151130099833,-48.57234211539698
14784,-20.57828232952856,-48.55690875174626
14785,-20.57391249509812,-48.58684851057927
14786,-20.54568923757863,-48.600615876767286
14787,-20.54050509048413,-48.57540007605741
14789,-20.61491237606474,-48.76359025904763
14790,-20.322381339884124,-48.31604469650637
14795,-20.17796106713383,-48.68788151554064
14800,-21.804720674883626,-48.1815821792585
14801,-21.791151858733887,-48.1822903695269
14802,-21.773343179713187,-48.18070598550117
14803,-21.804786,-48.203018428891774
14804,-21.769376406327545,-48.20261527837731
14805,-21.74759391672192,-48.18506592004953
14806,-21.753675753392102,-48.15838206966644
14807,-21.804818704256856,-48.16076752519217
14808,-21.821197227725214,-48.14413159658665
14809,-21.742191931054027,-48.152051736598544
14810,-21.779328854826865,-48.15940778099355
14811,-21.781834557360725,-48.14552363155693
14813,-21.837185305190527,-48.49308292499799
14815,-21.95333984351455,-48.00302961383353
14820,-21.73291353886596,-48.108609700349774
14825,-21.68514077978852,-48.0843521215837
14830,-21.586156383532817,-48.07462056210553
14835,-21.509482988454184,-48.15195759694964
14840,-21.363908024772268,-48.228771557547695
14850,-21.36008633491716,-48.072547215529184
14860,-21.19095642230373,-48.15679325824121
14870,-21.25700166524303,-48.32066331270394
14871,-21.26598346270895,-48.32990604444036
14875,-21.25126459002977,-48.33805025716457
14876,-21.24208402895848,-48.33786431858898
14882,-21.246479099863258,-48.3180082512998
14883,-21.24633887901908,-48.30933976922133
14884,-21.235763204058085,-48.24141575536108
14887,-21.261514218791344,-48.30840195761554
14890,-21.271874770168107,-48.31636573310943
14892,-21.16489006247485,-48.37745768732885
14896,-21.28900600323627,-48.26407753472871
14900,-21.59488644749381,-48.81105036166862
14904,-21.51672114363216,-48.68997645273664
14907,-21.447383871409617,-48.78723000008623
14910,-21.736670106758545,-48.68785503413496
14915,-11.385679019554889,-51.34678099570595
14920,-21.78147605752489,-48.566546531029644
14930,-21.99601315335243,-48.388062300209256
14935,-22.04009712079893,-48.33461071406133
14940,-21.7575376839452,-48.82926174236043
14955,-21.619689360199487,-49.074041090715234
14960,-21.469266757787494,-49.22265180189844
14980,-21.34256862957981,-49.499895683945226
14990,-21.27943778454704,-49.409179146688984
15010,-20.81277152061799,-49.38203850820231
15013,-20.81614118340567,-49.36902203064919
15014,-20.819907909408798,-49.3769851197318
15015,-20.81615368559403,-49.3867412125886
15020,-20.820494356582923,-49.402465276259065
15025,-20.80630548951811,-49.38853543241744
15030,-20.795883042360032,-49.38386161498512
15035,-20.81085478089108,-49.41062138569731
15038,-20.843166361587635,-49.418443670980025
15040,-20.799694637009473,-49.41344408927379
15041,-20.79073725363196,-49.41956290374445
15042,-20.79208866813183,-49.433456250000006
15043,-20.78733105894516,-49.39886100455236
15044,-20.77825478916538,-49.41474039788408
15045,-20.780040728468048,-49.39202900779388
15046,-20.769657744241357,-49.38743709161738
15047,-20.764479616988705,-49.40328862080528
15048,-20.84258174853919,-49.4744638045336
15050,-20.78979457421024,-49.3725289300336
15051,-20.7735130708512,-49.36869406537514
15052,-20.76122606901442,-49.35951812085739
15053,-20.77666689078261,-49.362210126222045
15054,-20.78391163586427,-49.35753604236211
15055,-20.794381386384458,-49.365073821630226
15056,-20.77334914021565,-49.3334250718373
15057,-20.791902716728647,-49.34548715297187
15060,-20.802370051805543,-49.36731374550326
15061,-20.80808078465453,-49.348103647003256
15062,-20.8341513779744,-49.33576427031176
15063,-20.807682020163103,-49.336731934938584
15064,-20.787978738987974,-49.286034069464606
15070,-20.8170171874536,-49.36238219117936
15075,-20.81864673091406,-49.353901242532984
15076,-20.8331968117829,-49.35207353557372
15077,-20.849004838460235,-49.33925258989567
15080,-20.830877204782034,-49.369871312701875
15081,-20.844222715885405,-49.36333671738873
15082,-20.85034650446992,-49.35766543166414
15084,-20.83029472087868,-49.37797190883354
15085,-20.83620910796906,-49.386486745875466
15086,-20.84405023960176,-49.379633076058546
15090,-20.835408991260998,-49.394953896234725
15091,-20.830976126750357,-49.40234735681595
15092,-20.83070341614768,-49.41181282236186
15093,-20.85408564677639,-49.40972405518848
15102,-20.707626715096875,-49.29368537829431
15104,-20.866083392277048,-49.311951443956936
15105,-21.045221689849253,-49.37584154114152
15108,-20.658155327402078,-49.38854107380925
15110,-20.79425996564701,-49.22410085990898
15115,-20.917462848797005,-49.44998274448657
15120,-20.843941486419432,-49.632324568971086
15130,-20.815587,-49.50746551808157
15131,-20.8113756120796,-49.53041338160926
15132,-20.809598844211664,-49.51665214891899
15133,-20.804123482984462,-49.4981334959089
15135,-20.8142705256598,-49.50607211677098
15137,-20.824023668423,-49.49190928448127
15138,-20.82545884794908,-49.502362090439824
15140,-20.737337185760744,-49.58229033344359
15145,-20.616555147581423,-49.46466303179892
15150,-20.771488397803996,-49.711937107379796
15154,-20.682837463807047,-49.68964533357853
15155,-20.88513443518137,-49.57165655226015
15160,-20.785822838026505,-49.81540448110282
15170,-20.624099850418617,-49.65208249241963
15180,-20.658036724134256,-49.92223767785712
15190,-20.693709830088586,-50.04282904840793
15195,-20.688426855426044,-50.051024786819696
15200,-21.055139730318196,-49.685868243279785
15210,-21.017370435305452,-49.50115209440613
15215,-22.435638397976515,-46.82166986971345
15220,-21.184609413720047,-49.57923664527502
15225,-21.164792395517146,-49.71756253755743
15230,-21.23419089356332,-49.64291499436092
15240,-20.91277016026175,-49.778048370758356
15250,-20.88774030792846,-49.89565031088561
15260,-21.032056126844587,-49.92735833143478
15265,-21.05158853669726,-50.05291658482018
15270,-20.80428877667418,-49.96347295999383
15275,-20.852936339708254,-50.09000253258576
15280,-20.95110668381079,-50.10733124999999
15285,-20.965762091620658,-50.225531203594926
15290,-21.067069686049607,-50.14509943391676
15300,-20.6464540645097,-50.36200134562216
15310,-20.64556327245253,-50.22338532707514
15313,-20.765249999999995,-50.34305421635482
15315,-20.513691,-50.35263767719198
15320,-20.67645534137641,-50.15082172262002
15330,-20.79733074542136,-50.191718245454524
15340,-20.8567472880929,-50.26184999004072
15350,-20.685639463642012,-50.553231424752695
15355,-20.64882937212072,-50.66096901523285
15360,-20.68929931749415,-50.92350195596441
15367,-23.106241494540207,-50.377957047095386
15370,-20.642831717386102,-51.10925684618309
15380,-20.50092458538077,-51.02632105214257
15385,-20.42919921461297,-51.340041335276126
15390,-20.6428650870288,-51.50756408316183
15397,-20.6412252750078,-51.50813873079817
15400,-20.73799136507532,-48.91093038579832
15405,-20.689695276831223,-49.06725432001269
15410,-20.877953874632606,-48.81076642978834
15417,-23.162801700950588,-47.16776020226093
15420,-20.498931820870588,-48.94640953625973
15425,-20.982639123214305,-48.83676955172089
15430,-20.5254609361854,-49.06028709259375
15440,-20.535080287680643,-49.32164393483394
15450,-20.607672806842682,-49.297329212792015
15460,-20.340381021235174,-49.19843717049806
15470,-20.39033246553589,-49.433187125150866
15480,-20.184913745784478,-49.35330074032008
15490,-20.031190827632127,-49.40445361333877
15495,-19.98168633793417,-49.6800364764386
15500,-20.41987067661276,-49.973165459442534
15501,-20.431624380582967,-49.97735448361843
15502,-20.41767833946675,-49.98507612801325
15503,-20.397950202857405,-49.97339739538577
15504,-20.42045434247128,-49.94981746481424
15505,-20.4228311696974,-49.97083216152762
15506,-20.422066500000003,-49.99914449999999
15507,-20.40891104352092,-49.99431084190428
15515,-20.452047816360977,-49.89265487601037
15520,-20.422516637792164,-50.08239379495827
15525,-20.305961689039542,-50.011713846250125
15530,-20.4795274696982,-49.77638850646207
15540,-20.320713031188305,-49.90823605857653
15545,-26.294413159893192,-48.82067181031083
15550,-20.29945630372544,-49.73238630644003
15560,-20.182935099676172,-49.70170066536558
15570,-20.080208977009725,-49.91317140979594
15580,-19.97878529803598,-50.1366453920656
15600,-20.28359999999998,-50.24936831979704
15601,-20.29595508362805,-50.25352307457335
15603,-20.284016680741093,-50.24136530909183
15604,-20.302312290735312,-50.246548296101054
15607,-20.27779539634842,-50.24470596034124
15608,-20.27223072284255,-50.24325977095374
15610,-20.27992376887236,-50.25579885917082
15612,-20.27681574442903,-50.26244104724802
15617,-20.280593376469294,-50.255185629721325
15620,-20.146467305729395,-50.195603250000005
15625,-20.355369063500348,-50.17426346499293
15630,-20.249196938877336,-50.10980706550382
15640,-20.39003931634734,-50.37796317927565
15650,-20.28517152880447,-50.398698563648246
15670,-19.94272166420496,-50.537470279513286
15680,-20.07444702661724,-50.34025628603364
15685,-20.001762964113297,-50.37581164961823
15690,-19.97837224232729,-50.28844939268589
15700,-20.270092441297884,-50.54630912940128
15703,-20.27751106163731,-50.54259080520974
15704,-20.27920193737268,-50.55171984064756
15706,-20.269776884285324,-50.559011521898455
15707,-20.253738178373627,-50.55030657496134
15708,-20.261992092648917,-50.52905183869173
15710,-20.358728078249797,-50.696733562959395
15713,-20.19760632222022,-50.48434542027662
15715,-20.466371273027903,-50.60664284946691
15718,-20.44112524555845,-50.522702574998874
15720,-20.416194370617323,-50.7625513424886
15730,-20.44148903462682,-50.82249589299032
15735,-20.452888762128737,-50.88104577280674
15740,-20.124500624621906,-50.5113980113327
15745,-20.10263070684429,-50.587544989252905
15748,-19.96703847318631,-50.621940332875546
15750,-20.031993188803344,-50.72778352010271
15755,-20.053667249999997,-50.47519902117588
15760,-20.24512364700073,-50.644448528812376
15763,-20.160717285879123,-50.72532473305938
15765,-20.25328866806236,-50.798528268143706
15768,-20.245485345199008,-50.68923701299494
15770,-20.237427000000004,-50.88979313631075
15773,-20.38524064943006,-50.94923369116759
15775,-20.20518668593437,-50.92701707925552
15780,-20.14499505690943,-50.83132378536088
15785,-20.09322605717092,-50.92710401305678
15790,-20.173036674321445,-51.00124314599685
15800,-21.13929376076849,-48.974045804330885
15801,-21.1364834141035,-48.98134821954524
15802,-21.14318061434591,-48.994283690186975
15803,-21.12900306355233,-48.993139743212495
15804,-21.12168986908313,-48.97147374298866
15805,-21.124255389953248,-48.96369146142302
15806,-21.132854475993984,-48.95896307216227
15807,-21.124126576219584,-48.951143172081466
15808,-21.141294087440695,-48.94647414723873
15809,-21.1446019067459,-48.96373824216626
15810,-21.151710722733547,-48.97077479709691
15811,-21.17689120344508,-49.001242295314185
15812,-21.159114223580964,-48.99353522023772
15813,-21.129182204596862,-49.01634047380748
15816,-21.15929949375326,-48.94485414237697
15820,-21.09702261787928,-48.66254822155683
15823,-21.16918303862985,-49.11107902050273
15825,-21.018591092199856,-48.77401025708904
15828,-21.08607934821609,-48.804502476477026
15830,-21.18608728831378,-48.90668689932755
15835,-21.254701125019395,-48.97940816731462
15840,-21.315083880643037,-49.055422248617774
15845,-21.2577836681273,-49.12965969366199
15850,-21.202965621920978,-49.29295350945842
15855,-25.514611584288236,-47.53058323712515
15860,-21.0823565685956,-49.24006802979143
15868,-21.081026351979624,-49.24164245159575
15870,-21.050163167250588,-49.060357506166966
15880,-20.96294730603209,-49.03355536971593
15885,-20.995427251647687,-48.9194729255299
15890,-20.95531513723349,-49.17387689708829
15895,-20.90284365277795,-49.26826139783231
15900,-21.40575900554004,-48.50397147590575
15903,-21.44830590538028,-48.57495884443414
15905,-21.40372075289848,-48.49869814927875
15910,-21.263922145371005,-48.49511599178632
15915,-21.260880708293776,-48.482808458001884
15920,-21.17230140613495,-48.630513042282274
15930,-21.325765890402245,-48.63109601845444
15940,-21.266944444724594,-48.686964321184
15945,-21.17250511792656,-47.83007176134622
15950,-21.242387510583075,-48.804742710623074
15953,-21.508155563061017,-47.749366492027484
15960,-21.18964019748396,-48.78733774959576
15970,-21.46186533591358,-48.391838316448165
15980,-21.519193188424154,-48.392253634556525
15990,-21.60420797769884,-48.36526394324539
15991,-21.625469381903176,-48.3494965705225
15993,-21.620926571469777,-48.36276127360704
15995,-21.599645993609023,-48.387851470858095
15996,-21.587981977104835,-48.375091036643724
15997,-21.592583447742904,-48.35646050602678
15999,-21.550631422798656,-48.53124623938883
16010,-21.20800560245011,-50.43947825422704
16011,-21.206302208436725,-50.4246866506825
16012,-21.212247514715177,-50.40380276970684
16013,-21.21863907132555,-50.41635749999999
16015,-21.21328632361936,-50.43340188915778
16016,-21.23119598834323,-50.42414401846609
16018,-21.22714853947776,-50.43815731724273
16020,-21.222044126887308,-50.44621376096426
16021,-21.226885637803672,-50.45647014931618
16022,-21.232071618370952,-50.46448366021596
16023,-21.22992838703906,-50.47245267544804
16025,-21.214205872524545,-50.45461292288071
16026,-21.217084032699407,-50.46796789793122
16050,-21.19725503455192,-50.44265451042374
16052,-21.179090807937566,-50.44424732910151
16055,-21.19252295870145,-50.429994262114576
16056,-21.18659415430493,-50.427338448237066
16057,-21.17246867916404,-50.45073707317294
16058,-21.15863099994287,-50.45623059048412
16067,-21.178167296699154,-50.4514810269202
16070,-21.19966354010617,-50.478081217975046
16071,-21.206049537610344,-50.465932032218404
16072,-21.20217206771887,-50.45811297890818
16074,-21.194687870213063,-50.45248503566663
16075,-21.186659791587854,-50.45896812600268
16076,-21.18360661316672,-50.48559109477383
16078,-21.170612605263344,-50.46994252844085
16080,-21.146575142696783,-50.46475457961535
16087,-21.20289946408463,-50.432005334663046
16130,-20.93539754538829,-50.49561629946953
16200,-21.294270166927944,-50.34272175985954
16201,-21.27358625351968,-50.32985709149405
16202,-21.286148198881,-50.320129534353086
16203,-21.29673521882767,-50.32572361116661
16204,-21.30321775284238,-50.35442002862485
16205,-21.30775499999993,-50.36548712756808
16206,-21.28883554110273,-50.36386604459426
16207,-21.30420068400317,-50.37592540384039
16208,-21.24488368072713,-50.32219195367088
16210,-21.4032290225086,-50.474476906199406
16220,-21.529884960354728,-50.55246497087644
16230,-21.592492886563413,-50.599267583583256
16240,-21.6369011462465,-50.50047779071326
16250,-21.559079632672773,-50.44669129113522
16260,-21.35461467977024,-50.28482297686622
16265,-21.167760420339107,-50.185463683984736
16270,-21.383906266057547,-50.209158431585706
16280,-22.52583236898587,-48.37461357329222
16290,-21.504970219436306,-50.32306813410703
16300,-21.41955555933157,-50.07616532765216
16301,-21.426847789373337,-50.0643276561055
16303,-21.42844241396372,-50.0717398199599
16304,-21.435445507772037,-50.077238988563366
16305,-21.430877235058592,-50.08758102655495
16306,-21.416199413668224,-50.087905995597886
16308,-21.409691679776046,-50.08247179673953
16309,-21.39975353035466,-50.07869682292809
16310,-21.583168742214863,-50.16737017613085
16340,-21.67535270745588,-50.3276507852785
16350,-21.265100085946536,-49.95092798574295
16360,-21.4583735618344,-49.945725210451904
16370,-21.54077680916818,-49.85703338574197
16400,-21.67354900336361,-49.75747529003406
16401,-21.66482872330613,-49.74251020384803
16402,-21.674794494864106,-49.73376173604942
16403,-21.690652990255657,-49.74566393540323
16404,-21.674555717179302,-49.74332979378496
16406,-21.656573817335406,-49.76415407981919
16430,-21.623635057552427,-49.797891095714036
16440,-21.46080494046376,-49.577183310154275
16450,-21.798812555996555,-49.93099037194534
16480,-21.91033431235381,-49.89635295278301
16500,-21.806684513396252,-49.605007508373845
16510,-22.27641683476647,-51.48329406577946
16570,-21.89404047559504,-49.58899990127463
16600,-21.99649765206222,-49.45617731349184
16640,-21.901038055944788,-49.35610402870115
16650,-21.78337487553355,-49.28173558519679
16660,-21.73688975309868,-49.35854519402383
16670,-22.097246916732352,-49.43861236012018
16680,-22.157332004680896,-49.331590993461035
16700,-21.25029899392602,-50.64601237937053
16750,-21.29922925423117,-50.7291132561732
16790,-21.273531669897537,-50.810856586639474
16800,-21.13447535842588,-51.10328439406817
16830,-23.49502295337295,-46.80114289454088
16850,-21.16689770424305,-51.04276081702383
16880,-21.225413592962173,-50.86649103947004
16900,-20.904945480019038,-51.38299266978764
16901,-20.89484502331352,-51.374436202060096
16902,-20.905086979321574,-51.35881320272289
16903,-20.9005634074384,-51.39506371051421
16905,-20.88469036358981,-51.36623440855308
16920,-20.868451354434708,-51.48938057504841
16940,-21.107498990731827,-51.491248547757316
16950,-20.99343957110999,-51.27675421203486
16980,-21.03330348324757,-51.20676318971403
17010,-22.320535871770442,-49.07213221392023
17011,-22.331463517340907,-49.05333796225976
17012,-22.33595443280642,-49.06183408449719
17013,-22.321479949518,-49.06091215225904
17014,-22.334692341537526,-49.07591768246469
17015,-22.325966247166996,-49.07310651595593
17016,-22.34150255204262,-49.07076493345714
17017,-22.34783112973176,-49.06037103234453
17018,-22.36217180016161,-49.049664219802615
17020,-22.305756745628713,-49.06664465193926
17021,-22.29868958355345,-49.07734313587042
17022,-22.275609046064453,-49.07262591131921
17023,-22.28130983569329,-49.05527664002536
17024,-22.297425358329846,-49.06307129516995
17025,-22.303260151956266,-49.05282559501161
17026,-22.29397447486577,-49.0456665478678
17027,-22.28648469054756,-49.03299887395149
17030,-22.321796775982712,-49.04552463925714
17031,-22.32466987041292,-49.01944884081604
17032,-22.32195524739317,-49.02886625465973
17033,-22.33210889299734,-49.03192189853727
17034,-22.30938695947545,-49.02685106362223
17035,-22.321364728417965,-49.00316486332149
17037,-22.339846960658548,-48.953196156718896
17039,-22.30495656678093,-49.00235916514224
17047,-22.336776807100836,-49.044201118831396
17048,-22.369647738895058,-49.02782393271156
17050,-22.326196227314373,-49.095986710240055
17051,-22.33087295446948,-49.10050727240467
17052,-22.34194734955862,-49.09604973748848
17053,-22.358428267528137,-49.07198532028431
17054,-22.34668920978889,-49.08987744476026
17055,-22.33538367138897,-49.109976062727206
17056,-22.353255108691155,-49.10141221854996
17057,-22.323120480293152,-49.12466507875404
17060,-22.315322409385963,-49.08171476598545
17063,-22.309657957946257,-49.089154561810574
17064,-22.304163741589345,-49.09154529268846
17065,-22.31408028197325,-49.11856554974324
17066,-22.30728766434576,-49.11089157548048
17067,-22.308572191677058,-49.10272946827316
17110,-22.236612118515183,-49.11559758405928
17120,-22.470734001263963,-48.989212478653755
17123,-22.45982088934671,-48.99509032302364
17128,-22.460146490389523,-48.983849587341254
17132,-22.46764780271769,-48.98338747714546
17150,-22.578742863275487,-49.40369050988732
17160,-22.02835949119801,-48.91216746995603
17170,-23.704334452908693,-46.71218969149282
17180,-21.891668577867343,-49.02269623658801
17190,-21.888785775142306,-49.221610505348124
17201,-22.29421386171093,-48.55793343923256
17202,-22.30089522690293,-48.56064993616193
17203,-22.3034257507646,-48.57093644095159
17204,-22.292048121664983,-48.57820208381902
17205,-22.29353378685743,-48.5681540448237
17206,-22.26684202101944,-48.56429784277794
17207,-22.28532587093889,-48.55895696655892
17208,-22.27443467638064,-48.55503510394423
17209,-22.277216273975142,-48.5432584317704
17210,-22.284485664723874,-48.53565870406544
17211,-22.301122987232386,-48.541919175472735
17212,-22.31616796947312,-48.54672578864907
17213,-22.3118359417162,-48.58017075629698
17214,-22.292004661809685,-48.51514225555425
17215,-22.26577389953255,-48.54777761004675
17220,-22.365824615158896,-48.66947164125645
17230,-22.233710285738507,-48.72039320113461
17240,-22.142974257663035,-48.526803638759446
17250,-22.07345577543381,-48.740226741136304
17260,-21.98186399755857,-48.80522791735455
17270,-22.196483047945584,-48.77793605729372
17280,-22.346929999166324,-48.78006525529161
17285,-22.311514110761017,-48.89054504467095
17288,-22.197288042509594,-48.87553297553746
17290,-22.51483154687658,-48.717765942618726
17300,-22.368710686030212,-48.38518266794165
17310,-22.250351684575868,-48.38464116202757
17320,-22.41290598945733,-48.45174365679752
17340,-22.488729685325225,-48.56107781290156
17350,-22.51566383123489,-48.56330837719695
17360,-22.430119203142755,-48.169779843442484
17370,-22.569322054629243,-48.15815211711717
17380,-22.28351701339005,-48.12526880757102
17400,-22.211087266224773,-49.65643572275734
17405,-22.21176081447915,-49.73043910837356
17410,-22.084060559200093,-49.71699906816561
17420,-22.414951118204364,-49.81791326715175
17430,-22.44190790556612,-49.76379158016073
17440,-22.52757207173559,-49.661087870221465
17450,-22.29328265280956,-49.55205198157121
17455,-22.360614147778715,-49.521686746043706
17470,-22.41436418958137,-49.40463171972364
17475,-22.432071579754663,-49.522102729691966
17479,-22.414406224833225,-49.413996777231695
17480,-22.45581413470177,-49.337771244659976
17490,-22.41467731761852,-49.137430849814976
17492,-22.415853360577977,-49.14272138231224
17495,-22.413305595169145,-49.14401719524475
17498,-22.419540490330387,-49.13928907109154
17500,-22.21770077185643,-49.95097827814537
17501,-22.222072035820915,-49.94699741548848
17502,-22.223671721622704,-49.95887467055226
17503,-22.224691592506503,-49.96597911740434
17504,-22.213815663338885,-49.957405748360586
17505,-22.203134276992312,-49.968598940186986
17506,-22.20454569958953,-49.95972317200935
17507,-22.191374871438533,-49.96309034290785
17509,-22.21254257784642,-49.94595684293508
17510,-22.195531213575112,-49.952838881903176
17511,-22.18007191840267,-49.95682470962953
17512,-22.161100945322865,-49.963594149316194
17513,-22.20357886066712,-49.93966735026544
17514,-22.187769464611353,-49.92815827854398
17515,-22.210601786438325,-49.9388464444415
17516,-22.223569292373085,-49.92832719344742
17519,-22.23017712851284,-49.93713569969415
17520,-22.238692218708504,-49.92477708706745
17521,-22.237816637135484,-49.916932671726975
17522,-22.249459146964604,-49.92927330107044
17523,-22.254635336112845,-49.93552482001268
17524,-22.241499354290475,-49.93161691069882
17525,-22.23320536271421,-49.96550154795412
17526,-22.233488442468747,-49.97629934425909
17527,-22.219690831316207,-49.974991920510476
17532,-22.22561246203763,-49.963339358985536
17533,-22.1863429251772,-49.97627317290336
17539,-22.22073602763148,-49.88445642679926
17540,-22.439922948457394,-49.92128048067419
17550,-22.011580623592693,-49.79136285508008
17560,-22.221977770717874,-49.82310582568665
17570,-22.15321602806684,-50.0950935
17580,-22.104958312539395,-50.17791899951506
17590,-21.798040191978508,-50.24018647842078
17600,-21.93411021822908,-50.51434562981472
17601,-21.926676067230115,-50.51302586603559
17602,-21.930850430923154,-50.49756182976886
17603,-21.941677926729565,-50.50236769124948
17604,-21.94329665187231,-50.51630484349323
17605,-21.93537162845423,-50.52471584901834
17606,-21.927097858034223,-50.52974222119389
17607,-21.92151796264382,-50.5236847085616
17610,-21.923533079665013,-50.50284233874162
17625,-22.082932678929353,-50.540399184704285
17630,-21.772927995779142,-50.465673132015574
17650,-22.003707935636236,-50.38780094326924
17670,-22.069496620024417,-50.305801225991935
17680,-21.85771962606127,-50.6879679176676
17690,-21.92115288716841,-50.73194891311389
17700,-21.79623788022635,-50.878564018265436
17710,-21.883497841753268,-50.955777675920984
17720,-21.62403768892201,-50.85906421612149
17730,-21.78234273120652,-50.79132165389954
17740,-21.72762297328829,-50.723177739680764
17760,-21.76978091317959,-50.9624253981769
17780,-21.72326963958982,-51.019262156878895
17790,-21.85272046652006,-51.08646768150169
17800,-21.686599240757907,-51.07575324490229
17810,-21.796119005923835,-51.18208883660527
17830,-21.615609929742263,-51.17106680967376
17860,-21.56330953627973,-51.26374718403397
17870,-21.676719548084016,-51.38138167790805
17880,-21.568643895945364,-51.351611764007615
17890,-21.51223287448531,-51.43478318338844
17900,-21.48676636437597,-51.53385832361774
17905,-24.22240011511428,-46.8817166221486
17920,-21.489859107120914,-51.7008722503206
17930,-21.38558569053625,-51.573010618817506
17940,-21.3525552494104,-51.75319624860667
17950,-21.333015081384488,-51.64561249999996
17960,-21.29937539877326,-51.567750788645306
17970,-21.27033002278356,-51.66602321851174
17980,-21.361017653944966,-51.856213377908944
17990,-21.313127770540888,-51.8364970747687
18010,-23.50027796791357,-47.45780644409677
18013,-23.49249196280802,-47.4372797894858
18015,-23.502578618599745,-47.43233400152923
18016,-23.49600745240633,-47.427391395129995
18017,-23.492173700130763,-47.41036648858308
18020,-23.50632459562001,-47.44322664723873
18021,-23.508419718012604,-47.42859414029951
18022,-23.522287526227714,-47.43510342877521
18023,-23.51053162200872,-47.35567458852158
18025,-23.515676225085155,-47.4427542105142
18030,-23.5092567886646,-47.460407199622054
18031,-23.515542547418143,-47.45801978968781
18035,-23.501121810159262,-47.46189567035264
18040,-23.506028078264777,-47.470331520409715
18043,-23.50450836913989,-47.47750985276127
18044,-23.51050379827938,-47.47755842277395
18045,-23.51854635708282,-47.48592030287377
18046,-23.521409751339583,-47.47417414820535
18047,-23.52470220843672,-47.464498618057085
18048,-23.53377012725776,-47.468660561378535
18050,-23.514885909330754,-47.49672967803973
18051,-23.517550629335222,-47.504468329018295
18052,-23.532109845482143,-47.49788085782504
18053,-23.501092452680464,-47.518431750000005
18054,-23.49274286234056,-47.520692209129216
18055,-23.49996360268915,-47.49864996211552
18056,-23.507401939476125,-47.50399240264875
18057,-23.480763878022362,-47.5094970156818
18060,-23.492299924779303,-47.468863488733625
18061,-23.49523973975112,-47.484351772895174
18065,-23.484594148349586,-47.479158961239065
18066,-23.48088511884879,-47.495997927145226
18070,-23.47284893366612,-47.48459631921051
18071,-23.464217294477464,-47.5019421335045
18072,-23.434366167953648,-47.50938180467712
18073,-23.392829106605845,-47.5191016364624
18074,-23.45296347016561,-47.48847265523468
18075,-23.474584058283813,-47.468432833891136
18076,-23.462825049685467,-47.47164012906108
18077,-23.454267642795337,-47.47577391104508
18078,-23.439212298084147,-47.46754844532288
18079,-23.43388436026309,-47.477925945825476
18080,-23.485730432281134,-47.458931791009825
18081,-23.47631316872721,-47.45054038276075
18084,-23.47591158560804,-47.41709676602804
18085,-23.4712518373536,-47.4358717456287
18086,-23.448141275334496,-47.4504385217712
18087,-23.450080059813022,-47.40253939794822
18090,-23.48300218013154,-47.447363142247056
18095,-23.490788108166043,-47.44947570381585
18103,-23.41836784762538,-47.415398870126985
18104,-23.41150582376359,-47.38958438063341
18105,-23.39803183879867,-47.3762980320561
18108,-23.504118045242066,-47.36875361698597
18110,-23.54200252510253,-47.45638542518386
18111,-23.535675513570006,-47.439990363110475
18112,-23.529197169023043,-47.43438825038338
18113,-23.538203581727235,-47.41432813220172
18114,-23.542605,-47.43726960006342
18115,-23.55844997607096,-47.45119332345866
18116,-23.551026990720885,-47.45767043230562
18117,-23.567230037740245,-47.4586794049569
18118,-23.475461855285072,-46.85306482807587
18119,-23.54186173935379,-47.49262464079861
18120,-23.54243126957537,-47.19006948601506
18125,-23.522514938835656,-47.25511645725783
18130,-23.531314452755012,-47.134734519634726
18131,-23.530940528997675,-47.15209984347042
18132,-23.521078528228543,-47.14041822093022
18133,-23.51857883308734,-47.13092667912039
18134,-23.523918485154915,-47.130738405292334
18135,-23.54685625711325,-47.121427652400165
18136,-23.546635842608616,-47.1351450328928
18140,-23.54017137787523,-47.037932989124855
18143,-23.56097940498741,-47.08812660240691
18145,-23.60489964749256,-47.150677930073314
18147,-23.43410106229416,-47.06546276999897
18150,-23.6565135,-47.21874050355154
18155,-23.6642773518634,-47.272414194846036
18160,-23.650301791019686,-47.57609456895999
18170,-23.71275227171796,-47.41625062899927
18180,-23.9635409459257,-47.50521589190354
18185,-23.81270960564428,-47.7191963474456
18190,-23.507041351166066,-47.60881047617
18195,-23.471519185505613,-47.73855280874687
18200,-23.58796978382036,-48.044610778287094
18201,-23.585306386285176,-48.03565056005377
18202,-23.587605329470914,-48.0185713345991
18203,-23.596763798037344,-48.03492930904762
18204,-23.607760710117823,-48.01382834757349
18205,-23.599496681549073,-48.05021768695603
18206,-23.618150641328043,-48.06138598483936
18207,-23.602292308598045,-48.06534440717833
18208,-23.592219245239555,-48.06932065837732
18209,-23.58473709608152,-48.06996679185816
18210,-23.581739945349618,-48.053561028454375
18211,-23.563553944695506,-48.04120320067608
18212,-23.57133498891423,-48.03649456981874
18213,-23.57287320829012,-48.026784220229494
18214,-23.579342679234088,-48.0230143504366
18215,-23.587108261686573,-47.98226872233388
18216,-22.042863315079195,-47.89293323886167
18217,-23.59913110904706,-48.31784554740369
18218,-23.770691863426485,-48.12964897398907
18220,-23.564723981558146,-47.8844532848165
18225,-23.63973607015636,-47.82654294031733
18230,-23.879759451528017,-47.99650176316743
18240,-23.491212768420894,-48.41303615357625
18243,28.008978338034268,-15.536867177679133
18245,-23.59417403383281,-48.48091997810899
18250,-23.37224881327445,-48.182472
18255,-23.29895186689769,-48.05570621776308
18260,-23.176552667383262,-48.122611436925126
18265,-23.245534335048955,-48.19498885886232
18270,-23.34974657794427,-47.84766705818349
18271,-23.344822705178487,-47.83883601254092
18272,-23.341881632212107,-47.82570250833239
18273,-23.35646132672312,-47.82274418060707
18274,-23.380270216797975,-47.84773399921514
18275,-23.357353536666785,-47.85449737023758
18276,-23.359805862230644,-47.86629777840945
18277,-23.35252816453787,-47.87031029568302
18278,-23.344236170944676,-47.86132253517067
18279,-23.33641195781218,-47.85005549431698
18280,-23.32645500796235,-47.86421844617885
18285,-23.2222865155926,-47.95990406208057
18290,-23.799975042935365,-48.599467371397026
18300,-24.004866881722293,-48.349517702826205
18301,-23.990635588296072,-48.34776511652632
18302,-23.98599351813703,-48.352498209182386
18303,-23.98084081476138,-48.34481675957962
18304,-24.006907508058852,-48.33744317540616
18305,-24.01364035428057,-48.34292523418753
18306,-24.01569324010852,-48.34881379947726
18307,-24.011653574266063,-48.34945149149513
18310,-24.188151662964724,-48.53116767657337
18315,-24.099865712220264,-48.36567275454652
18320,-24.511019211091888,-48.844679767609215
18325,-24.472509553220117,-49.02496221637186
18330,-24.5828765606975,-48.59301304246628
18360,-24.640749145173032,-48.83913740460879
18380,-24.657928199735508,-49.00815261227631
18385,-24.57312264419332,-49.1698826441754
18400,-23.984017816824476,-48.876383256271474
18401,-23.974761045465847,-48.87186432761449
18402,-23.953932322715293,-48.867944179223024
18403,-23.981919725400232,-48.86937013531801
18404,-23.99110744042993,-48.86926800422461
18405,-23.99368505972919,-48.87745253135584
18406,-23.995666055494624,-48.88695083726097
18407,-23.98951323008177,-48.89174310583881
18408,-23.99569163297833,-48.90343691037292
18409,-23.983066338605102,-48.88878906423349
18410,-23.9771802892413,-48.88627937530942
18411,-23.971259369771893,-48.88364804397723
18412,-23.968939960516067,-48.90851966801203
18420,-23.713897252315597,-48.851557443726776
18425,-23.92522907909464,-48.69995358689421
18430,-24.22307162201244,-48.767574085705576
18435,-24.121243609314465,-48.90566262933371
18440,-23.8632562119689,-49.14061041675239
18460,-24.112883394112192,-49.3307980364786
18470,-23.829010730785328,-49.43355681193245
18475,-24.31953098505531,-49.14007836695194
18480,-23.706253474838213,-49.483811131490825
18490,-23.63002389002317,-49.56285078791607
18500,-23.052593350185855,-47.836107207115525
18510,-23.038737694836765,-47.89509625959579
18520,-23.16603302212643,-47.7459035521913
18530,-23.10272321329245,-47.71354844865776
18535,-23.08312656631425,-47.79185217539294
18540,-23.211097709138407,-47.52231462566051
18550,-23.284932167194903,-47.67223169113112
18560,-23.3546501365913,-47.692012983901456
18570,-23.018164264277516,-48.01184655964886
18580,-23.074664700746943,-47.97581742542941
18590,-23.102685,-48.25762128772862
18600,-22.887590669521803,-48.44100085728306
18601,-22.89166219900167,-48.43293962185018
18602,-22.89336430184978,-48.44425576670803
18603,-22.88118851457095,-48.45076042653388
18604,-22.876560258355905,-48.42790174083906
18605,-22.916039071051422,-48.44109376113635
18606,-22.89994490342386,-48.4497579413433
18607,-22.889491474488565,-48.46145764867133
18608,-22.866896598389985,-48.46035823635395
18609,-22.866484650874177,-48.44824440226158
18610,-22.859791899532546,-48.44265908742571
18611,-22.876184786023344,-48.43558861296094
18615,-22.8995038850625,-48.43807207456909
18618,-22.90018641653925,-48.495664116116565
18619,-22.781099797391647,-48.39997769816495
18620,-22.79070267918695,-48.128948137384256
18630,-22.93627203139952,-48.16220028976465
18640,-23.08078841539944,-48.3778623515815
18650,-22.736804872196227,-48.57078614441008
18655,-22.730567613297506,-48.615857167259904
18660,-22.811055191576965,-48.665874926692915
18670,-22.67338290333219,-48.66698424240625
18675,-22.57123651020172,-48.97184990513485
18680,-22.59239631414472,-48.79922601286859
18681,-22.59833884157681,-48.78733445380194
18682,-22.6090229382009,-48.79628361256285
18683,-22.602424372093175,-48.80776976583198
18684,-22.585256564218657,-48.81517582806434
18685,-22.58223022693286,-48.809062166588014
18686,-22.591365360406016,-48.78469664356697
18688,-22.596282667000647,-48.79420612458312
18690,-23.104781921145523,-48.61332449713797
18700,-23.10453286011886,-48.92456450193324
18701,-23.10345840813088,-48.914013431510654
18702,-23.112878574981444,-48.906769795934565
18703,-23.120637695250757,-48.93120629271751
18704,-23.11519349639332,-48.93597508908529
18705,-23.098954966414706,-48.933762479744885
18706,-23.088481252965305,-48.93114625429917
18707,-23.084260623718855,-48.92437908477858
18708,-23.084732085204017,-48.91585549754354
18710,-23.1354492538114,-49.05458308643842
18720,-23.38407736029611,-48.72554643821835
18725,-22.6409185817509,-47.05726302438613
18730,-23.419193571416027,-49.0920480689924
18740,-23.533130249145927,-49.24477340756488
18745,-23.631240084678964,-49.3137894862578
18760,-23.03423759246722,-49.16338684762482
18770,-22.882810252489634,-49.23872840416878
18775,-22.87442253084249,-49.15895862023604
18780,-23.005257669264996,-49.31894765790291
18790,-22.940582941440294,-49.340714088370845
18800,-23.198404463155505,-49.38228677566995
18830,-23.345671224806896,-49.34861225043766
18840,-23.27442617387088,-49.47628166424151
18860,-23.20697029509709,-49.60263709506825
18870,-23.38956846535511,-49.51066382970466
18890,-23.453737511050665,-49.405169131950274
18900,-22.89783543611012,-49.62607539731829
18910,-22.95583678132704,-49.53826089070136
18915,-22.715829205576444,-49.571659661655474
18935,-22.695893967179742,-49.43026673949088
18940,-22.747298945331234,-49.74053250771808
18950,-23.055628500000005,-49.62673239082674
18960,-23.01471271168394,-49.47548532865861
18970,-23.03920243560502,-49.707983972232
18980,-23.06056925152532,-49.73536744316687
18990,-23.00544417586056,-49.78472513394336
19010,-22.122786203303598,-51.38625583189678
19013,-22.135447660271844,-51.39184720138431
19014,-22.12911234165266,-51.39635900879586
19015,-22.12092328236362,-51.394547459698195
19020,-22.1132202837024,-51.38581858164619
19023,-22.11180936520336,-51.39935213878479
19024,-22.10108060803853,-51.3947878783893
19025,-22.09935431355367,-51.407177277106136
19026,-22.096414656407735,-51.41798717224509
19027,-22.11261394641203,-51.42129393535142
19028,-22.084864486842942,-51.43361314472132
19029,-22.07708974256958,-51.41548624933166
19030,-22.119260457121296,-51.377335222681054
19031,-22.1284002219524,-51.37883475590898
19033,-22.096043298881348,-51.38742075100323
19034,-22.084855377371376,-51.38266217231206
19035,-22.12582685513195,-51.37339946752392
19036,-22.11297470706345,-51.39388535125711
19040,-22.13151472875372,-51.38463285916133
19041,-22.13752426944294,-51.37923922692532
19042,-22.135551923910477,-51.37130923154315
19043,-22.15898564250083,-51.37597594205558
19045,-22.14543524449568,-51.38181517270916
19046,-22.142092290674203,-51.38509166455592
19050,-22.136878212437644,-51.401031142344785
19051,-22.1431255353758,-51.4606478889776
19053,-22.146704280454372,-51.41345374304771
19057,-22.116843103328726,-51.44048000393639
19060,-22.12076168803739,-51.41342161742839
19061,-22.12795229918702,-51.41020245840229
19062,-22.132882076576884,-51.42528804640487
19063,-22.12884350794778,-51.445134383132654
19064,-22.15499080532139,-51.45322919527492
19065,-22.10814744302125,-51.43254761780519
19066,-22.109507045256457,-51.428849812551725
19067,-22.12069954082874,-51.42839685681196
19068,-22.101675448924162,-51.432035365883024
19070,-22.13660121173913,-51.41834215437778
19085,-22.11059153428478,-51.43938824796814
19097,-22.074312765078428,-51.35938132609456
19100,-22.0877940784531,-51.40074950797842
19110,-22.10799712432233,-51.37604457086996
19120,-21.96257367615687,-51.308700545357695
19130,-21.914953514790696,-51.30101150433049
19140,-21.80310402568649,-51.30043489389272
19160,-22.07736514890501,-51.47403973911853
19180,-21.954519898504532,-51.415323419292214
19190,-21.85146154206996,-51.39555800297632
19200,-22.27642050519276,-51.498591488539034
19210,-22.30426544987227,-51.559503500206375
19220,-22.406876945622976,-51.52383310780121
19230,-22.48828476393826,-51.66104330924961
19250,-22.45656834333438,-51.763239429987806
19260,-22.295044593416506,-51.90771548970348
19265,-22.21629898914913,-51.83456345804937
19270,-22.2852806650237,-52.10266704716585
19273,-22.57882627165653,-53.0554372383274
19274,-22.53061570511888,-50.556854467054144
19275,-22.55748657175777,-52.590288703696864
19280,-22.53084236400593,-52.1699908122517
19295,-22.54065715805103,-52.18066124104769
19300,-22.00610697218574,-51.555438
19330,-22.220004382746865,-51.641515505022895
19350,-21.83041092752533,-51.482670556466346
19360,-21.9764942177072,-51.65330029944268
19380,-21.836173084218995,-51.6028944495322
19400,-21.876176339641987,-51.84436934059116
19410,-21.88734380122317,-51.72979890601052
19430,-22.10961446225894,-51.96630209981605
19450,-21.83130441974442,-51.98998492442001
19470,-21.7714005,-52.114059000000005
19490,-22.863360463031587,-47.05542146591886
19500,-22.14962952627951,-51.171522762929655
19505,-22.002037882381078,-51.13586076317752
19530,-22.0159294850976,-51.236051912815824
19540,-21.775634410675096,-48.81837012854008
19560,-22.17509422570864,-51.2553749432025
19570,-22.22049920431455,-51.303248211842615
19575,-22.195167709503103,-51.35699283048888
19580,-22.296350008844506,-51.38734013149248
19590,-22.39071022939333,-51.28932103339659
19600,-22.229851844749042,-50.89386155649203
19610,-23.419434162351546,-48.93000028400158
19620,-22.22203073967288,-50.89551977118203
19640,-22.6608472943578,-51.07523114463538
19645,-22.61982147888437,-51.23791665379433
19680,-22.250030789588028,-50.76841953810676
19700,-22.41728221746313,-50.580260732823085
19750,-22.33913826238127,-50.39276298840477
19770,-22.315920378790462,-50.282755127740025
19780,-22.24699636845572,-50.70067936396437
19800,-22.664912510964268,-50.41569053148141
19801,-22.67145890601188,-50.41224095628575
19802,-22.66959122606639,-50.42684771796159
19803,-22.67542885928214,-50.43778446156725
19804,-22.66458027654512,-50.43569759991651
19806,-22.65567949624909,-50.42425955245543
19807,-22.64563798427148,-50.42407896319123
19810,-22.6335555,-50.42109374999998
19812,-22.639824916884088,-50.396803282759805
19813,-22.644111083412653,-50.40289792922438
19814,-22.657260472305627,-50.40988174854292
19815,-22.65572053538864,-50.39591755203707
19816,-22.663416231894484,-50.40178079763238
19820,-22.749160586087907,-50.57904104264557
19830,-22.42961542512157,-50.205234449192936
19840,-22.61284904133209,-50.668424795377454
19845,-24.00331679787828,-50.67184233911647
19860,-22.74442804907072,-50.79124083706301
19865,-22.81448526713484,-50.7913278915386
19870,-22.901900621141955,-50.72783293836954
19880,-22.749856894136194,-50.386844288916315
19882,-22.696762502455,-50.29198220063608
19885,-22.84187946859608,-50.517664657441934
19900,-22.981088629753582,-49.86735115598131
19901,-22.990701913540903,-49.86926210773602
19902,-22.99320726034389,-49.860336902446726
19904,-23.01248776969515,-49.883645571372014
19905,-22.99557409838998,-49.88352135754742
19906,-22.98539153067112,-49.882647677174624
19907,-22.97442663139116,-49.88024758144663
19908,-22.9750335,-49.9073959535172
19909,-22.96969408006812,-49.90421523723238
19910,-22.96511949653755,-49.893091156529565
19911,-22.969078123497667,-49.87072269060535
19912,-22.97979454731953,-49.860314911045066
19913,-22.980856740911186,-49.854212138424046
19914,-22.968942580068127,-49.85701216708979
19915,-22.958525991856725,-49.86384197592187
19920,-22.88841869246131,-49.98239538375066
19930,-22.784849394249985,-49.93178061777044
19940,-22.814208,-50.07316949999999
19960,-22.603821620942085,-49.99913937302542
19970,-22.786283823877675,-50.218608755035945
19990,-22.63444962798688,-50.20283711495876
20010,-22.902831739692854,-43.17548602192854
20011,-22.904718779618047,-43.1762579207686
20020,-22.907621262565595,-43.17268163532218
20021,-22.913044187893163,-43.17515549999998
20030,-22.910060472387308,-43.1742378655432
20031,-22.91017422770652,-43.17677490813088
20040,-22.90406462836861,-43.17739555176294
20041,-22.90338706189049,-43.17893598182237
20050,-22.905433823475136,-43.17935761449015
20051,-22.903858707744234,-43.18249950513589
20056,-22.9137797149576,-43.250752195106536
20060,-22.90688289702239,-43.184569704137566
20061,-22.905345342954966,-43.18576345399333
20070,-22.90253058451152,-43.17927524999999
20071,-22.90176671689084,-43.180959677217366
20080,-22.90062229682906,-43.185495104146256
20081,-22.897531004731857,-43.183975295862446
20090,-22.89922806649381,-43.179738593456094
20091,-22.89965534257788,-43.17861128761033
20203,-22.795288930066864,-43.34061053055184
20210,-22.908340512043182,-43.19987813128383
20211,-22.91177825728548,-43.198695277684806
20220,-22.90066355092621,-43.20197943620764
20221,-22.898985150152924,-43.19117737024641
20230,-22.913001691095815,-43.18850418637828
20231,-22.912604329447745,-43.18617598514058
20240,-22.917402246595337,-43.18894323486376
20241,-22.92068543825373,-43.18144298987246
20250,-22.918083033940388,-43.20701267014823
20251,-22.923426379263113,-43.19703959214325
20260,-22.920279866654056,-43.216164176164284
20261,-22.923716505554246,-43.21260688086444
20270,-22.916610210369964,-43.218139148767925
20271,-22.914277245210354,-43.22442387316059
20350,-22.90749754731954,-43.268823
20396,-22.765062464802348,-43.10790462795946
20397,-22.754816883172573,-43.10809987960618
20510,-22.929534985284818,-43.24221999555659
20511,-22.92811730655258,-43.239609422759635
20520,-22.92557168443071,-43.233529505684146
20521,-22.927693578683133,-43.231364296756595
20530,-22.937361253967254,-43.24729185651218
20531,-22.96117520206009,-43.27136545781635
20535,-22.88668518872989,-43.252709074620526
20540,-22.92261613321603,-43.2395187642247
20541,-22.922919188527857,-43.24593675693923
20550,-22.918244940879468,-43.230211066478105
20551,-22.914442503606676,-43.24566416341099
20560,-22.918210606440063,-43.25595283236194
20561,-22.923555169599965,-43.263922164998
20710,-22.908496919369284,-43.2767776985112
20715,-22.91305058895492,-43.268783924923525
20720,-22.90612813266777,-43.28798106688215
20723,-22.907816738271123,-43.28858782819266
20725,-22.906912080904846,-43.28369796293792
20730,-22.90121623841535,-43.29822481167415
20735,-22.900675898277473,-43.28651790779897
20740,-22.895815574095508,-43.31290666326677
20745,-22.903091465173944,-43.30674435455027
20746,-22.898321969184654,-43.30574172595051
20750,-22.877785980841413,-43.298815159039705
20751,-22.88372670955729,-43.304106818627695
20755,-22.888049007501813,-43.29696283542036
20756,-22.888973090888165,-43.30490420102135
20760,-22.87821834440819,-43.287394639116535
20761,-22.86995990787108,-43.296198867476434
20765,-22.86977113474525,-43.28637375792522
20766,-22.86407842492353,-43.288561463118455
20770,-22.892616885509852,-43.286551756924894
20771,-22.88631916457965,-43.27870687593055
20775,-22.89508578267647,-43.27692762031853
20776,-22.989315173013143,-43.34858461368386
20780,-22.897690061890493,-43.2717869398985
20785,-22.88622010185244,-43.26766626789475
20910,-22.899965164319838,-43.22916716139132
20911,-22.895620778127704,-43.24121277872354
20920,-22.894907715650092,-43.23080588235342
20921,-22.89441685873388,-43.22509930821168
20930,-22.890080578237537,-43.230153212042
20931,-22.878080132945893,-43.21743546184139
20932,-22.85332248950828,-43.397360098269154
20940,-22.90235169360598,-43.21845774216625
20941,-22.904471876623056,-43.2179706918311
20943,-22.907912134601013,-43.23666916457965
20950,-22.90347,-43.2559700409429
20960,-22.899471018466087,-43.24918480870217
20961,-22.89924144518436,-43.261721615110524
20970,-22.894936575076457,-43.258714052166965
20972,-22.922672747050257,-43.23204208375068
20973,-22.88770475389316,-43.25328512047892
20975,-22.89373999999998,-43.25269999999995
21010,-22.81661510658429,-43.293747924635085
21011,-22.82751524950952,-43.2830375764115
21012,-22.82608231975288,-43.29052937552653
21020,-22.83449841104508,-43.27711817747716
21021,-22.84152086288882,-43.264723201771616
21030,-22.843520636010503,-43.25003840967675
21031,-22.84898092033591,-43.25654729800205
21032,-22.85909726478729,-43.255887941023694
21040,-22.86004297293557,-43.25136077118095
21041,-22.868282587021685,-43.25105304619436
21042,-22.862427025104544,-43.243219756317636
21043,-22.85811787660204,-43.24612291067517
21044,-22.85456205083991,-43.242954164038814
21046,-22.87108586900821,-43.23871963077337
21050,-22.87685596171149,-43.258893229384334
21051,-22.87416213918865,-43.266360484548855
21060,-22.85771065676387,-43.26319974309628
21061,-22.867727297042507,-43.26761169262503
21065,-22.87514003792104,-43.41383054038933
21070,-22.843425268031975,-43.28254501581018
21071,-22.85087763613022,-43.27890185844542
21072,-22.84911962061185,-43.28724120443282
21073,-22.850963237001707,-43.26952035913791
21200,-22.85347704411689,-43.30393765860703
21210,-22.84101375021634,-43.30078860574758
21211,-22.837070174158935,-43.307943410610136
21215,-22.83430966894535,-43.2963741747072
21220,-22.848677910770938,-43.3124686941399
21221,-22.84491453912522,-43.3086476105229
21230,-22.826491449073785,-43.321884506795
21231,-22.830639516244386,-43.321280983611366
21235,-22.837595403846905,-43.323451475849744
21236,-22.830910548848742,-43.31425276082004
21240,-22.81037884041201,-43.32228901956261
21241,-22.812989988199007,-43.30970170647832
21250,-22.82523328336896,-43.30638493532521
21310,-22.87879124562872,-43.34041984347043
21311,-22.889230778422778,-43.32837270996595
21320,-22.89235634220104,-43.34717450779488
21321,-22.894228225908524,-43.36147483675421
21330,-22.882066313347583,-43.36540193158864
21331,-22.8724189103526,-43.36458616403138
21340,-22.87108886955392,-43.355118601924545
21341,-22.881875112960927,-43.350675800709865
21350,-22.87811770191585,-43.32919225965141
21351,-22.869513413121233,-43.34365817387047
21360,-22.867181386764933,-43.33459933029165
21361,-22.85310756010148,-43.32810026558366
21370,-22.8704816877776,-43.31688755190716
21371,-22.851207994460083,-43.32374319121139
21380,-22.884593376891463,-43.31905865251885
21381,-22.878942689840734,-43.3156555939609
21440,-22.862645298084136,-43.25392422924009
21510,-22.840489094509167,-43.34975667603439
21511,-22.843678316406,-43.35435813787578
21512,-22.83898771227617,-43.36246969626462
21515,-22.82771980021064,-43.36298572771183
21520,-22.809969046771272,-43.36150677358765
21521,-22.816582559120526,-43.35548074722564
21525,-22.807337866783968,-43.3617663141843
21530,-22.82769484096028,-43.35154069888608
21531,-22.82586976953026,-43.34555725348918
21532,-22.817179857020427,-43.3612932645088
21535,-22.81482201165676,-43.34077914167361
21540,-22.852603980293154,-43.342430948583306
21545,-22.84457147517397,-43.34321684318198
21550,-22.86200192867445,-43.35399568373821
21555,-22.85464155314792,-43.363395084915545
21557,-22.85622022999673,-43.37455998695827
21610,-22.865704208436725,-43.373099043568615
21615,-22.86094886539897,-43.39195057100495
21616,-22.852096199763988,-43.39640120401403
21620,-22.83920769415423,-43.40396192867444
21625,-22.83193067692889,-43.4001239383693
21630,-22.82597071608277,-43.41219831819501
21635,-22.83276604108713,-43.411213164338186
21640,-22.835948489324185,-43.393102696491496
21645,-22.821283099395675,-43.39765484537244
21650,-22.8143356247476,-43.372540098930465
21655,-22.81652540940029,-43.38383066119364
21660,-22.83935682930351,-43.37853409019566
21665,-22.83508900637664,-43.376847815926446
21670,-22.849474657640414,-43.377807250692484
21675,-22.846277985300684,-43.36829371412087
21710,-22.877962438253743,-43.42602242200934
21715,-22.879516013116906,-43.43965733110896
21720,-22.865248602285128,-43.44625691548848
21721,-22.871470882153396,-43.442187841778164
21725,-22.85733944838256,-43.45134400582839
21730,-22.8641886150384,-43.43139917277395
21735,-22.8710949045242,-43.430822633360265
21740,-22.8864640049889,-43.38161189064573
21741,-22.888788747706183,-43.39493265124944
21745,-22.877618344159103,-43.409416124385594
21746,-22.880104244662085,-43.404417115267236
21750,-22.87904180474924,-43.415909075422704
21755,-22.884874983625707,-43.422210783166946
21760,-22.890626602270792,-43.41969825360669
21765,-22.891294943245406,-43.43135360141447
21770,-22.89219090507247,-43.44148123743439
21775,-22.8869196862452,-43.44696622341672
21785,-22.872104916180973,-43.45521364542106
21810,-22.87928654954124,-43.460271000000006
21815,-22.885279438253743,-43.4550189319765
21820,-22.88337299999999,-43.47164067816963
21825,-22.89071644210293,-43.47506261518262
21830,-22.880002259980387,-43.48211210068379
21831,-22.890034152455176,-43.48349079045242
21832,-22.89580682935486,-43.490665220828234
21833,-22.881496206137182,-43.49395110895518
21840,-22.871687704830045,-43.472273747880536
21842,-22.868653788881826,-43.47905366472386
21843,-22.87186757423974,-43.493159250000005
21845,-22.874488910352586,-43.45268367095628
21850,-22.859514502914195,-43.48723331793521
21852,-22.85958132722604,-43.49214424340701
21853,-22.85183055189284,-43.48950281181838
21854,-22.843419102083576,-43.491649999999936
21860,-22.862399799194996,-43.459678225985726
21862,-22.86424247766742,-43.46671371813158
21863,-22.852307977213275,-43.4665744937111
21864,-22.85496439995091,-43.45960249083907
21865,-22.84995616763805,-43.46165109671653
21866,-22.84686276602804,-43.46573356036127
21870,-22.871142916311072,-43.45946958658898
21875,-22.871811311964173,-43.45271366221371
21910,-22.79725251450519,-43.18021868722839
21911,-22.790054272837374,-43.17261508575228
21920,-22.7976477485429,-43.194497929511165
21921,-22.807695174303166,-43.186343887875765
21922,-22.82196781252052,-43.2697185051359
21930,-22.81972482360764,-43.17789676464306
21931,-22.80869071772756,-43.19674897238729
21932,-22.80076941199997,-43.21114579420407
21940,-22.81379363822203,-43.202805146996404
21941,-22.81468986150384,-43.21887611457634
21950,-22.90283435276126,-43.263612555369605
22003,-22.9109450620848,-43.17286622857466
22010,-22.96268415430786,-43.17048076977897
22011,-22.963409052311192,-43.17740849639331
22020,-22.965520143083786,-43.17822776637429
22021,-22.965417483741273,-43.17870696162504
22030,-22.96557392867445,-43.18361824548448
22031,-22.96672312101102,-43.18763361593291
22040,-22.9685606081135,-43.18462661780836
22041,-22.96742371772756,-43.19037998014893
22050,-22.972751088810693,-43.187656060909546
22051,-22.972603777136555,-43.19047862946513
22060,-22.976847120318528,-43.19030864785911
22061,-22.975873354434707,-43.192677111575954
22070,-22.982021999999994,-43.18987781344835
22071,-22.97909693699866,-43.19354642124473
22080,-22.98608792561603,-43.19213714348783
22081,-22.984921446563625,-43.19340613835193
22210,-22.9321634454671,-43.17558454579033
22211,-22.92355340138908,-43.17914576637429
22220,-22.929381351780314,-43.17696004310682
22221,-22.93014915999201,-43.18112974089685
22230,-22.936981997230035,-43.17705424963942
22231,-22.935689455450422,-43.18170490674592
22240,-22.93552411241268,-43.18703521259166
22241,-22.939491728028,-43.197542200877116
22245,-22.94092107493224,-43.19140526227714
22250,-22.940918625007406,-43.175625503853034
22251,-22.944770727958733,-43.18551222973058
22252,-22.94380123065373,-43.18424634846209
22260,-22.94946895130981,-43.188924455805065
22261,-22.956729872612343,-43.20019628143572
22270,-22.953440826930937,-43.19033340882161
22271,-22.95641153094525,-43.19467059075825
22280,-22.95485943381034,-43.18504969539497
22281,-22.957756281983983,-43.19318023065373
22283,-22.956150562582973,-43.19212235025111
22290,-22.953872396800783,-43.17759102463768
22291,-22.94625688037396,-43.16205530945243
22410,-22.98416142187944,-43.20805326859599
22411,-22.982855489324184,-43.20242929808413
22420,-22.985480048978644,-43.20398699486412
22421,-22.982124510675813,-43.20845063336026
22430,-22.98264398473655,-43.22079361558667
22431,-22.982908589503182,-43.22453404731954
22440,-22.98485086066712,-43.22013309922669
22441,-22.984926003606674,-43.224283039759925
22450,-22.986070873304826,-43.23094796623414
22451,-22.978671878570623,-43.235282934488495
22452,-22.9407253815746,-43.32757167475977
22453,-22.978469157654736,-43.23383336857298
22460,-22.965012010820043,-43.224094566608024
22461,-22.961017550926208,-43.21522898932418
22470,-22.962744640011035,-43.210687958212795
22471,-22.96570882431185,-43.20256298774218
22473,-22.9310185387212,-43.35047496113457
22600,-22.987548430202757,-43.2532473467255
22610,-22.99584940871148,-43.263338401492575
22611,-23.00908890813088,-43.29577653289282
22620,-23.01103284485541,-43.31554396488549
22621,-23.011134044967932,-43.31008116874891
22630,-23.010163018682896,-43.34273814481476
22631,-23.003664963376465,-43.34152913235403
22640,-23.00050060502642,-43.32863964034626
22641,-22.988132986144976,-43.302630499855766
22710,-22.937577114186837,-43.380139714153174
22711,-22.94418241494285,-43.39272295223751
22713,-22.92898049055061,-43.3893935696058
22715,-22.922747444630385,-43.38275143677304
22720,-22.91830273975994,-43.386368563419694
22723,-22.91563722426276,-43.402110245834365
22725,-22.912359607669057,-43.378536004371284
22730,-22.919497461964188,-43.36952794490452
22733,-22.90453216645926,-43.360969067062555
22735,-22.92102903108947,-43.36017740698101
22740,-22.92593083651688,-43.35715538933652
22743,-22.929498031363604,-43.34678486539898
22745,-22.93546623160602,-43.333497908046546
22750,-22.943428899261903,-43.33444152844942
22753,-22.965406826533552,-43.3317025270122
22755,-22.946106934358593,-43.339776278074524
22760,-22.938059179294825,-43.34638345749923
22763,-22.94702102323646,-43.353783869005646
22765,-22.9560740158117,-43.347741749725884
22770,-22.936751062201203,-43.359639345115205
22772,-22.94980512725776,-43.360588988271125
22773,-22.949279056898824,-43.36458416319467
22775,-22.970469050868424,-43.382106159559314
22776,-22.98963646701543,-43.35198145391959
22778,-22.93935898306312,-43.371185648883504
22780,-22.96237070200159,-43.3966251374886
22783,-22.98589720458458,-43.45719971417144
22785,-22.97771927644406,-43.49309672881531
22790,-23.01564521426511,-43.45932989361249
22793,-23.000811299144484,-43.39884999999998
22795,-23.021519804605013,-43.46365439966753
23010,-22.88426207801728,-43.50974229629514
23012,-22.8892701221216,-43.52703133132836
23013,-22.901696593390348,-43.539063415272125
23015,-22.9077732783773,-43.53972572706302
23016,-22.912657711350924,-43.53621090939193
23017,-22.9191192068621,-43.52830377622324
23020,-23.000387616974603,-43.55127862187233
23025,-22.99594169180235,-43.62745355838197
23026,-22.994471738502263,-43.6356025351145
23027,-23.001405924222226,-43.638596252025025
23028,-22.98082928319903,-43.66274310472467
23030,-22.969126582289825,-43.58732053356394
23031,-22.964380864923186,-43.610729978811065
23032,-22.973956926613816,-43.64548590244674
23033,-22.95633870384909,-43.60494123773454
23035,-22.94629215606225,-43.597209902297834
23036,-22.93864730196494,-43.57665642229564
23040,-22.92449405190716,-43.55042367095629
23042,-22.92738529447746,-43.558723719938406
23045,-22.916505331395317,-43.56324522958614
23047,-22.92545760892156,-43.5637913896648
23050,-22.906012271591266,-43.56728365029714
23052,-22.9062910335853,-43.55270850207093
23055,-22.91117345517629,-43.5784171797132
23056,-22.919086315725743,-43.61098155228651
23057,-22.92389393900747,-43.58211527109182
23058,-22.914079492353952,-43.61532819153192
23059,-22.91262389743707,-43.59064832231466
23060,-22.899247975976543,-43.60700321321576
23061,-22.909453610857156,-43.618814439494486
23062,-22.903818621703508,-43.59938318694088
23063,-22.897558814953364,-43.59385192962674
23064,-22.90190877768481,-43.590378431444414
23065,-22.876524,-43.63163203571811
23066,-22.888540135235672,-43.61873771305051
23067,-22.88217894393789,-43.61488837190279
23068,-22.886269554750132,-43.60469528859038
23070,-22.895530658492937,-43.577308594307155
23071,-22.887439658895488,-43.58225374756196
23073,-22.887847236193647,-43.58799213197528
23075,-22.87902500526579,-43.57333779099615
23076,-22.88313499928277,-43.57521274034859
23078,-22.878194881083413,-43.58328646561768
23080,-22.89907521288013,-43.56525673951188
23081,-22.89420090582502,-43.567468764354594
23082,-22.891133519980976,-43.57087537898897
23085,-22.89444946378897,-43.54563905893686
23087,-22.887426588979224,-43.5588941783282
23088,-22.885236494131302,-43.548850584929866
23090,-22.87725127577445,-43.56359460678631
23092,-22.875147409097508,-43.540072929752206
23093,-22.87933369445085,-43.533353512472
23094,-22.87511083291878,-43.51694218166075
23095,-22.8713805,-43.55823905371378
23097,-22.851487017689188,-43.538214434935526
23098,-22.86773100054527,-43.51332827961803
23510,-22.92038555868783,-43.67861499802896
23515,-22.924890774914847,-43.68369851347443
23520,-22.93640172698016,-43.67472229565096
23525,-22.9462404940274,-43.681174414219065
23530,-22.977757520516878,-43.68860811848081
23535,-22.97932357526042,-43.69394732128931
23540,-22.97454495920134,-43.7006273463784
23545,-22.96827782708181,-43.70556083513189
23547,-22.956375860811345,-43.68412914210285
23550,-22.93156500415494,-43.69014093741702
23555,-22.915623750216348,-43.69449732001268
23560,-22.90204386583241,-43.70363850666509
23565,-22.889673387183294,-43.71859355704306
23570,-22.911193935507935,-43.67967073404407
23573,-22.91269331282846,-43.65315618610416
23575,-22.90439659367773,-43.67044219796292
23580,-22.914179028219266,-43.633105025710904
23585,-22.923266671268802,-43.63549198606374
23587,-22.92000169726184,-43.625082017759276
23590,-22.9311018836398,-43.65806047868702
23591,-22.931157368290787,-43.6638593272825
23595,-22.933572569404607,-43.65357326114945
23810,-22.87050792686582,-43.76856338497846
23811,-22.8631956201346,-43.768175622217
23812,-22.873385478973983,-43.76226995862541
23815,-22.868759275903223,-43.77921048604487
23819,-22.839093852362634,-43.79495437195018
23820,-22.864174740541245,-43.784512997657025
23821,-22.87074111482201,-43.78825653692411
23822,-22.8645708688102,-43.79573866791662
23823,-22.87621575,-43.78861926778512
23825,-22.88448,-43.821189
23826,-22.901831000456134,-43.86197473746364
23830,-22.845069090801182,-43.7671974055688
23831,-22.876825499999995,-43.815132652645495
23832,-22.85534509298971,-43.76583456328473
23835,-22.83658162389063,-43.76504164627765
23855,-22.870536667550173,-43.77637901532607
23860,-22.941398185661626,-44.03653165991997
23870,-22.92185423831871,-43.94301218481792
23880,-22.927884461662305,-43.90878972511612
23885,-23.029473808449545,-44.16374213786677
23890,-22.79722107471052,-43.64165026718477
23891,-22.74404807668514,-43.667268424013336
23893,-22.7068294165519,-43.70880998901929
23894,-22.743049648754216,-43.69794843603743
23895,-22.746450858594915,-43.70526783885028
23897,-22.79668511821223,-43.65161380856518
23898,-22.808664773421874,-43.64129411251507
23900,-23.008082724442662,-44.31867906351928
23902,-23.009743664663723,-44.32353524527646
23903,-23.00382070219456,-44.31678952559822
23904,-23.00291353459653,-44.31183471878861
23905,-22.98130119736324,-44.30340164923547
23906,-22.99912753740078,-44.30536607069136
23907,-23.00639789721756,-44.29688911677869
23909,-23.01935768597164,-44.33798595953004
23910,-23.005799999999965,-44.29499999999996
23911,-23.011802822492818,-44.2793494138046
23912,-22.998687616197547,-44.26546523938305
23913,-22.987405657897693,-44.237396092382795
23914,-22.99292171702689,-44.23736530425863
23915,-23.003404588385468,-44.23316177469693
23916,-23.00991039350349,-44.21941724782459
23917,-23.036438196401257,-44.19683599999999
23918,-23.0331038836759,-44.1781076757342
23931,-23.01481652870374,-44.32915950129484
23932,-22.9807485,-44.29891695885361
23933,-22.97389492225446,-44.29322311357829
23934,-22.97258038391628,-44.30145822748284
23935,-22.95950379553144,-44.29038448550911
23936,-22.956023999999942,-44.301936499999954
23937,-22.96494705660028,-44.30320519646173
23940,-22.923848696870905,-44.3664212169165
23942,-22.949285932830787,-44.32395437132426
23943,-22.944776821304444,-44.39412899999999
23944,-22.937243342682205,-44.41463493251696
23946,-22.9630964624396,-44.43896007408009
23950,-23.00519435306689,-44.47837357986476
23951,-23.023855884930256,-44.51367715503597
23952,-23.01733164256092,-44.527096088090396
23953,-23.018501635617042,-44.53290175775466
23954,-23.011975992596636,-44.538120704328804
23955,-23.008655020479857,-44.53216559335464
23968,-22.879760096357646,-43.38769911282255
23970,-23.22077753353325,-44.71858274122384
23972,-22.863467110964244,-42.311280809906776
24005,-22.89354536620809,-43.118957695144125
24007,-21.20598002961762,-41.89638192630007
24008,-21.219146282188923,-41.87782460308559
24009,-21.21909309955271,-41.8775055072683
24020,-22.89426743296495,-43.120610497085806
24022,-22.05622327411629,-42.499664066408826
24027,-21.2189719026067,-41.87752350568823
24030,-22.88699984318198,-43.121172249398086
24040,-22.883019737982668,-43.12499329643936
24050,-22.87280022663053,-43.11504003637062
24060,-22.886293954836248,-43.1104961936404
24070,-22.89293962254024,-43.11085199333488
24110,-22.87010605806781,-43.10137087079468
24111,-22.863334485612704,-43.09292881998404
24119,-22.86343492846253,-43.09725737403164
24120,-22.882963909645763,-43.092633702248094
24130,-22.87952085516152,-43.087547350886005
24140,-22.88773820859581,-43.07124871592905
24141,-22.876897526227708,-43.05124252608347
24202,-22.89542602516494,-43.11547213914787
24210,-22.902142961278805,-43.1245722928209
24211,-21.220994849938272,-41.89197955002058
24220,-22.90339193311785,-43.10751565110549
24230,-22.90604458187146,-43.10673242504819
24240,-22.897906057025303,-43.09933504108713
24241,-22.903852147538327,-43.09219932889093
24310,-22.910756071325547,-43.067183591080045
24315,-22.90138429542877,-43.06709271091482
24320,-22.9062238407612,-43.05149133129219
24322,-22.89548517050075,-43.03529525667961
24325,-22.88010516180968,-43.03443079239999
24330,-22.89979892255761,-42.98895449999998
24340,-22.94412316002891,-43.03523771058806
24342,-22.93849102801376,-43.02446472759532
24344,-22.936806324085765,-43.01273644048264
24346,-22.954565112818976,-43.02902426878563
24348,-22.97114571130121,-43.03162930174082
24350,-22.940178338334547,-43.06559220141305
24355,-22.940639272054288,-43.04253550478964
24358,-22.954231974561587,-43.071458764420385
24360,-22.91581454863355,-43.09080035887811
24365,-22.91192058991417,-43.08264371885273
24370,-22.927483498470785,-43.09730507296389
24400,-22.822657273441827,-43.04547527635864
24410,-22.860982624473465,-43.08805236412957
24411,-22.858013379492682,-43.083614874746104
24412,-22.848264588723048,-43.076144903438085
24415,-22.839427479189958,-43.07518743382623
24416,-22.8404476817816,-43.06687870880578
24417,-22.845932348368834,-43.05204364718395
24420,-22.8353855861842,-43.046345953395125
24421,-22.831640653887533,-43.041632564798185
24422,-22.82825814439895,-43.02919381168198
24425,-22.85221575423545,-43.091406799728766
24426,-22.841215420394228,-43.08857272284774
24430,-22.83027165103387,-43.08918002134142
24431,-22.82905433671557,-43.08177914767914
24435,-22.82801335231212,-43.06940449082961
24436,-22.821054725184183,-43.06648890604879
24440,-22.827402057926594,-43.05495514897576
24445,-22.817196209791963,-43.03568392007604
24450,-22.821529684727246,-43.017858127909776
24451,-22.829698641473442,-43.01542901343805
24452,-22.81877690163897,-43.01211802447183
24455,-22.809478438439047,-43.02533695174372
24456,-22.81074929173551,-43.01683081240579
24457,-22.805217460540334,-43.01336827762049
24460,-22.814609438911212,-43.04314402025021
24461,-22.802749376423947,-43.03736543817297
24465,-22.81844698368851,-43.05715509711872
24466,-22.80994020705732,-43.06279774258286
24467,-22.805768071495862,-43.05282684993689
24470,-22.79586967949177,-43.044618874616425
24471,-22.787020489060396,-43.0421806608082
24472,-22.78942960928453,-43.03865995839386
24473,-22.78911872230535,-43.03206127712376
24474,-22.79522891322707,-43.02721437447931
24475,-22.77290428381924,-43.037132914278565
24476,-22.771815669703074,-43.01668923622261
24710,-22.8240836358814,-43.00271495195415
24711,-22.81884230259394,-42.997953932231425
24715,-22.80220573883892,-42.99277619369582
24716,-22.78825461616141,-43.00540493240592
24717,-22.80870933328744,-43.00297732360325
24720,-22.812430771982832,-42.98814341158763
24721,-22.796946962995946,-42.98012069180196
24722,-22.79781761675126,-42.97578975892121
24723,-22.8162451917065,-42.95069207345667
24724,-22.80554664417516,-42.955690096773225
24725,-22.81042763711536,-42.97619364142002
24726,-22.78114764864977,-42.96265411818833
24727,-22.782828018629186,-42.945527289726144
24730,-22.82932107302054,-42.98868044531293
24731,-22.82313459592045,-42.98682827172502
24732,-22.827323341480177,-42.97446648216526
24733,-22.82905663491486,-42.97254715872871
24734,-22.82904796350538,-42.96180062643256
24735,-22.84420381959985,-42.95542340237646
24736,-22.819573502678864,-42.96921074999999
24737,-22.843906106950122,-42.95895768480793
24738,-22.852318344284207,-42.943456672337994
24740,-22.833132672681195,-42.99696794159301
24741,-22.84247605478959,-42.99559306684003
24742,-22.838701467063345,-43.00357125225867
24743,-22.84506777644259,-42.997421836362385
24744,-22.84429996514552,-43.01285849999998
24745,-22.855296927918825,-43.00492861052088
24746,-22.83934194361494,-42.98803634805303
24750,-22.857716415626843,-43.02864382610054
24751,-22.86342242612,-43.00701155620367
24752,-22.88333072935811,-42.98182834681717
24753,-22.886380872540222,-42.98899668586638
24754,-22.872243012846617,-43.02754228867966
24755,-22.85998591143526,-43.01704145640518
24756,-22.87825724171919,-43.01575973616947
24800,-22.744365965200295,-42.85719485611613
24801,-22.7401662428074,-42.847395915197005
24802,-22.72357937379686,-42.82253381824609
24803,-22.732706025561804,-42.829985079205095
24804,-22.748094645912715,-42.84520753695331
24805,-22.733261124102032,-42.831251600106846
24806,-22.750941087134603,-42.85717345344622
24808,-22.75906532197029,-42.86004497072749
24809,-22.76632895428982,-42.89684174558862
24812,-22.75058499600452,-42.87225993399285
24813,-22.748116157070065,-42.89099241735732
24815,-22.741550581182114,-42.869160765893895
24830,-22.702836944921806,-42.87624152365248
24840,-22.71890516617555,-42.863865748478695
24845,-22.786090231072478,-42.82332363456748
24846,-22.71538558398837,-42.806385841320235
24850,-22.808959595354324,-42.88567927758402
24851,-22.82133914393132,-42.89060036159746
24855,-22.7728266839093,-42.92021227017479
24856,-22.7656860545593,-42.91431730391548
24857,-22.760534921999977,-42.93148699999995
24858,-22.77306155386796,-42.93354942968821
24859,-22.78462980789539,-42.92808794702373
24860,-22.78286033741115,-42.92171504782183
24865,-22.742759698159883,-42.91668091799642
24866,-22.729962955798587,-42.94140576321007
24867,-22.760654413506494,-42.871308589782444
24868,-22.727846072187585,-42.95112813684848
24875,-22.70893511277177,-42.89299405774858
24876,-22.7125342435385,-42.89540473111652
24877,-22.745612949418724,-42.884479445017966
24890,-22.7347995045499,-42.7225818976356
24900,-22.918262396387178,-42.817583644306154
24901,-22.919438843571545,-42.82130925613817
24902,-22.923829136686997,-42.81675409303618
24903,-22.910259453103254,-42.805091590077424
24904,-22.905686033107195,-42.79584042657368
24905,-22.901665372340847,-42.79661378284364
24908,-22.89964994236187,-42.80997709168917
24909,-22.91370410629557,-42.81004585358576
24910,-22.886626588143656,-42.811118258620056
24911,-22.90263949790544,-42.835591793593146
24912,-22.90733318853055,-42.82524461037062
24913,-22.911216214196553,-42.82438361313079
24914,-22.919995750409996,-42.851533137559045
24915,-22.95712022518,-42.81478102938238
24916,-22.955333258291716,-42.80292051394538
24917,-22.971898333199455,-42.930603970729976
24921,-22.95547999999997,-42.79087444056603
24922,-22.953563837880196,-42.701481195488796
24923,-22.95525000731088,-42.69143649965572
24924,-22.907207399821573,-42.72404189460531
24927,-22.897394796408843,-42.78453778244015
24930,-22.930072932243544,-42.88959999999997
24931,-22.93655500369961,-42.88741746933983
24932,-22.91819067904226,-42.902964127398846
24933,-22.96463494080069,-42.90565754725813
24934,-22.93499249110096,-42.935081937093
24935,-22.954435732384812,-42.96213943168519
24936,-22.95903880735188,-42.982808470971534
24937,-22.963124466281208,-43.00875353126223
24938,-22.93554629140703,-42.97349732317063
24939,-22.91771526335445,-42.95811180963159
24940,-22.94107807180112,-42.95836547441587
24941,-22.906759188345806,-42.78483415614477
24942,-22.92489496431373,-42.933327189019394
24943,-22.90970042934898,-42.93080244044001
24944,-22.897458508121577,-42.936460570211175
25010,-22.78990641504627,-43.31462667161463
25011,-22.796477898518503,-43.31368813193514
25015,-22.791087604605643,-43.32291702446415
25020,-22.783496649716405,-43.3112863142302
25025,-22.78403293382036,-43.32470519941644
25030,-22.774034860812,-43.31142406699567
25035,-22.7586760889987,-43.30890252337607
25036,-22.764215312752103,-43.317972858465446
25040,-22.744002241865964,-43.31910195399704
25041,-22.73578251452024,-43.31776440573059
25042,-22.74221648679724,-43.3166326238323
25044,-22.64968658437688,-43.29571266849106
25045,-22.722892677091444,-43.31589851236263
25046,-22.724207043768818,-43.32186414914244
25050,-22.752447945097195,-43.29712543386498
25051,-22.762448176437776,-43.29114392287268
25055,-22.75879399363621,-43.2836339725466
25056,-22.75934570715063,-43.277975530434986
25060,-22.767135906350624,-43.30091309701788
25065,-22.773889881067703,-43.291650974557946
25070,-22.7807524564467,-43.30473399873698
25071,-22.79079037565519,-43.30390933133346
25075,-22.791178783444607,-43.299129315407654
25080,-22.78503322281354,-43.29605904425877
25081,-22.616954100233503,-43.30647643663495
25085,-22.795396537466722,-43.29137860094367
25086,-22.781182817886524,-43.29114044114412
25211,-22.67268923725896,-43.26076222424102
25212,-22.676046908263046,-43.253984297861905
25213,-22.67520514699784,-43.27740162525649
25214,-22.685959545567133,-43.26473567092236
25215,-22.685914773209483,-43.27853233295319
25220,-22.6833862848632,-43.24285844648615
25221,-22.70091483091567,-43.23770682536082
25222,-22.686850717727385,-43.25306579310761
25223,-22.691153113063866,-43.25624796648904
25225,-22.70146582071199,-43.2713356813157
25230,-22.68803275447455,-43.28866687673155
25231,-22.683847905169586,-43.29867358961736
25233,-22.70528147302973,-43.301263500000005
25235,-22.706820990647262,-43.31298393681988
25237,-22.753574853365865,-43.305893071458286
25240,-22.64505604476614,-43.291683968341125
25241,-22.571208,-43.31268449999998
25243,-22.664745602044373,-43.29060883954951
25245,-22.573487605782887,-43.31192538547943
25250,-22.597085164241943,-43.30390596794053
25251,-22.65895658537349,-43.27871205612464
25253,-22.607083076175243,-43.28192120308304
25255,-22.63685992538833,-43.28266301670444
25260,-22.643888830653587,-43.272458314804965
25261,-22.646753305498976,-43.26241583228318
25264,-22.647551984422265,-43.23580283717125
25265,-22.65495512360688,-43.22882499999997
25266,-22.640396945754915,-43.22282796281708
25267,-22.637050953264115,-43.24585491224222
25268,-22.64494750005501,-43.25396959850588
25270,-22.620520102249266,-43.23325659215948
25271,-22.628424999999936,-43.21636959012182
25272,-22.61994924371263,-43.209187911968
25275,-22.641476986106163,-43.22283377024596
25510,-22.79063182724748,-43.37437183771023
25515,-22.80090276879645,-43.364221000500805
25520,-22.80372915004679,-43.37559840563818
25525,-22.796202576934213,-43.383176015562285
25530,-22.80650556707883,-43.38992788128785
25535,-22.792378210749156,-43.40305212666935
25540,-22.783912380347,-43.39768430508633
25545,-22.78838373129953,-43.38653594434864
25550,-22.775027229413453,-43.38394494533097
25555,-22.780062547965503,-43.37074278456543
25560,-22.77000570162542,-43.37093585549773
25561,-22.774162434518345,-43.36637466718875
25565,-22.78440302806053,-43.36095487770843
25570,-22.76773386754572,-43.35212568729963
25571,-22.763110737594072,-43.34474059279076
25575,-22.76732789619667,-43.33476876031602
25576,-22.77678281678007,-43.35049322355257
25580,-22.782575493555946,-43.33837653531274
25581,-22.78969064380957,-43.34767092034345
25585,-22.79436295907241,-43.33586250238028
25586,-22.799597709039222,-43.337128710363935
25610,-22.50467943537131,-43.168150230520226
25615,-22.495576567864,-43.158971924730466
25620,-22.510368330069447,-43.17642589359798
25625,-22.51595719423063,-43.17018251141005
25630,-22.523124139898844,-43.16104138997542
25635,-22.529966198948387,-43.17420383233612
25638,-22.527613067650595,-43.17220132292643
25640,-22.52224520995957,-43.18330251943445
25645,-22.54059248152321,-43.201898464889226
25650,-22.53149547243633,-43.20893837743051
25651,-22.52462485064403,-43.212344538023004
25655,-22.5200921526984,-43.192603369213046
25660,-22.511993714559097,-43.20567095391781
25665,-22.507961082780067,-43.21891567127285
25670,-22.491907322971915,-43.20958231027724
25675,-22.496993371091765,-43.20051305148445
25680,-22.490796761782992,-43.18217657197389
25684,-22.50733023550956,-43.192545866388265
25685,-22.50858078177043,-43.18177821264689
25689,-22.50910898557073,-43.18746713926714
25710,-22.47361241021221,-43.149604077169
25715,-22.469613508051186,-43.16143257691612
25716,-22.479796116344215,-43.15478420816528
25720,-22.44395780488528,-43.1404275508801
25725,-22.425822591320657,-43.20306353078227
25730,-22.41632898092502,-43.131764472738595
25740,-22.380410000569704,-43.12640293914434
25745,-22.38508260870973,-43.10888963853647
25750,-22.335424226866657,-43.129077960980375
25755,-22.33639835094608,-43.165744630186246
25770,-22.255889009472384,-43.07457805625724
25780,-22.154075077808997,-42.925992321193576
25802,-22.116879904283742,-43.20660909237871
25803,-22.115922583048935,-43.208935230035266
25804,-22.117546492428403,-43.2114407076739
25805,-22.11303664512742,-43.21451157141699
25806,-22.116920901605784,-43.22382807464958
25807,-22.10763813569461,-43.208881361738605
25808,-22.10432555157901,-43.210994004150606
25809,-22.102320775746712,-43.21840681181822
25810,-22.089736726763,-43.21753306704109
25811,-22.10715939025099,-43.18622986395757
25812,-22.106930969995425,-43.19110028938755
25815,-22.110360121596784,-43.19581120980094
25820,-22.11726300131772,-43.18759679270558
25821,-22.123544681454074,-43.168379444477
25845,-22.232622390135212,-43.10124387656653
25850,-22.163891870246356,-43.29252667123277
25860,-22.21681379168243,-43.316119954347634
25870,-22.031736203216976,-43.20647228720821
25875,-22.01222443747746,-43.33712310426437
25880,-21.996715099348048,-42.91654854189682
25882,-22.030651321482686,-42.98210063561399
25884,-22.402149492107974,-43.19183375236307
25886,-21.410936356930048,-42.78345045257702
25887,-21.89579527274072,-42.71302960833004
25900,-22.65738837694045,-43.04096723222598
25901,-22.65306781666251,-43.03595531276014
25902,-22.636026622937074,-43.16173873338994
25903,-22.649022192441368,-43.04325963586798
25904,-22.65181465633809,-43.05361261025339
25905,-22.661390928999936,-43.03525083599993
25907,-22.638707067208863,-43.203633898398586
25908,-22.64760490387044,-43.15922788529016
25911,-22.55044025830305,-43.04590702378389
25912,-22.55722938277973,-43.0507490706342
25914,-22.577534614194438,-43.06056591123718
25915,-22.611894497242687,-43.178874801795374
25916,-22.61909873746428,-43.16996804538717
25917,-22.8540418351025,-43.38782199800321
25920,-22.63208038735946,-43.071563291195645
25921,-22.65685037472054,-43.1445181074681
25922,-22.66229511448963,-43.13156046379051
25924,-22.671614962932303,-43.16968916199994
25925,-22.70646812464537,-43.13278159535537
25926,-22.70534175520127,-43.16211409722164
25927,-22.580858599999942,-43.024005199999976
25928,-22.63601681822644,-43.02534331618508
25930,-22.703366966882925,-43.16691060365414
25931,-22.614037475077257,-43.17378231210847
25932,-22.60606309136801,-43.17282636277306
25933,-22.589081989211905,-43.185635313738786
25935,-22.60809016051458,-43.183726988267125
25936,-22.60735403994965,-43.195517416464384
25937,-22.637973169058547,-43.181777921638165
25938,-22.651456213255344,-43.2023844678097
25940,-22.657683643389685,-43.01211159415277
25941,-22.62586672856899,-43.010677828236446
25942,-22.588520888999987,-43.00903546178186
25943,-22.55178114513948,-42.98440049618089
25945,-22.52996978653126,-42.98513364714216
25946,-22.526630578346204,-42.97785313011875
25947,-22.520501530442605,-42.96714433091475
25948,-22.510800600111807,-42.97460734784582
25949,-22.515036552960133,-42.96919092844273
25953,-22.411813826785362,-42.966364381871514
25954,-22.43467535779415,-42.94566444829067
25955,-22.42231366330668,-42.96841047020508
25956,-22.429055790399858,-42.96597546830101
25957,-22.433722840932912,-42.97336400177095
25958,-22.44739164615368,-42.97045992773954
25959,-22.45241189238065,-42.98034417286146
25960,-22.44400153419723,-42.982331730013264
25961,-22.43634729600221,-42.97982697767149
25963,-22.41805726356756,-42.97627498355638
25964,-22.42745745066865,-42.98058865770979
25965,-22.40061925190709,-42.975833124945275
25966,-22.400928095742504,-42.987839367683456
25970,-22.391999662639243,-42.9975412479632
25973,-22.37413504637639,-42.99752444391156
25974,-22.383571450110804,-42.98061075563956
25975,-22.416954153877747,-42.954847666606966
25976,-22.401649869644068,-42.959872928411116
25977,-22.385742603152252,-42.921524665443144
25980,-22.419257959091883,-42.9607191190248
25985,-22.133941996949776,-42.77974758030267
25990,-22.412135486765628,-42.98312358540388
25995,-22.394111008756077,-42.94190281166337
26010,-22.75575587028238,-43.422893901628576
26011,-22.749430720556006,-43.4285102720839
26012,-22.741666567309423,-43.43554517164599
26013,-22.743960007163203,-43.442301469249024
26014,-22.70976971510813,-43.46239835589092
26015,-22.747989031361627,-43.432110184536384
26020,-22.734900364547862,-43.45082350637783
26021,-22.72806771299827,-43.439460516494
26022,-22.726767588389485,-43.452419601709764
26023,-22.7261495913864,-43.449056693386105
26025,-22.730629106878048,-43.44141566040569
26030,-22.733770504094366,-43.46409029231904
26031,-22.734658511669025,-43.47651117157741
26032,-22.72788703497593,-43.47479653556951
26033,-22.72198286636366,-43.46393145559416
26035,-22.720618924839385,-43.46356549373965
26040,-22.714098887730977,-43.45475197366606
26041,-22.706579239712603,-43.46147181077532
26042,-22.700767583252187,-43.47313040965225
26043,-22.703871403111194,-43.477725605242185
26050,-22.688145119739893,-43.46627104844407
26051,-22.69191678310541,-43.45795887233167
26052,-22.680264368226258,-43.446999588202736
26053,-22.67336635206717,-43.45504491057224
26055,-22.66992457225717,-43.446885965925546
26060,-22.697198276763075,-43.43065504951397
26061,-22.696057420619155,-43.421644400343354
26062,-22.65967144172246,-43.41371705766798
26063,-22.74473797355527,-43.475790472266226
26064,-22.70017831698394,-43.439118972678784
26065,-22.703656824288824,-43.44216248551625
26070,-22.709528058129603,-43.43118168918585
26080,-22.72355577872001,-43.510583439039486
26082,-22.732090382898242,-43.501279829602154
26083,-22.7380648394219,-43.5102399340897
26084,-22.73536328440765,-43.52257303055209
26085,-22.722805327667352,-43.53345927055338
26086,-22.72706528132979,-43.525902531068816
26087,-22.71522995137117,-43.5226096649521
26088,-22.706082756398228,-43.52827339788494
26089,-22.705281251310367,-43.51773987606383
26092,-22.656660975647974,-43.52992852435203
26099,-22.690572116374955,-43.43951671023915
26110,-22.757930999999992,-43.36744616485306
26112,-22.748904,-43.40423021903248
26113,-22.75769108563012,-43.39777227025442
26115,-22.74038532090233,-43.39251459162977
26116,-22.74800087849887,-43.394079792445595
26120,-22.741377173335483,-43.40779649630147
26123,-22.73819764951893,-43.41168001361469
26125,-22.73250034820247,-43.40435193530815
26127,-22.72307655626884,-43.414473334486914
26130,-22.764895656731618,-43.40494796277293
26131,-22.768415347298177,-43.39901784425074
26135,-22.75003374715164,-43.4127803435029
26140,-22.73770043465925,-43.420756466401414
26143,-22.72635532545516,-43.426990548432094
26145,-22.70129549999996,-43.39420920799995
26150,-22.71729662092583,-43.40954575738173
26153,-22.71238706547844,-43.42439444353431
26155,-22.72175193926017,-43.40240921801497
26157,-22.71083008227076,-43.41185885521849
26160,-22.733182353721634,-43.393414195725505
26163,-22.715783100161048,-43.38811830496087
26165,-22.730797241508327,-43.38326700568254
26167,-22.73606412824745,-43.38256727015174
26170,-22.734252578122508,-43.36427665703111
26171,-22.735027183488075,-43.35920802457714
26172,-22.724629230257385,-43.36924419006166
26173,-22.729036845560955,-43.35645249438818
26175,-22.72369044891921,-43.342704247168356
26176,-22.723185608588828,-43.359002671047435
26177,-22.71686988519561,-43.35912113648379
26178,-22.716144411040226,-43.377667662453774
26180,-22.70981157865782,-43.34086975241815
26182,-22.705523977269763,-43.338307036256836
26183,-22.71873613107557,-43.33478849999999
26185,-22.711214445223465,-43.33229686395154
26187,-22.732658485218312,-43.34282065269771
26190,-22.737778479674127,-43.338105214253545
26193,-22.743582303004533,-43.34290709787727
26195,-22.75634502245002,-43.35644974427041
26196,-22.74839088552565,-43.35997327826623
26210,-22.757814514446654,-43.44998644170391
26215,-22.752705499999934,-43.44442238825975
26216,-22.75653026123436,-43.44263995207589
26220,-22.75920736977802,-43.438226791587965
26221,-22.76205494113873,-43.44171733266852
26225,-22.76406479685973,-43.42950093531739
26230,-22.76435216858958,-43.42111864959956
26250,-22.76631583004677,-43.443580565062476
26255,-22.760715925464574,-43.45684789189784
26256,-22.757009819828586,-43.468468496245976
26260,-22.758163630933016,-43.47509221561991
26261,-22.759682880713004,-43.48259003081488
26262,-22.754065540519,-43.48533292729661
26263,-22.75149732265902,-43.48059539989096
26265,-22.761306715251635,-43.489044805687904
26266,-22.760539164096595,-43.50009129972609
26270,-22.77210093518352,-43.51246038812423
26271,-22.763593105403984,-43.508762670263
26272,-22.76366040435689,-43.50458728669852
26275,-22.75296585776167,-43.49712398997164
26276,-22.745768413770534,-43.49979384272541
26277,-22.75922987698159,-43.514344333714426
26278,-22.750763897097336,-43.51403471198242
26279,-22.745955169203643,-43.51609570255534
26280,-22.742246712765617,-43.483491260543005
26281,-22.742592853934987,-43.4750936819846
26282,-22.742363709455013,-43.46583847154264
26285,-22.750130644405985,-43.45684062535609
26286,-22.749206063909345,-43.46766536468298
26290,-22.771589665742532,-43.52561540629234
26291,-22.77916768336881,-43.54086005193521
26292,-22.763375944031285,-43.55304713808539
26293,-22.794956528298297,-43.57828803822118
26294,-22.796672883791924,-43.55087491631001
26295,-22.80318121276455,-43.5865031358446
26296,-22.808483871000288,-43.60300656967904
26297,-22.818651993522913,-43.59672619491589
26298,-22.83212281864154,-43.60669781436848
26299,-22.84306194479871,-43.61488853019426
26310,-22.71668534557309,-43.56447537192104
26311,-22.7201337713004,-43.576484761539575
26313,-22.72378778251758,-43.56788593121807
26315,-22.72782360046113,-43.58871753865381
26316,-22.691116008059854,-43.59697117414853
26317,-22.714962431462343,-43.5869329425582
26320,-22.711629933700287,-43.576445565468674
26321,-22.708573614006248,-43.57319244004823
26323,-22.72643505087595,-43.560558101112136
26325,-22.720454106366457,-43.55634663290122
26327,-22.719224700095857,-43.54952098481724
26330,-22.73462479247882,-43.54360744378576
26343,-22.74667479514894,-43.53812013715804
26357,-22.72092277431804,-43.55006011962492
26373,-22.74654031250591,-43.62076582189151
26375,-22.73931501349998,-43.58068162499997
26376,-22.7502839474403,-43.5734373138281
26377,-22.73663728658064,-43.55903828777225
26379,-22.736605329645048,-43.56319926616679
26380,-22.70994110002927,-43.549488074268325
26381,-22.69814077512316,-43.55869585131234
26382,-22.694585901079783,-43.526618082143536
26383,-22.709351600825602,-43.561171679150846
26385,-22.705693510427363,-43.55759713372558
26387,-22.703520586880853,-43.53570382489671
26393,-22.711648674999413,-43.55824993029966
26410,-22.699410608138678,-43.63094496596848
26413,-22.6957841249045,-43.62431484673769
26415,-22.685199276849133,-43.620459232584835
26420,-22.68307760461363,-43.610192340891835
26423,-22.67874272823873,-43.611561041649495
26425,-22.683216469511464,-43.615837769077736
26430,-22.690769535819125,-43.60692498070455
26433,-22.650523270501733,-43.65272767880987
26435,-22.648959701770497,-43.6574363301252
26440,-22.6437519456996,-43.64602287116715
26443,-22.642998940680435,-43.66064898346332
26445,-22.672062298270085,-43.6084922108668
26450,-22.668736220532026,-43.60988195497109
26453,-22.67417373081719,-43.61239070414389
26455,-22.672081218344307,-43.59984673040497
26460,-22.67702531062184,-43.59649138541396
26463,-22.68136181907766,-43.5959932470422
26465,-22.6719663837722,-43.59047220861024
26470,-22.67725072814318,-43.5946325268296
26473,-22.657531550558108,-43.53684578478757
26475,-22.67777934928249,-43.60222028932987
26480,-22.667916878063743,-43.58577332849087
26510,-22.81686880906407,-43.41642431677486
26511,-22.81670515701384,-43.41717323265526
26515,-22.819881990588264,-43.42213296070388
26520,-22.8120871539458,-43.42879402975486
26521,-22.809652845457205,-43.43293096527849
26525,-22.805727853240136,-43.42319046563006
26526,-22.803996988609804,-43.42097069853939
26530,-22.800709129819246,-43.41591340512019
26535,-22.799937620887505,-43.411013411161626
26540,-22.80732677338565,-43.40847839808469
26545,-22.814238670611733,-43.40424559597391
26550,-22.77074154089466,-43.43116448732077
26551,-22.78109006846615,-43.42600672570217
26553,-22.78833786358605,-43.43177019374261
26554,-22.789677015029465,-43.43726140236465
26556,-22.777748798063104,-43.43597888965358
26557,-22.77054091095902,-43.43572502857438
26560,-22.772631264785065,-43.424582512844246
26562,-22.77076556370668,-43.42200186895455
26564,-22.77243319739463,-43.418144816510505
26570,-22.77868010708621,-43.416197359673106
26572,-22.784106589100027,-43.41006894756967
26574,-22.777858719444644,-43.40250909953689
26580,-22.787408249546555,-43.421206075371856
26582,-22.791792527914236,-43.415304416475465
26584,-22.79606433243667,-43.425831013986425
26585,-22.79865562347754,-43.43595931311482
26587,-22.8051045,-43.4353566486175
26600,-22.614378649331478,-43.70741627206806
26650,-22.544972949224096,-43.6771168847636
26660,-22.487293524930685,-43.60386187040006
26700,-22.526934650595724,-43.735826995782205
26900,-22.45420832442529,-43.47001029703248
26910,-22.48046515144174,-43.50020276535896
26920,-22.538290434914426,-43.569422188424994
26950,-22.425826420468617,-43.422412955948836
26980,-22.323242561273645,-43.41032449923272
27110,-22.47477615355361,-43.83437592347576
27113,-22.464802870711715,-43.83571520944647
27115,-22.45714714776733,-43.81962439082916
27120,-22.462864901309597,-43.82003437235487
27123,-22.472321674697483,-43.82702857173594
27130,-22.462170542249993,-43.81393885136218
27135,-22.470374790795795,-43.821774269719725
27140,-22.479153300075424,-43.81624392089274
27143,-22.51312967407729,-43.80572702134717
27145,-22.47907747356156,-43.82125253765966
27150,-22.489732322234502,-43.83233632479951
27155,-22.501725042955496,-43.92816436400274
27160,-22.51343994208353,-43.94501985165476
27163,-22.47575052178432,-44.04813598043738
27165,-22.371967318604497,-44.0258799653444
27170,-22.37702555839219,-43.86829218461353
27175,-22.6268853393344,-43.90018716799999
27185,-22.598130767294293,-44.035029439107454
27195,-22.526567640924863,-43.8151480119354
27197,-22.514760954083812,-44.00784756916198
27210,-22.48905250817105,-44.07188221413898
27211,-22.48663704302037,-44.07847382292686
27212,-22.49803741238294,-44.074403530743226
27213,-22.50600745377556,-44.09081783611284
27214,-22.49228808666724,-44.07292276896814
27215,-22.50538842615344,-44.09414880489346
27220,-22.482519270471453,-44.06163373229923
27230,-22.48643116659199,-44.054868073785755
27240,-22.49766574876945,-44.04926298695826
27250,-22.507639407712524,-44.07006581640601
27251,-22.51160621760989,-44.08129933028447
27253,-22.515440353872112,-44.09045231626554
27255,-22.51904402622771,-44.09848677151018
27256,-22.52461853067112,-44.09214191399997
27257,-22.54070841465176,-44.08133269987732
27258,-22.538563259222897,-44.07291212399731
27259,-22.541421865947235,-44.069791507211406
27260,-22.518883335155074,-44.10466793546945
27261,-22.523812841859147,-44.102178455379544
27262,-22.521635329447736,-44.112302725157264
27263,-22.52411669969416,-44.11953127782904
27264,-22.53108552899768,-44.12080517069647
27265,-22.527071911319208,-44.127790818352864
27267,-22.532379499999934,-44.12926129961334
27273,-22.518806096656732,-44.13713697584975
27274,-22.50942021655572,-44.13013000468719
27275,-22.50217572745472,-44.115718733207345
27276,-22.49408704163539,-44.136427871775616
27277,-22.49921741909516,-44.12599654731952
27278,-22.489834652645534,-44.11739261943518
27279,-22.48912873327947,-44.11250371122589
27280,-22.48989419969416,-44.109119315569274
27281,-22.499018276162666,-44.10485114425242
27283,-22.4982704074384,-44.09449589117601
27285,-22.49419737829649,-44.0877894358878
27286,-22.476003463788963,-44.064817474753234
27288,-22.465257296150902,-44.0967176046348
27310,-22.54129974271453,-44.17351159686076
27313,-22.517699124918376,-44.19693429017829
27320,-22.51021553151808,-44.19451651812068
27321,-22.523764447929004,-44.18574753765758
27322,-22.408289999999965,-44.14132752448045
27323,-22.537904669231743,-44.16842191326677
27325,-22.532551781855243,-44.15145415805876
27330,-22.547870283544835,-44.16884065220378
27331,-22.554835381210676,-44.15112099766609
27332,-22.54129823397196,-44.13379734673148
27333,-22.54228962152898,-44.125252889260764
27335,-22.5438576834508,-44.11507008604073
27336,-22.553889141145604,-44.11895312058632
27337,-22.558410821186296,-44.17065754590936
27338,-22.566789482370623,-44.16223918484484
27340,-22.57949567026882,-44.17596148535693
27343,-22.563645752293812,-44.17310706273481
27345,-22.54483892255761,-44.17567264663053
27347,-22.555215735946657,-44.18063626113582
27350,-22.540804100001623,-44.18625696932887
27351,-22.53228220399333,-44.20247378613891
27353,-22.537334794392724,-44.218894158520605
27360,-22.58218398714972,-44.26448099947357
27365,-22.45229999999998,-44.303622419999954
27410,-22.4139594328298,-44.25957741135068
27420,-22.41240780758289,-44.264785078563456
27430,-22.4054648221528,-44.2555190963489
27460,-22.72481017905099,-44.1352028985846
27465,-22.661276953082087,-44.10248308285082
27470,-22.695844653055364,-44.00307276400802
27475,-22.83116272640877,-44.19675639800953
27510,-22.464781491257423,-44.46136948251487
27511,-22.469035402950084,-44.450337389575765
27512,-22.47393932404802,-44.43696101047146
27513,-22.479726252152293,-44.448601751182956
27514,-22.473972000000003,-44.452462537596006
27515,-22.474262325841064,-44.4563907485429
27516,-22.478875906524927,-44.46016655599823
27520,-22.471702775279677,-44.46043402504475
27521,-22.47324570384909,-44.46719135244933
27522,-22.47464421748995,-44.47108586004674
27523,-22.4884139197052,-44.48056079667949
27524,-22.477684106673784,-44.48586596863639
27525,-22.47974447821569,-44.49711955771412
27532,-22.46059781176002,-44.47946769875147
27533,-22.45763717845811,-44.45502863183106
27534,-22.45411200704777,-44.44284912753187
27535,-22.454500892867443,-44.43688757749053
27536,-22.456633499999995,-44.43157323313523
27537,-22.450680447548642,-44.395446064530546
27540,-22.460240585466675,-44.41089214576184
27541,-22.46444353621103,-44.4389595967626
27542,-22.464551504299173,-44.44763764396092
27553,-22.329242918945987,-44.528515257625656
27555,-22.50126,-44.66767049999999
27570,-22.423666499999996,-44.30819844950294
27580,-22.49016442089259,-44.5628734049118
27598,-22.43690721134091,-44.530384528323516
27600,-22.24349992375341,-43.70489974452537
27640,-22.34430304897267,-43.68004722990022
27650,-22.163580057425662,-43.76714309809083
27655,-22.28682849321536,-43.91990205018972
27657,-22.23026588493372,-44.067803462454286
27660,-22.16814460182791,-43.582019255605
27665,-22.20956415019609,-43.62400442842627
27690,-22.08633863685054,-43.559183083403894
27700,-22.409212160789345,-43.664245129708725
27770,-22.23896157573792,-43.42379830907648
27900,-22.3831316389527,-41.77840758552991
27910,-22.37375218651663,-41.78049506361976
27913,-22.38026025038648,-41.774092148104224
27915,-22.38632301593222,-41.77600940002024
27916,-22.38187660628074,-41.77811669829696
27920,-22.406046864125905,-41.80238066094961
27923,-22.392708582110966,-41.781535676359844
27925,-22.407385427989674,-41.83962087054915
27930,-22.403121820975446,-41.815321255831336
27933,-22.399671569342072,-41.80171345133693
27935,-22.39042716382581,-41.791811505347255
27936,-22.384237623819764,-41.78910828027188
27937,-22.395206854170738,-41.79306862487406
27940,-22.38952945623868,-41.78579133302856
27943,-22.37816089671574,-41.7850157143582
27944,-22.347785096035736,-41.75933961235725
27945,-22.373029013879737,-41.795415884390316
27946,-22.368131994988786,-41.79231245228
27947,-22.362589960803984,-41.79660790253402
27948,-22.335308347575566,-41.776146127166555
27950,-22.343438475262865,-41.75977155835661
27953,-22.3384703778499,-41.755435801218304
27955,-22.33448432394877,-41.75297493540172
27960,-22.355559417787983,-41.774658560344925
27961,-22.35997893935615,-41.77311332321018
27963,-22.337824367168032,-41.75541231235536
27964,-22.329711,-41.75131499999999
27965,-22.33003884376541,-41.72921279513872
27966,-22.31282390141904,-41.72221641038342
27970,-22.307257429797545,-41.71612271308274
27971,-22.32779260355472,-41.744094721221344
27972,-22.32810184283327,-41.76439361973373
27973,-22.359259166378727,-41.77128162128443
27975,-22.35989749906824,-41.774033694688555
27979,-22.25472267895348,-41.79267234056584
27985,-22.24040806771282,-42.05736490912013
27987,-22.51970887713246,-43.9995256691049
27995,-22.32751957154156,-42.1838630413344
27998,-22.188516166524764,-41.662928410310414
28010,-21.760428737275596,-41.32287158461884
28013,-21.763009270767753,-41.31079917690833
28015,-21.76893035001705,-41.30556510019966
28016,-21.76573432172403,-41.28310600988021
28020,-21.778144935036366,-41.29807146139349
28021,-21.793061126649782,-41.28962360130684
28022,-21.80388161082359,-41.302199416377405
28024,-21.776909744714786,-41.31524295151819
28025,-21.78601590710047,-41.32632214570515
28026,-21.780176634708617,-41.32721474387728
28027,-21.774013165473022,-41.322584215952006
28030,-21.761813233631802,-41.33803442058466
28035,-21.755958413114598,-41.33248260838259
28040,-21.75999773782781,-41.33179056211727
28050,-21.712594462805427,-41.27894372279492
28051,-21.74795186723737,-41.339606813758685
28053,-21.74626567266432,-41.35091587154241
28055,-21.743637094485962,-41.35908119003885
28057,-21.74407631595577,-41.34958160083045
28060,-21.72967552737992,-41.32922502655647
28070,-21.72047533396422,-41.32450086611701
28073,-21.7176524317242,-41.31574737578929
28080,-21.7452098403047,-41.31827499511648
28083,-21.732687156262827,-41.316258257015555
28085,-21.724279405997663,-41.30859816904127
28090,-21.71638988114337,-41.30311204212805
28093,-21.69727996978661,-41.30826657689495
28095,-21.74107222499438,-41.35544543061801
28110,-21.83094750540762,-41.27388639095821
28140,-22.733220375275387,-46.696757146761314
28143,-21.84251257848949,-41.25341551332294
28145,-22.214570990028676,-47.17771949914005
28148,-22.903460323145516,-43.787664058741406
28155,-21.7559355150009,-43.37912434176968
28165,-23.929669353905012,-49.252291414642144
28175,-21.785944480120616,-41.33331306138118
28178,-21.37527999999997,-41.34666999999996
28180,-21.489740610542903,-41.61680973802821
28200,-21.63880929717316,-41.04482327322143
28220,-21.72842585299687,-41.18352754219122
28230,-21.48375713573505,-41.08158053740244
28250,-21.423594687179115,-41.69217824740285
28300,-21.20300450772282,-41.89135770474545
28330,-21.1783281848598,-42.00290569673992
28333,-21.097697521132744,-42.112312625152036
28340,-21.207949118544864,-41.88977443369495
28348,-21.17915243824401,-42.10469687740172
28350,-21.209422710299826,-42.11854222656466
28360,-21.135889676404805,-41.67798263952821
28368,-21.01608698830817,-41.71691388904984
28372,-21.216081049334463,-41.58997243867269
28375,-20.92881736199076,-41.86762251873454
28380,-21.04318327512549,-41.97415343954174
28390,-20.966628027786,-42.04252254251232
28396,-20.930241336986363,-41.9558264760444
28398,-20.821668410936873,-41.90803288617073
28400,-21.64677966797892,-41.749003904282254
28405,-21.6416142846138,-41.737971432547184
28415,-21.59017961275537,-41.84190658753085
28420,-21.6775884564625,-41.88789198252017
28425,-21.714719999999943,-41.92499999999996
28430,-21.574756230159583,-41.9116331399156
28435,-21.625645496895352,-41.98519583710767
28450,-21.414790266113123,-44.43441861563548
28455,-21.35872926710691,-41.9411262153413
28460,-21.411138094273955,-42.19822776382026
28463,-21.429918173063534,-42.101090967602296
28470,-21.538975961578785,-42.18554742179934
28490,-21.46635438590354,-42.036638425706926
28495,-21.624931753985283,-42.10430741824038
28500,-21.98321158486296,-42.36225465943031
28510,-12.509711363246787,-43.38075883004956
28525,-21.84685463891488,-42.26862716198938
28540,-22.02772681881896,-42.36609706740612
28545,-21.98342615449177,-42.25191374512157
28550,-21.956393383455005,-42.1349545129605
28555,-22.345766968364543,-41.75767926461165
28557,-22.80801270699665,-43.01841453145329
28570,-21.6715653003156,-42.07760014708587
28580,-22.68421518330781,-43.576810839269086
28595,-21.63514277219552,-41.99293963816682
28605,-22.271797639895176,-42.52375482002453
28610,-22.28172338064953,-42.53181942544222
28611,-22.285956400460087,-42.525392581969136
28613,-22.289170089002784,-42.53127538550981
28614,-22.29151129036636,-42.51784379575741
28615,-22.314991884116047,-42.52132483885207
28616,-22.30428438421231,-42.50506085556947
28620,-22.30966122465029,-42.540845871758314
28621,-22.32219732607337,-42.54843801975271
28623,-22.30261456520281,-42.53764194606762
28625,-22.28228755326132,-42.53565150132822
28630,-22.2435378552906,-42.53771902522588
28633,-22.23539340610906,-42.527195922306525
28634,-22.21351657873145,-42.514758757954176
28635,-22.236321395609657,-42.51929380958502
28637,-22.05025131631836,-42.67496417449445
28640,-21.93396798414956,-42.60779675534216
28644,-21.82489588372673,-42.54869284558166
28650,-22.05278163574635,-42.52044459922833
28660,-22.1569217974254,-42.41863431872449
28662,-22.174558223906683,-42.4725765370264
28664,-22.204999999999927,-42.39805999999993
28680,-22.46577912221342,-42.65407328109647
28685,-22.562040031945997,-42.690185734499735
28695,-22.59910007939407,-42.74117892968818
28735,-22.109068201795402,-41.46951316004146
28740,-22.084449749999997,-41.86785712012559
28750,-22.064464334775913,-42.06165462940115
28755,-22.070284455061227,-42.16001922952575
28770,-21.958280259141176,-42.00893605184277
28779,-21.95587999999998,-42.00790999999998
28800,-22.711421767955542,-42.62869186078569
28810,-22.756799053074296,-42.53017499999996
28820,-22.648151140999232,-42.39821908950294
28860,-22.485328876500933,-42.20027725977247
28880,-22.578266398344702,-41.988469878836945
28890,-22.53883490804278,-41.97510130046082
28891,-22.532181054739503,-41.983846548227845
28892,-22.427790377380035,-42.006687888039046
28893,-22.524597672832613,-41.943954572663515
28894,-22.512289853290987,-41.948804625936496
28895,-22.5098886676763,-41.9237283053139
28896,-22.506988045689543,-41.93100928528678
28897,-22.49380637396078,-41.912935299761955
28898,-22.449651001753804,-41.86333286399997
28899,-22.48560509341204,-41.91483492905516
28900,-22.69457288972964,-42.00909346198785
28905,-22.88144015367248,-42.02408274181585
28906,-22.877109970712525,-42.00998732135518
28907,-22.882353656461856,-42.02090037839412
28908,-22.893731729165985,-42.03360634863156
28909,-22.89475208245048,-42.045427612117024
28910,-22.886960554786523,-42.03794209784109
28911,-22.878949708742738,-42.04558673027352
28912,-22.876424658594775,-42.048159302645196
28913,-22.884842102393037,-42.043647828364044
28915,-22.876354502366027,-42.02873913698125
28920,-22.839930934902075,-42.02567455397533
28921,-22.83437229594257,-42.00528997279102
28922,-22.864287571052056,-42.017764842012376
28923,-22.857724468973252,-41.99159095260258
28924,-22.86191395519711,-42.00221303155615
28925,-22.61093131314188,-42.002619943590304
28926,-22.62747578865769,-42.00289831299041
28927,-22.62819787507637,-42.00687673788283
28928,-22.638925716952283,-42.00340107987077
28929,-22.765910618920593,-42.0093394158405
28930,-22.967675002495263,-42.02758076101852
28940,-22.84728558940315,-42.101889187257115
28941,-22.83534742873633,-42.10010543271112
28942,-22.844713499999997,-42.066237550873964
28943,-22.854511416805806,-42.058673695891294
28944,-22.82539045505696,-42.09697956046863
28945,-19.943342692273745,-43.935854757913326
28948,-22.82921384861242,-42.12775178843489
28949,-22.8425614381324,-42.15119334450456
28950,-22.76591885978436,-41.90082480209421
28960,-22.837978102696802,-42.22564180853729
28970,-22.8690271823579,-42.33126547779391
28980,-22.72514409875064,-42.259180135352395
28990,-22.93009866316372,-42.4970039999183
28991,-22.910724352006564,-42.47527717510812
28992,-22.901683980910004,-42.41074238477001
28993,-22.89463283283396,-42.47013848116269
28994,-22.894720192123117,-42.46947618170306
28995,-22.88289719198435,-42.469150922570876
28997,-22.86218220520777,-42.60022426607615
28998,-22.86623638283813,-42.59602102566642
28999,-22.92771870754155,-42.601138964327255
29001,-20.32180708897782,-40.338611503836695
29010,-20.320256105747568,-40.33214279046674
29014,-20.31870095894153,-40.33056168927813
29015,-20.318416973353926,-40.33742636600501
29016,-20.31828838784124,-40.336484091130615
29017,-20.317186950892975,-40.32460774207279
29018,-20.31922651026882,-40.342218322460745
29020,-20.322454594090807,-40.348741895543235
29023,-20.29727556453055,-40.34694018395912
29024,-20.2917436516172,-40.344512533537575
29025,-20.31581975575626,-40.352530859859066
29026,-20.310543733279456,-40.35220688369217
29027,-20.30562032485135,-40.34869956886526
29030,-20.282368064948905,-40.33600967998732
29031,-20.28170864929382,-40.33081068151651
29032,-20.27580907119565,-40.32673676998097
29033,-20.281951277280783,-40.33311074999999
29040,-20.309844310577624,-40.32029853497028
29041,-20.311293095777486,-40.321665567089866
29042,-20.306438555499525,-40.31816446668883
29043,-20.295182075437033,-40.32115228724989
29045,-20.304603,-40.3082955
29046,-20.29106541620259,-40.309757055745706
29047,-20.29844797254691,-40.30936202974305
29048,-20.29091824612377,-40.315971502443844
29050,-20.314196047175308,-40.30098495210469
29051,-20.31383503845677,-40.3195756486237
29052,-20.31342124894904,-40.29994377309716
29053,-20.313094023313525,-40.31449922586408
29055,-20.29934089312724,-40.29509993476263
29056,-20.30477099037356,-40.29987578394587
29057,-20.29414246598201,-40.29672588311288
29060,-20.28473750652088,-40.294487125657845
29062,-20.27239088345089,-40.296829423062405
29065,-20.27702070973036,-40.2915596651347
29066,-20.27622391698903,-40.28675108009679
29070,-20.26378850346245,-40.296486089935854
29072,-20.258988893978294,-40.29513586754857
29075,-20.26882691510683,-40.300833724798125
29090,-20.260026701915862,-40.26727215889548
29092,-20.247920297535885,-40.27148040461789
29100,-20.33566444489673,-40.29349496935206
29101,-20.34348432359092,-40.28563243983277
29102,-20.37258780612517,-40.30803864131646
29103,-20.38435644755586,-40.32268414005485
29104,-20.367728917966403,-40.316825506778
29105,-20.36527193545171,-40.31218589685491
29106,-20.34663183714108,-40.30462688547458
29107,-20.3479675549444,-40.29689729281047
29108,-20.34945968484149,-40.314275175540686
29109,-20.356148024062914,-40.318179985682654
29110,-20.35143867703887,-40.32150971809476
29111,-20.3525836349744,-40.353992148609095
29112,-20.360597585744458,-40.35415125753221
29113,-20.372226339202083,-40.35190627135911
29114,-20.331508982749092,-40.349427496605855
29115,-20.33421121926276,-40.33168358794085
29116,-20.339436632952005,-40.33834321255007
29117,-20.343420542672888,-40.347493650459135
29118,-20.348350360022263,-40.33816284428672
29119,-20.343848463044502,-40.32453281736862
29120,-20.34218383748322,-40.317819765501184
29121,-20.336769186092088,-40.31673665751535
29122,-20.33656789799474,-40.30801924664838
29124,-20.44001405315693,-40.34205968922778
29125,-20.42490543728759,-40.32642827157464
29126,-20.418981920012083,-40.337323202050584
29127,-20.44419177322628,-40.35376187248428
29128,-20.508606,-40.37529946401676
29129,-20.507892516329925,-40.36073169655836
29130,-20.390720009844465,-40.49651577979936
29131,-20.42103554513774,-40.46039307901304
29132,-20.39037316686247,-40.47470459327204
29134,-20.355873138423835,-40.43080339406763
29135,-20.347537186440942,-40.424849342730084
29136,-20.361719945330943,-40.41870864705562
29137,-20.36764579677476,-40.4215910473094
29138,-20.37032901168785,-40.417935519185924
29140,-20.33506649670278,-40.36416103422185
29141,-20.351175725907822,-40.36880572897652
29142,-20.36188480741004,-40.37336932267029
29143,-20.35138152230778,-40.38433142635066
29144,-20.34792016390393,-40.39642128516032
29145,-20.34688430496477,-40.39437440120429
29146,-20.34047257817368,-40.38488341402522
29147,-20.33340423671327,-40.38929392629646
29148,-20.33651900987188,-40.399231499160784
29149,-20.326499838958284,-40.39153543614084
29150,-20.324765872905086,-40.376814003612765
29151,-20.32859855492441,-40.369324619815295
29152,-20.32268528922671,-40.3684942085218
29153,-20.305123624183807,-40.369664671858956
29154,-20.309268516438852,-40.39155189645133
29155,-20.29271943997632,-40.377421025478085
29156,-20.27110455009337,-40.41523240211024
29157,-20.257197490030077,-40.383685119782896
29158,-20.326177913172565,-40.42500214586562
29160,-20.237398915527653,-40.2709179731365
29161,-20.23355425384461,-40.28270205369077
29162,-20.19842101734217,-40.272996722517206
29163,-20.218503083122155,-40.2345734349684
29164,-20.21605284943788,-40.23998502813494
29165,-20.19813072626296,-40.25550131189253
29166,-20.17418336081135,-40.2469011994057
29167,-20.184802173301474,-40.258620628386026
29168,-20.155952561106805,-40.24875036926545
29169,-20.14796031866884,-40.26303020178236
29170,-20.154449604793754,-40.268843268466085
29171,-20.137780673091072,-40.24581185221301
29172,-20.17351445141581,-40.202931525535234
29173,-20.166483387147764,-40.1943548103832
29174,-20.06421048362099,-40.18297373354049
29175,-20.13772668449086,-40.18826537046024
29176,-20.13194227422236,-40.30232532569682
29177,-20.122204976138207,-40.31479018442963
29178,-20.13090521615009,-40.289955149015924
29179,-20.117365072818473,-40.29309840257896
29180,-20.096237908679825,-40.34176045906699
29182,-20.055242480137867,-40.197442298731225
29185,-19.933989498185696,-40.405765534571934
29187,-20.0406314302874,-40.18925758900007
29190,-19.821445969744595,-40.27315925623561
29192,-19.83034824752912,-40.26723124926214
29193,-19.82889695895099,-40.27818024855124
29194,-19.81661260179432,-40.27780049523402
29195,-19.93010951110856,-40.15365065258333
29197,-19.82789455082567,-40.063670966284825
29198,-19.89344607865889,-40.0972342517408
29199,-19.93171055781549,-40.142226840411446
29200,-20.67253110835668,-40.49966073660096
29201,-20.67868044572099,-40.50756608638176
29202,-20.67137964137398,-40.51664894523915
29203,-20.67649486457133,-40.51987917812884
29206,-20.72352784806281,-40.52565719084431
29208,-20.675965692560233,-40.511701193590454
29209,-20.73131235546684,-40.55274900722035
29210,-20.664037017083604,-40.50597889565256
29211,-20.641657889478807,-40.513303743035905
29212,-20.63927614795672,-40.51715879363549
29213,-20.64412945055589,-40.51148269523046
29214,-20.650284,-40.50470039732084
29215,-20.660180426795954,-40.49930870051069
29216,-20.65213949931148,-40.48903317650492
29217,-20.6429587292398,-40.48150343335507
29220,-20.62442622071385,-40.474412563821126
29221,-20.61789699546262,-40.45616621506353
29222,-20.642418803292,-40.50006739895994
29227,-20.648083707640048,-40.49080179741277
29230,-20.80635930965212,-40.64228259806611
29240,-20.635630205413584,-40.7485428965443
29255,-20.412433412957306,-40.67577910257191
29258,-20.491939999999943,-40.77055999999993
29260,-20.36329861291717,-40.65951846538821
29263,-20.381053036981946,-40.620823962265376
29273,-20.340183139504454,-40.73167973417412
29278,-20.380833,-41.0256225
29280,-20.79392378766769,-40.81068609623906
29285,-20.84041407077729,-40.73010804454957
29290,-20.8634892246454,-40.935595100918746
29295,-20.67367657522021,-41.010355243612324
29297,-20.707060779136413,-41.016831307156934
29300,-20.847670403580395,-41.119492827007875
29301,-20.84183944262702,-41.12862543989705
29302,-20.849326818717593,-41.12904568904044
29303,-20.85248345780751,-41.11707130866385
29304,-20.85710688480337,-41.115987000394924
29305,-20.857186202957337,-41.10644779138196
29306,-20.85071707139854,-41.10726491360943
29307,-20.844735542369015,-41.10935777504867
29308,-20.84330370929017,-41.115868087263664
29309,-20.837939369012684,-41.115800481354285
29310,-20.844632169427403,-41.14693254032333
29311,-20.845904428610023,-41.1473185171622
29312,-20.84924748416502,-41.153156076556456
29313,-20.833712925888264,-41.154738145682046
29314,-20.83255235298664,-41.17376739127637
29315,-20.852256084316053,-41.15124626110411
29316,-20.860768781638512,-41.10278861634048
29317,-20.847851165724595,-41.14111359491154
29321,-20.766770192546048,-41.06092955900332
29323,-20.762729094305136,-41.271606233951005
29325,-20.725215665728925,-41.13459491271604
29327,-20.102756525161652,-40.562648649470844
29328,-20.883329999999944,-41.19999999999993
29329,-20.68770402723946,-41.20195222593812
29330,-20.91007947919641,-40.788856053892296
29338,-20.89479579661643,-40.77848575989226
29345,-21.027780532441458,-40.816418400728544
29350,-21.102024681916408,-41.044094147707966
29360,-20.604809208008827,-41.20458193555609
29370,-20.358962753784095,-41.246055896811484
29375,-20.32944721296952,-41.13166903605073
29378,-20.336687999999995,-41.185111500000005
29380,-20.463829636864666,-41.41422067411287
29386,-20.335972909905706,-41.3904879524313
29390,-20.347657974152458,-41.532601235023876
29395,-20.23448266494696,-41.50914282763522
29398,-20.34635043216059,-41.641723132147895
29400,-21.06171922205094,-41.36318483341369
29420,-19.900436161470907,-43.9990296612386
29450,-21.15338325882918,-41.56750708338911
29460,-21.12595320611433,-41.67411413359006
29470,-21.0274443419089,-41.654962981340944
29475,-20.946109999999976,-41.61999999999995
29480,-20.9524554103905,-41.34242067357931
29490,-20.916153831026733,-41.19616500256677
29500,-20.76254068871528,-41.53364506531287
29510,-19.3989105,-40.06813250866018
29515,-20.771505660340384,-41.53560726330037
29520,-20.756578248316274,-41.459760703792284
29540,-20.53947245382576,-41.66445191779715
29550,-20.791628600487222,-41.39333156508593
29560,-20.77305444332386,-41.67493591504866
29564,-20.78110999999996,-41.80055999999996
29580,-20.690403220380063,-41.84751725165644
29590,-20.620229413295597,-41.68550548927194
29600,-20.07505383586891,-41.12470856313722
29609,-20.07893433699639,-41.12429399999999
29615,-19.89956389647579,-41.05743324682517
29619,-19.825279999999964,-41.11110999999994
29620,-19.872362427086507,-40.875489181184534
29630,-20.14794301311084,-41.291651973246886
29640,-20.100879378664832,-40.528116718812576
29645,-20.027578258015623,-40.74211455680937
29650,-19.935380856459094,-40.60082235095453
29654,0.9169337981635302,-69.5697972742775
29660,-19.879860634382204,-40.626739587261234
29665,-19.73920803958172,-40.65902212570094
29670,-19.83240295048405,-40.36770539258077
29680,-19.755387,-40.38536642803463
29687,-19.655909222582128,-40.46336507540551
29690,-19.80240576537453,-40.856227474126975
29695,-19.66469628173546,-40.83650571195031
29700,-19.534500573130828,-40.62598374161779
29701,-19.543499815606268,-40.62744764776034
29702,-19.547903321258794,-40.63427642891165
29703,-19.52390847411586,-40.63843945972173
29704,-19.52729198985555,-40.66519940397906
29705,-19.51247460060112,-40.621176742659
29706,-19.519991340580525,-40.64725030304552
29707,-19.54202883015758,-40.638105933386846
29708,-19.54644524146481,-40.622137687140345
29709,-19.521745812644355,-40.701834534460886
29712,-19.519837588114346,-40.576918192863246
29714,-19.545996074157472,-40.633042029572906
29720,-19.251254835618063,-40.46172787129039
29724,-19.224794736306492,-40.59316604255822
29725,-19.412168952136533,-40.54335981176071
29730,-19.513328245276035,-41.014134681386416
29735,-19.39858970116328,-40.905290937201045
29737,-19.274999999999977,-40.90749999999997
29745,-19.144891471309865,-40.622464664126696
29750,-19.22336638389833,-40.8502912609738
29752,-18.972757358206497,-40.873194660712045
29755,-19.16173259227675,-40.771868720179725
29760,-19.0575002184193,-41.01896787902565
29770,-18.86262462670917,-41.12146256768594
29772,-18.88493545170069,-41.01554984953388
29780,-19.017601135471374,-40.53799286128773
29785,-18.99761349067812,-40.389527774659946
29795,-18.98497729834375,-40.73970484581016
29800,-18.756072716841125,-40.89088799078138
29807,-18.58693640583062,-40.887507065441
29815,-18.664650278123833,-40.795175249999986
29820,-18.54759076735828,-40.97971791792504
29822,-18.476713762810867,-41.01877846394589
29824,-18.41277999999994,-41.03666999999996
29826,-18.633609999999976,-40.94277999999997
29830,-18.70760489773905,-40.398483143725166
29843,-18.619981545316314,-40.604754087519
29845,-18.53964496956936,-40.29861108871103
29850,-18.372024194297268,-40.831510507668156
29880,-18.0947774651628,-40.51969354600561
29884,-12.638524155189108,-37.94725509040245
29885,-18.123333254630495,-40.53969323176861
29890,-18.12755468934688,-40.36196662955803
29894,-18.198594334937315,-40.263793351536286
29900,-19.39782626137688,-40.06788979538306
29901,-19.399668765520595,-40.0564869015563
29902,-19.381130583114,-40.061658567598215
29903,-19.39240891748692,-40.04892520783223
29904,-19.375009847240438,-40.05832983081912
29905,-19.36393984996774,-40.05304341398065
29906,-19.353425752974687,-40.05427249519734
29907,-19.3759715817489,-40.0725269285942
29908,-19.355293559403258,-40.04590969653857
29909,-19.32037203818502,-40.07077604664119
29913,-19.40826599999999,-40.064600250000005
29918,-19.39172700347962,-40.061084501159854
29920,-19.26740519936543,-40.32772691399322
29925,-11.11501773189445,-50.19925105904838
29927,-19.190595508253615,-40.09838917994757
29930,-18.71826515143292,-39.85513168653657
29931,-18.71738111009257,-39.86517234071415
29932,-18.71241584539387,-39.87366345518315
29933,-18.71781346168267,-39.84828766648292
29934,-18.7163500278183,-39.84072270030395
29936,-18.730453500000003,-39.8524637904857
29937,-18.732273104256926,-39.84454271323695
29938,-18.723555,-39.85438413164335
29940,-18.71986333957297,-39.87588741975039
29941,-18.71871227532626,-39.8782043319566
29942,-18.723050355499986,-39.883944799956055
29943,-18.718674986379657,-39.898650560092776
29944,-18.77346364244314,-39.75500529521586
29945,-18.741456433913076,-39.75173930734563
29946,-18.733778041076256,-39.75151179458872
29950,-18.908860241039058,-40.07544612241599
29960,-18.58709094892672,-39.73452183805341
29965,-18.418738006611395,-39.70806405383186
29967,-18.585680488480616,-39.93222790345603
29970,-18.300174951064758,-39.954269287290884
29978,-18.089158212695203,-40.10959902713075
29980,-18.412800894437087,-40.21480924866594
29985,-18.3195975217391,-40.40530641206723
30001,-19.92398883986376,-43.93570612505038
30035,-19.90115537968148,-43.918429127127865
30108,-18.99191036421,-49.45067631754277
30110,-19.932989605603346,-43.93413298488204
30111,-19.91558677880999,-43.93935572078599
30112,-19.937809435195312,-43.93666763195493
30120,-19.918535989644838,-43.94178054252989
30130,-19.931885057172952,-43.933404301676504
30140,-19.93067686329285,-43.93453625242371
30150,-19.92589739085824,-43.92703547515726
30160,-19.92694939139874,-43.939736376219024
30166,-19.92623156924808,-43.93779291672924
30170,-19.927880769634733,-43.944345078409015
30171,-19.92399927615559,-43.944359752697856
30180,-19.926858626478957,-43.94614212271561
30186,-19.90805786539898,-43.883818025390994
30190,-19.923301780469096,-43.948378346612884
30210,-19.949694925341895,-43.91708139121125
30220,-19.940220984736552,-43.91999917666908
30230,-19.936856356599264,-43.90967966574368
30240,-19.9307565,-43.91822610165042
30250,-19.931388882651696,-43.908811195931925
30260,-19.924654987232387,-43.911658990564945
30270,-19.921297368861428,-43.90615900528012
30280,-19.90759872912452,-43.90425128721821
30285,-19.9129652761556,-43.89446825214958
30286,-19.948242808630056,-43.96228573879766
30290,-19.919090499158727,-43.881391739381975
30295,-19.915594051070453,-43.88190378628313
30310,-19.94775053733622,-43.92900339494492
30315,-19.95415545657561,-43.93247505883206
30320,-19.968178253952924,-43.93949223641
30328,-19.969885948381293,-43.94239902888209
30330,-19.9449495,-43.93922164765709
30335,-19.947131521899543,-43.9415211492353
30350,-19.948300910352582,-43.94659866349168
30360,-19.96487763757998,-43.9482391051272
30380,-19.946477503750906,-43.951403933666114
30390,-19.996739528997665,-43.96957031793521
30410,-19.919460708855087,-43.967260644468766
30411,-19.926594000548256,-43.965417392102836
30420,-19.930813145709514,-43.99893551894223
30421,-19.936975303434306,-43.97544441672922
30430,-19.93363730169081,-43.9616623713716
30431,-19.936284077153925,-43.966638670004
30441,-19.936286109323788,-43.958146800796314
30451,-19.949316389530473,-43.96518219900973
30455,-19.969097395233373,-43.962869692542206
30460,-19.94278839439665,-43.97435717069648
30480,-19.92739265306712,-43.9792690649489
30490,-19.951509363033047,-43.97489996240398
30492,-19.969078641577976,-43.96720028247445
30493,-19.97414165000869,-43.96470514370228
30494,-19.96073617623641,-43.95972617845809
30510,-19.94134575593405,-43.99391626153826
30512,-19.948064477410263,-44.00032786323506
30514,-19.954583245080453,-43.99366915134082
30516,-19.949891558283802,-43.98961112809448
30518,-19.95247192339433,-44.00330686011886
30520,-19.94096873910784,-44.01940866749384
30525,-19.93560408992154,-44.01513793117029
30530,-19.929066674433063,-44.0002569708581
30532,-19.938485635437736,-44.004628773587655
30535,-19.924477265479787,-43.99032703975993
30540,-19.962974368024707,-43.99519656174626
30550,-19.943095940461113,-43.98123782063305
30555,-19.954003429869438,-43.9777687135005
30570,-19.95914233749782,-43.9790180790294
30575,-19.974901464048763,-43.97167305303234
30580,-19.96194645155528,-43.9869427389636
30590,-19.962253305782568,-43.99341269663573
30610,-19.96176816847478,-44.00236013507907
30620,-19.984219088118202,-44.002038096168285
30622,-19.987580316117548,-43.99172153372954
30624,-19.995668161261417,-43.99599271618562
30626,-20.0026064231202,-44.01100769581333
30627,-19.99455063307181,-44.0207299694731
30628,-20.008264424433065,-44.005774578408996
30640,-19.97751296087477,-44.020562170004
30642,-19.98464608410748,-44.01207688856828
30644,-19.992208515133537,-44.01622263613022
30660,-19.98948763988114,-44.02677042530879
30662,-19.98793984456696,-44.043491750072114
30664,-20.00642843104038,-44.03819766028048
30666,-20.01303594087947,-44.034288485429045
30668,-20.004046878714853,-44.03194075353457
30670,-20.004621202608348,-44.0230229469963
30672,-20.021155947126204,-44.02742472454201
30686,-19.996132002221696,-44.033212560649744
30690,-19.97865851762937,-44.04964753538864
30692,-19.990950695250753,-44.052472771942874
30710,-19.913496484880792,-43.960652277540575
30720,-19.91586336634669,-43.9770917514571
30730,-19.915209432076697,-43.986468682901496
30750,-19.900680956431373,-43.97812271677526
30760,-19.90809821577453,-43.96181773151535
30770,-19.906429898313135,-43.970600726960605
30775,-19.898488340830376,-43.970348373160604
30810,-19.898291388842402,-43.98757313926077
30820,-19.903695652518845,-43.99715241672924
30830,-19.9044708373536,-44.00363492418485
30840,-19.890737025535227,-43.99939423951187
30850,-19.91942299001668,-44.003130318339245
30855,-19.923696942552912,-44.01197960199665
30860,-19.91502469900167,-44.00696795621502
30865,-19.91336549847079,-44.02093011172017
30870,-19.90646405912053,-44.00825010497284
30880,-19.902609879551566,-44.0165314985429
30881,-19.89479548098564,-44.01532772690282
30882,-19.882929660199558,-44.00969842006175
31010,-19.91552419954992,-43.91564743658029
31015,-19.912404520399328,-43.92697238592821
31030,-19.906037921276305,-43.9236551906437
31035,-19.89899030349416,-43.91991162337695
31050,-19.89924028642738,-43.89609975901671
31060,-19.89354897530149,-43.90359814432455
31070,-19.889159642102843,-43.896436481765456
31080,-19.8850338543414,-43.909240783895925
31110,-19.90553952969522,-43.93649261004674
31130,-19.8921396017082,-43.94229006688214
31140,-19.894668459201334,-43.93142799888915
31150,-19.879546211769277,-43.94346150491954
31155,-19.873161901465792,-43.93742686011887
31160,-19.879401153512006,-43.93124914410819
31170,-19.88661236469216,-43.92380324529679
31210,-19.90743033347278,-43.949130140119294
31230,-19.898164897022387,-43.95629457438397
31235,-19.892266072162272,-43.954212867043765
31250,-19.886144003188313,-43.95835611494168
31255,-19.867817606562426,-43.94852442685679
31260,-19.86028073387709,-43.940860827081806
31270,-19.858230230913534,-43.95482068654626
31275,-19.85911475575626,-43.96692163804199
31310,-19.87299983038336,-43.9820233015466
31320,-19.884141293640745,-43.98425365707781
31330,-19.878649182757275,-43.99636662414153
31340,-19.865953042327874,-43.98955636519697
31360,-19.8712996969242,-44.01013832194592
31365,-19.868420999999948,-44.00247498958398
31370,-19.84085728782098,-44.00600367297598
31510,-19.814838233423696,-43.96567519900168
31515,-19.823685443793664,-43.96066356881377
31520,-19.81895903843632,-43.96927362197417
31525,-19.824046459345567,-43.97315835913792
31530,-19.826671960839228,-43.980485521784296
31535,-19.81511358282681,-43.981782501933246
31540,-19.829375638496156,-43.989625853483226
31545,-19.836233454553067,-44.00547399986573
31550,-19.83933427477062,-43.98539492604871
31555,-19.842312483625705,-43.979913824802324
31560,-19.839906461278808,-43.974623268798
31565,-19.833066181955505,-43.96806429641071
31570,-19.807198781727898,-43.98105782833689
31573,-19.811232594822087,-43.9899464650297
31575,-19.805225516374293,-43.99686193810952
31578,-19.81302394364944,-44.00267575119264
31580,-19.822559071051415,-43.9972798244666
31585,-19.82423706300134,-44.00657183506334
31610,-19.812608470858095,-43.95373066687346
31615,-19.806945657606818,-43.959809011382625
31620,-19.80216162447347,-43.96757080001737
31630,-19.799199144293368,-43.955218056812384
31640,-19.797761094927534,-43.97403479003405
31650,-19.79370451540767,-43.968941303220035
31652,-19.784769513614915,-43.976432740348585
31655,-19.788901657113865,-43.98424460393585
31660,-19.79936681487679,-43.98570287148717
31680,-19.80107629665637,-43.995295173466445
31710,-19.839519487232387,-43.95944131112587
31720,-19.833858840240893,-43.95286386847964
31725,-19.839820483495803,-43.94487473757863
31730,-19.83372111434592,-43.9451567019751
31741,-19.84512278978705,-43.94060113004204
31742,-19.82975908159733,-43.93573447654053
31744,-19.8236837463212,-43.94627231946442
31746,-19.810340580904835,-43.93587125477532
31748,-19.801638876854707,-43.936744767961294
31749,-19.79754512262878,-43.948181880661195
31760,-19.83579817082638,-43.93978453511451
31765,-19.831085157222056,-43.93565776283973
31785,-19.80526951595593,-43.94067925910314
31810,-19.858648070907194,-43.92970753544643
31812,-19.850987419931872,-43.93109368770712
31814,-19.850101727540324,-43.925583588262434
31820,-19.89963465113387,-44.00239920122336
31840,-19.841260640564478,-43.92879822044863
31842,-19.836541382739888,-43.921911289485806
31844,-19.839018195669112,-43.915014796829055
31845,-19.840447100193327,-43.908875520075114
31846,-19.833555577429323,-43.91122885673951
31870,-19.844263917017688,-43.90441787705573
31872,-19.82580038024406,-43.89831687086679
31910,-19.86886362031853,-43.919514840484126
31920,-19.870799029141914,-43.91164360261705
31930,-19.863121316406,-43.9076714984708
31950,-19.867634779906503,-43.89928869983838
31960,-19.861794000000003,-43.90303480154659
31970,-19.8582051217035,-43.88400911261469
31975,-19.851291612960935,-43.88561012169514
31980,-19.854198974190645,-43.91624205254886
31985,-19.8536178506838,-43.90580230154659
31990,-19.851560947544566,-43.89538668096825
31995,-19.840913638496154,-43.89294769124004
31998,-19.831769329447745,-43.868187740983295
32010,-19.93185354075091,-44.07637101668447
32013,-19.9249478797566,-44.08479466712565
32015,-19.923066463779893,-44.09546294080522
32016,-19.923564116347624,-44.102552928484386
32017,-19.9133688057085,-44.08944877885543
32020,-19.92215273015742,-44.086539794859355
32025,-19.919060252648432,-44.10137221435387
32040,-19.918583885429417,-44.07243395065851
32041,-19.91174906284549,-44.072380888762666
32042,-19.90135033303976,-44.07873576876048
32043,-19.900074150172422,-44.08588791743526
32044,-19.89767133180483,-44.09675333362908
32046,-19.87798115488144,-44.08909351795983
32050,-19.82877895789702,-44.14973901031679
32051,-19.81271882394234,-44.144622161656514
32052,-19.89651358066368,-44.08683772305764
32055,-19.858304143468857,-44.14557413498642
32060,-19.8609721933798,-44.13161345551672
32062,-19.860814745360962,-44.10900498782499
32065,-19.897487165184856,-44.130797884940655
32070,-19.919664985054474,-44.11687161757868
32071,-19.917698770142326,-44.09468108690315
32072,-19.92916525957564,-44.11331472263268
32073,-19.930497619127383,-44.12200415942553
32110,-19.88412914793119,-44.018173162522075
32113,-19.880889334090945,-44.02770443122738
32115,-19.892212749348527,-44.025804458266
32140,-19.89851699999995,-44.033597118842174
32141,-19.90277790102936,-44.040470147667214
32143,-19.910530419821725,-44.03422867245252
32145,-19.885140464286,-44.04619735620237
32146,-19.8786264912699,-44.04251659725006
32150,-19.891229904257553,-44.053004973072746
32152,-19.88856817314963,-44.08176767901664
32180,-19.863027426522585,-44.02479298496488
32181,-19.86135726127152,-44.02590940335353
32183,-19.858342710129406,-44.03553782889495
32185,-19.847533142091137,-44.02754260174426
32186,-19.842083392002664,-44.02093798748007
32187,-19.83414677222129,-44.02657846196086
32210,-19.95425098679443,-44.02602253401031
32215,-19.964975297296927,-44.01634812847498
32220,-19.96778617639034,-44.0242535469352
32223,-19.96546490733673,-44.03640778861599
32230,-19.97257654390522,-44.03312016018307
32235,-19.976553234943587,-44.03745639317368
32240,-19.9670124926424,-44.04751083094675
32241,-19.967023879155093,-44.05822252731767
32242,-19.973423129370097,-44.06342812884578
32250,-19.921499134373896,-44.088755470683324
32260,-19.95753577173048,-44.04046785333411
32265,-19.953745493804355,-44.044907821656324
32280,-19.949623076847416,-44.05660633839185
32285,-19.945330283335196,-44.068254155469575
32310,-19.940015782846466,-44.03722354809658
32315,-19.944651823734773,-44.041915270972595
32340,-19.940562234124517,-44.0526141782307
32341,-19.932443287396424,-44.05248593414628
32342,-19.921579948626025,-44.05464922584255
32370,-19.932609784257508,-44.02974089421279
32371,-19.927178741042333,-44.0339636767895
32372,-19.924970455259487,-44.02604259738892
32400,-20.0225774909704,-44.05947093209299
32404,-20.006527513538202,-44.04587027934002
32405,-20.024626346629383,-44.03856884547156
32407,-20.028097733791505,-44.055268110871424
32410,-20.039448560426855,-44.05694526808816
32412,-20.029655902034147,-44.06548581780736
32415,-20.01806854021824,-44.09310435814963
32417,-20.02074999010223,-44.11778528625362
32419,-20.00798932889948,-44.06057491079648
32420,-19.98071822797949,-44.06417833346363
32421,-20.0164078904238,-44.07524921947008
32422,-20.005217183146698,-44.07585268755866
32423,-19.994592503147786,-44.0664134457166
32424,-19.990238604954552,-44.05963597548313
32425,-20.002310189226048,-44.06285030244314
32430,-19.99634877966948,-44.072676917085296
32431,-20.009974297550524,-44.08877691521847
32432,-19.99910632851187,-44.09177816213359
32440,-19.989221267156896,-44.058017388613656
32450,-20.036904879368052,-44.140629267441895
32470,-20.05420004958775,-44.1834921952786
32553,-19.96971402637195,-44.17558669386577
32600,-19.97047179206993,-44.20010079009016
32602,-19.955793105432058,-44.20123165896912
32603,-19.963341668386025,-44.21007425908882
32604,-19.95149718818162,-44.196100734105954
32605,-19.933517079793987,-44.18590426387847
32606,-19.935018354893224,-44.20000406820935
32610,-19.958934973216778,-44.210003853351836
32611,-19.86094280603291,-44.155658894324546
32616,-19.936477825903406,-44.244985043390216
32623,-19.91887735130417,-44.27431008498622
32625,-19.95181839304623,-44.2356772711846
32628,-19.94646541271852,-44.27053916570481
32630,-19.95576060061168,-44.204698780743215
32634,-20.01007864049963,-44.25030441179605
32635,-20.006567559813018,-44.22586658174156
32639,-20.02474522315192,-44.23602350815929
32640,-19.988546559634642,-44.21599219162972
32641,-20.02886799961171,-44.227214063509805
32642,-20.020971908130882,-44.22511817342263
32649,-19.98395772147847,-44.1963698052975
32652,-19.94936970996593,-44.17973172245941
32653,-19.94177869256777,-44.16829548903573
32654,-19.97872127733696,-44.17518528512882
32655,-19.970575009160925,-44.170298389456136
32656,-19.97840890674591,-44.188158834583646
32657,-20.005645212043408,-44.17093901096428
32659,-19.995837025164754,-44.13515231793521
32660,-19.94889071684701,-44.161206386229
32661,-19.982929441316223,-44.14766117894858
32662,-19.952270727960062,-44.143022839420965
32664,-19.95067364086209,-44.112527014715184
32665,-19.973969515960967,-44.144484570377166
32666,-19.9410600795598,-44.128192377737
32667,-19.966184414737157,-44.13819388600033
32668,-19.99257357501684,-44.11351135775293
32669,-19.96002161511406,-44.11732220938156
32670,-19.95972302437481,-44.16584223723238
32671,-19.94987197085809,-44.183730087491156
32672,-19.93774468581569,-44.17352858021235
32673,-19.940664261435572,-44.16643978965637
32675,-19.9365585834788,-44.13360416384521
32676,-19.94380560421837,-44.12595901234926
32677,-19.941251206777615,-44.11230533554895
32678,-19.933270500920734,-44.105512191462225
32681,-19.951099926034388,-44.11701524034648
32682,-19.93916206494891,-44.09849692076859
32684,-19.950896625351614,-44.108397856440064
32685,-19.94740909325409,-44.10078551457096
32687,-19.93933252553522,-44.097289951330964
32688,-19.93026524562872,-44.09896918013154
32689,-19.95158054593456,-44.070804495114
32690,-19.94289437717758,-44.114646648124456
32900,-20.069755909377125,-44.3052986748046
32920,-20.048258273914872,-44.26225503362748
33010,-19.764933716723416,-43.85460055118193
33015,-19.75808084643295,-43.84394074439746
33016,-19.756791403657928,-43.85469667299016
33020,-19.75615509637433,-43.83501080061789
33022,-19.754716081019527,-43.83817369386442
33025,-19.776906143359394,-43.84781302267231
33030,-19.776538913986197,-43.87291104711883
33035,-19.765533369246683,-43.86622049999998
33040,-19.784098272877348,-43.87727489870057
33045,-19.75756213372665,-43.88160811563315
33048,-20.708904445204563,-46.61670129131908
33054,-19.751986834034952,-43.83404383516242
33060,-21.09025773440797,-43.41830706862214
33065,-19.771294757662723,-43.83221923967551
33080,-19.80988198278414,-43.88662211678976
33082,-19.77379811961693,-43.86141353416433
33084,-20.39511586381949,-43.4921764185321
33105,-19.782648002888372,-43.92988205978561
33110,-19.78227761618317,-43.92055448270041
33113,-19.82150065349782,-43.83410784412963
33115,-19.79596410397258,-43.91374415817423
33120,-19.791893360413944,-43.92812317246522
33125,-19.789623837700308,-43.93972185577625
33130,-19.780260821391067,-43.93881193520485
33140,-19.771160798166846,-43.93553366845665
33145,-19.77599930628665,-43.92901896377666
33146,-19.815879436560067,-43.86193316009659
33147,-19.77196768270506,-43.8933737722481
33170,-19.785948905899065,-43.90445149999994
33171,-19.763417473754,-43.86776420400038
33172,-19.776883429086087,-43.8925875140541
33200,-19.746804418560533,-43.94333542713922
33350,-19.7095596959882,-43.97714813528202
33400,-19.639067554452502,-43.90105234158728
33500,-19.63086249253196,-43.98897268005168
33600,-19.61849733732957,-44.03937288585646
33680,-19.699756290442576,-44.04531731807073
33805,-19.76849974792276,-44.085725471810086
33808,-19.77760774141404,-44.10803965598129
33809,-19.78365643963872,-44.1078430691494
33820,-19.76990264196933,-44.13407768858566
33821,-19.77026405421772,-44.14373545403279
33822,-19.82194478046275,-44.08982703640657
33823,-19.762642749927885,-44.14252283552888
33825,-19.7608891568458,-44.14640022869183
33826,-19.753840754493105,-44.08460527405437
33830,-19.74317717613063,-44.13676940557994
33833,-19.759766748767344,-44.12734755209054
33836,-19.786392415348608,-44.10403889642735
33840,-19.746973368039264,-44.08163762968147
33841,-19.761153421538665,-44.0982133292321
33855,-19.752773490146588,-44.07323431148095
33858,-19.75739527977421,-44.08466235498298
33860,-19.769051845570317,-44.07656434838998
33861,-19.776713717145853,-44.07247554164162
33863,-19.78226701810637,-44.06846195226778
33880,-19.77579069109581,-44.08309818762913
33882,-19.77738663562397,-44.12926060097203
33900,-19.801560017485144,-44.01230768858564
33902,-19.794314079793992,-44.01511049923539
33903,-19.79511612031108,-44.02597573804285
33910,-19.80588294015181,-44.10357727250191
33913,-19.777829144324546,-44.02361284150854
33914,-19.77988281584023,-44.1325778651681
33915,-19.774999663714937,-44.015686520676304
33920,-19.7664469000808,-44.03610157946181
33921,-19.78393888458456,-44.08101232055392
33925,-19.777428679286274,-43.98526138385465
33927,-19.779511040754723,-44.08194627728115
33930,-19.790678468125787,-43.99751451165676
33933,-19.79136325291627,-44.00687087634893
33934,-19.782524185237904,-43.98288616948303
33935,-19.811273228143577,-44.012192209237625
33936,-19.81551685577793,-44.008481880477106
33937,-19.825480005554247,-44.019966031296676
33938,-19.8339036154141,-44.0386118626111
33939,-19.772141960892856,-44.06397134350437
33940,-19.819548549959595,-44.02202077810317
33943,-19.80775389286744,-44.02025829225576
33944,-19.81011009334088,-44.027829
33980,-19.662834667097535,-43.68842352135739
34000,-19.985905993909533,-43.85815651259779
34001,-19.990439494984408,-43.85000000714005
34002,-19.998777636552486,-43.847853392753166
34003,-19.985880288740997,-43.86077275537791
34004,-19.99235629497475,-43.8883942701527
34006,-19.9815433874147,-43.94273789597666
34007,-20.0533785253021,-43.97962419915376
34008,-20.007178044371766,-43.929766217691565
34009,-20.064907451926814,-43.934828559366196
34010,-20.10096683385901,-43.934875491242536
34011,-20.091160319925805,-43.966656662793696
34012,-20.004510144673667,-43.84388520486655
34015,-20.014715920710643,-43.93062969170595
34018,-20.079800423948104,-43.946967115275775
34300,-20.08839092736984,-43.78978976326772
34400,-19.96697516145543,-43.80504635622759
34505,-19.88996529810234,-43.808981313926395
34515,-19.889004132259863,-43.796230936448154
34525,-19.89624298691588,-43.80641295927157
34535,-19.904941974255173,-43.82382154819942
34545,-19.891817604595023,-43.83523932758891
34555,-19.889462820561672,-43.827916388050625
34565,-19.88063268170313,-43.83071377784109
34575,-19.883193253849292,-43.83854982261539
34576,-19.858146739898988,-43.86106747506179
34580,-19.8829916580862,-43.84984526473389
34585,-19.88303441385057,-43.85552405117494
34590,-19.880940900948698,-43.86545975498543
34600,-19.862649441951536,-43.86251780803208
34650,-19.86853646600826,-43.895014040666894
34700,-19.87795303645153,-43.89606791814451
34710,-19.880347849760902,-43.903966586389885
34720,-19.84189776177038,-43.8645808345092
34725,-19.862474216830392,-43.84554263005863
34730,-19.83357723227333,-43.84328906386388
34735,-19.833094247999952,-43.86210499999999
34740,-19.79449884593767,-43.7550623123491
34800,-19.88570034925318,-43.665864408198495
34940,-19.95725189156002,-43.698100482677134
34950,-19.75771055407031,-43.63339140010497
34990,-19.71827193261462,-43.58336435562434
35001,-18.85593893221381,-41.948743959017996
35010,-18.85556457177152,-41.94674978137405
35012,-18.8579999921131,-41.957061181744024
35020,-18.85743744571832,-41.94071935027088
35022,-18.838054213508524,-41.90893480403865
35023,-18.87800775429616,-41.969499759206045
35024,-18.833333770769535,-41.903478181858254
35030,-18.8696608483624,-41.955779750877575
35032,-18.86782425195641,-41.961784278967166
35039,-18.88420212971052,-41.990793548067856
35040,-18.89804943988698,-41.981512684466985
35041,-18.902628795838865,-41.95673155448083
35042,-18.908730826218388,-41.948302743496
35043,-18.89537403190711,-41.94868050793667
35044,-18.88590061086237,-41.94740189439344
35045,-18.882343684883,-41.96447698203184
35046,-18.88927816217772,-41.96794538813358
35047,-18.850369068353288,-41.975432263185816
35050,-18.878939642994347,-41.9688480221767
35051,-18.87382334339895,-41.9720129264574
35052,-18.856873534564645,-41.97806308070543
35053,-18.859916086867848,-41.966052216194235
35054,-18.85063472633424,-41.974951434432256
35055,-18.849951642083482,-41.9919098476294
35057,-18.844185528568733,-41.95862469301469
35058,-18.842082436203466,-41.95190361460143
35059,-18.837388696235852,-41.948480370823745
35060,-18.8484727672333,-41.94765041697512
35062,-18.837488635491138,-41.96311214272082
35063,-18.85585543966754,-41.9826875509318
35064,-18.842544048319184,-41.93260974189666
35065,-18.847081199878446,-41.96344204509653
35105,-18.87194548206996,-41.963082328814274
35108,-18.912319321281306,-41.95071363734536
35109,-18.978562324421873,-44.04679218493516
35110,-18.5785247188008,-41.91813773668941
35112,-18.563056095484143,-41.90638711335554
35113,-18.44132947682171,-41.50042932169299
35114,-18.356504569185667,-41.5963790951054
35115,-18.508234214827887,-42.08202484489251
35116,-19.22648465424472,-42.61346501346776
35117,-19.225510856619678,-42.331080748222064
35118,-19.15543046393054,-42.24161481382922
35120,-19.171189765920342,-41.86151469400554
35123,-19.070944520070835,-41.8642814142144
35125,-18.97770568104597,-41.6448262029792
35130,-19.200208869444378,-42.04473783274668
35133,-19.0530102023146,-42.02236179104156
35135,-19.15323356759625,-42.07957774345356
35138,-18.983363160759342,-41.98803567971388
35140,-19.283061975138118,-42.003601869437546
35143,-19.26611686042794,-41.814269230849646
35145,-19.233275305425316,-42.09832645111547
35146,-19.339966716735454,-42.15893326121038
35147,-19.073982305202588,-42.546728650663646
35148,-19.376675025176652,-42.108481914940896
35150,-19.076274142613915,-42.54788007556345
35156,-19.15618849644158,-42.23750138355017
35157,-19.22662933646736,-42.33091107980911
35160,-19.50334866388715,-42.54740304302035
35161,-19.44018263799996,-42.56735999999995
35162,-19.469807308904176,-42.563225713024345
35163,-19.44175985679925,-42.56074448473654
35164,-19.454474378296496,-42.54711875214957
35166,-19.22582878145003,-42.614795187701226
35167,-19.38083730912048,-42.548852763415205
35168,-19.169042433246,-42.67789309925564
35170,-19.50730968446171,-42.62947172695782
35171,-19.516476143358947,-42.612451481745765
35172,-19.475186152223856,-42.64423939660119
35177,-19.650316006171263,-42.86642834872327
35179,-19.384379312032635,-42.5499469647966
35180,-19.54471475940492,-42.64344828760568
35181,-19.545368103205465,-42.589709109641205
35182,-19.58067642400438,-42.643929928403004
35183,-19.5559913543021,-42.66719003019293
35184,-19.53519163176631,-42.66830500924184
35185,-19.712145093861757,-42.732020385688415
35188,-19.651154920192813,-42.75544807898175
35189,-19.05567058315794,-42.71927128578501
35190,-19.437088046693656,-42.21364160271306
35192,-19.243883573042137,-42.21299557478605
35193,-19.428345098929952,-42.25840010382931
35194,-19.176798913203815,-42.679101754636136
35195,-19.222421622654895,-42.48796772249652
35196,-19.31107050753444,-42.370610762173165
35197,-19.247578595205223,-42.4543202000811
35198,-19.414593121038976,-42.41555736662308
35199,-19.605663667528667,-42.298841720807424
35200,-19.494803321409737,-41.07028224712464
35202,-19.497461987886844,-41.084252482736346
35212,-19.66670882162646,-41.25207893202373
35215,-19.75446025764091,-41.28234272407786
35220,-19.397837392363577,-41.22664463551408
35222,-19.413979079081606,-41.24904716393082
35225,-19.35830859273843,-41.3800194697576
35228,-19.34948987130366,-41.45379429395032
35230,-19.32738215542774,-41.2551975325445
35232,-19.25538608847936,-41.15222939716073
35236,-20.00758122660574,-44.04116293236808
35238,-19.099162775692967,-41.03380534053093
35240,-19.17396790696241,-41.47299645675382
35243,-19.06891059429612,-41.53210227772685
35245,-19.12020072414256,-41.37826742400385
35246,-18.96902611486767,-41.098758806246764
35248,-18.9829124010001,-41.22490350991665
35249,-19.417485679125654,-41.728283142677896
35250,-18.99910035588622,-41.53859049254578
35255,-18.841226395194617,-41.51385396244751
35258,-18.917457645639313,-41.35757808976355
35260,-18.76121034181285,-41.30615822717278
35263,-16.701761917661532,-43.94426159414642
35265,-18.77628879130789,-41.48095606939405
35267,-18.705753340743897,-41.56160836342998
35270,-18.660166501152535,-41.404792055701776
35275,-18.589660548548963,-41.48824264260306
35277,-18.723076943247023,-41.16105864734057
35280,-18.568826731446546,-41.23427746501397
35285,-18.49630049266678,-41.30035327752185
35290,-18.7785830656462,-40.98277318496495
35295,-18.66543471822127,-41.10047669413932
35296,-18.58149647987816,-41.14527825623064
35298,-18.494298265750256,-41.10286645023019
35300,-19.789547479040024,-42.14073793168095
35301,-19.794679770167512,-42.146009015482754
35302,-19.7807769253558,-42.1280380432453
35303,-19.77847242806181,-42.15432821206043
35304,-19.76940892916495,-42.13623158474306
35305,-19.791030731010345,-42.144720034158944
35311,-19.853044409025404,-42.20824151679846
35315,-19.848352124681995,-42.10231446368513
35319,-20.089807854662567,-43.859558513056385
35321,-20.241360955309634,-42.03416961842421
35322,-18.90838668696776,-42.82979127309554
35323,-19.59571607891506,-41.96813753445016
35324,-19.626635594024965,-42.23096311109217
35325,-19.760453851069386,-42.07633240711027
35326,-19.873211787029803,-42.13299864028691
35328,-19.977150068966893,-42.14457117178256
35330,-19.55030577919237,-42.12184508092337
35334,-19.49824395443188,-41.981142374635795
35335,-19.528508448702773,-42.01290806368412
35338,-19.63596293347012,-42.10817566706133
35340,-19.826602434978764,-42.31703321925167
35345,-19.83299366938727,-42.40374525
35348,-19.72744567162142,-42.41186139901986
35350,-20.102735384297453,-42.4548066260367
35352,-20.08178528603609,-42.34351982094584
35354,-20.016643662174225,-42.30350421695978
35355,-19.960532910033823,-42.44247902274455
35358,-19.929913793332705,-42.19879331328145
35359,-20.0368394948774,-42.26683911838541
35360,-20.17005068324839,-42.52409289752542
35362,-20.09343090010419,-42.62611023199263
35364,-20.52093642844563,-42.329716244004324
35365,-20.300151156504214,-42.47795975753051
35367,-20.28612386942528,-42.340531246227336
35368,-20.473533064095413,-42.48250698271402
35370,-20.225070610945505,-42.65000922973898
35380,-20.35234436919969,-42.742147861864396
35382,-20.24567082231897,-42.73613024916795
35384,-20.235982194766525,-42.81377610353691
35388,-20.317371620685893,-42.60937442549412
35390,-20.455373854634594,-42.666919220078775
35395,-20.40913094146153,-42.55528403133138
35398,-20.509924025498155,-42.52624407020665
35400,-20.3869790691355,-43.505821667951786
35406,-20.309997638300644,-43.57792426594773
35407,-20.41968827311151,-43.61454484123441
35409,-20.52836356702638,-43.55777144116792
35410,-20.349351340565665,-43.672552239800325
35411,-20.30043449929502,-43.48008022435991
35412,-20.3166095845578,-43.70112824451196
35413,-20.361970978464008,-43.71222569046904
35418,-20.470616071871014,-43.51664245787023
35420,-20.373528338095287,-43.41753658591057
35421,-20.393248985877264,-43.444121037890795
35423,-23.13289603182123,-50.3748050012412
35424,-20.39645981552617,-43.2746366959329
35425,-20.345592167098644,-43.2952936082434
35426,-20.359103598261644,-43.211504951311184
35428,-20.18637399188861,-43.41292300704011
35429,-20.21334359818413,-43.19984080209576
35430,-20.4103580795654,-42.897725951016376
35431,-20.422130891984963,-42.91859746925551
35435,-20.519364365321906,-42.89944357280825
35436,-20.571536268910883,-43.00964498897379
35437,-20.48631344399834,-43.198852777001534
35438,-20.36253769732398,-43.14364753913686
35439,-20.43131942382994,-42.80350874288432
35440,-20.161730230623107,-42.96813170160803
35441,-20.10147509439513,-42.84138779553309
35442,-20.244187382025533,-42.89728053761368
35444,-20.508071127689306,-42.80231830486864
35447,-20.28322488887149,-43.04085979306498
35450,-20.25251242397833,-43.802785335584915
35460,-20.14396570253757,-44.20205592372301
35464,-20.142774375455716,-44.037378169239446
35470,-20.331530327445616,-44.0532088925404
35473,-20.409379040143364,-44.02648924644741
35475,-12.979554377269244,-44.05291999749476
35476,-20.468198237019276,-44.222930423635944
35478,-20.39251266250428,-44.33841004511247
35480,-20.3305362308763,-44.24008704441723
35485,-20.2664109243734,-44.31000440253871
35488,-20.3916809734967,-44.48751870925425
35490,-20.668991861026797,-44.06586356936201
35494,-20.660124245463475,-44.33340493932817
35495,-20.62624600901347,-43.951340072163106
35498,-20.5372680555623,-43.98268666894107
35500,-20.14068469699654,-44.88742126797749
35501,-20.161085537750914,-44.90371562724492
35502,-20.13326165916509,-44.90244062885031
35503,-20.151936222515545,-44.868502870065825
35504,-20.16910377158269,-44.89700666540015
35505,-20.10599458940798,-44.97265938067478
35506,-20.27657655617438,-45.00297871700636
35510,-20.186490558803627,-44.7692847064533
35514,-20.384400774694804,-44.48178981059499
35515,-19.952923015212612,-45.08574341413453
35516,-19.98519284263661,-44.85816441745512
35517,-18.842656993637767,-43.24709547353383
35519,-19.874164316847537,-44.98577406324098
35520,-20.395053114319097,-44.33929721776528
35521,-20.32762552329134,-44.24003491263256
35525,-20.26774057318805,-44.30769639011766
35526,-20.46899997724719,-44.223088138782046
35530,-20.44177374108617,-44.76617579262522
35532,-20.36774945129406,-44.68716103723088
35534,-20.540642399429228,-44.63557385881991
35536,-20.510071864647685,-44.47589917607861
35537,-20.65188848787687,-44.4930439604996
35540,-20.69729184383261,-44.82882761749469
35541,-20.76716674338467,-44.57927198075455
35543,-20.70686600793489,-44.98446417337832
35544,-19.984906672922232,-44.85528417363998
35545,-19.953719329676133,-45.07995791313961
35547,-20.55973512257605,-44.86882057506307
35550,-20.47234219004298,-45.12328649999999
35551,-20.473380017346138,-45.038053163716384
35552,-20.476191624842947,-45.12133776414236
35555,-20.626491203627115,-45.15422508189638
35557,-20.187189373368973,-44.77079343504672
35558,-20.251464857577545,-43.78770607558941
35560,-20.09118690842959,-45.290208775082974
35565,-20.25892859735548,-45.21019000860914
35567,-20.27641631773119,-45.002583594012876
35568,-20.448014750047832,-45.558811353016175
35570,-20.46221963845293,-45.431378530536534
35578,-20.449995749336054,-45.55418337128798
35580,-20.13974722950019,-45.50616116930835
35582,-20.369778849468958,-45.66191751056871
35585,-20.482108534427393,-45.80316681454504
35588,-20.288391507313204,-45.54083459667855
35590,-20.024725422201623,-45.539278430578946
35593,-28.467525838864947,-52.820345590754094
35595,-19.794739231384842,-45.681596298167804
35596,-19.924806974125943,-45.70271627532905
35600,-19.740831020834243,-45.256507849173374
35602,-19.57386422897261,-45.304801620344925
35603,-19.945518147711535,-45.165539599747746
35604,-19.84269063162108,-45.41269358232808
35606,-19.329033958661167,-45.238592478125646
35607,-19.41962697910011,-45.152287061135496
35608,-19.50239863292949,-45.05902779154626
35610,-19.46654978592253,-45.60037807671344
35613,-19.523820932262165,-45.78960413735041
35617,-19.440716650315288,-45.79295115498899
35620,-19.15704958231765,-45.44791655101505
35621,-18.781515900992044,-45.5056313316101
35622,-18.905244843471216,-45.533327168302336
35623,-18.877925536018072,-45.41273035413269
35624,-19.147111404098304,-45.714540087226354
35625,-19.271231536893946,-45.5547471797567
35628,-18.602121920361352,-45.35501693067391
35640,-19.22451979434427,-45.00057241683274
35650,-19.683886803747484,-44.89192384522265
35655,-19.732468731608925,-44.80814924543708
35657,-19.716294912892515,-45.025079119876025
35660,-19.858114249230724,-44.609658170175344
35661,-19.87009465841214,-44.59398412242656
35662,-19.88149022889788,-44.74277853669112
35663,-19.827215961586692,-44.57754483386361
35665,-19.88081243566318,-44.74380729097265
35666,-19.51415408887097,-44.67661057622543
35667,-19.629874113982908,-44.66073766706258
35668,-19.751192006875105,-44.896677453827536
35669,-19.448668127122872,-44.74560100252502
35670,-19.989307937056093,-44.4305205
35672,-20.008412351423353,-44.47211308284627
35674,-20.094176100020256,-44.43364802607057
35675,-19.95739620587439,-44.34218965344338
35680,-20.077226252917765,-44.577050723018736
35681,-20.085423838366857,-44.60295324200747
35685,-20.19807262450503,-44.424710910842826
35688,-20.227967666272463,-44.40206773782106
35690,-19.889244799937927,-44.43140846982239
35694,-19.709956513128272,-44.55739870559582
35695,-19.95517789402001,-44.709358418809
35698,-19.90800974788072,-44.69887835955048
35700,-19.459433169463082,-44.24801919373313
35701,-19.4500047320022,-44.23018535714756
35702,-19.430760435474376,-44.22713911539911
35703,-19.43299182746664,-44.20365363597829
35706,-19.288796181744218,-43.95361390500042
35707,-19.3252641945636,-43.93470608181585
35709,-19.387426367387683,-44.056022675049554
35710,-19.493733099879705,-44.38680759418999
35715,-19.47219803871191,-44.15761127039632
35720,-19.56336099942348,-44.07873351307721
35725,-19.541637991623595,-44.03041539481837
35730,-19.54589214878529,-44.13219174124748
35732,-19.289475645900904,-43.95400550827032
35733,-19.330477595420167,-43.934802420724935
35736,-19.372842278053618,-44.0605692234788
35738,-19.4778603670674,-44.15885332561409
35740,-19.776309017368487,-44.30830594868242
35750,-19.697918078989456,-44.17675823929734
35760,-19.56345004085125,-44.44572525707617
35763,-19.491790376503488,-44.388568891505116
35765,-19.525954793694,-44.45095715798836
35767,-19.239688133515564,-44.02611641663549
35770,-19.299776410438408,-44.41397185742272
35774,-19.27842411459968,-44.401119032029975
35777,-19.20196648675206,-44.2467247493249
35780,-19.128667396458095,-44.32036279052665
35785,-19.00524998229702,-44.043531752888796
35790,-18.757522864117075,-44.43158857061152
35791,-18.80653322325923,-44.154014774407486
35793,-19.14045895574384,-44.656343884728464
35794,-18.75736982107793,-44.899129927614965
35796,-18.72928769145799,-44.361342985510376
35798,-18.543771139761443,-44.60333670818367
35800,-19.232051282511257,-43.01855988050471
35804,-19.33055999999993,-42.87805999999995
35810,-19.351972988235662,-43.14026719933396
35815,-19.29129087478511,-43.17619622211591
35820,-19.414058178789244,-43.32194190094163
35830,-19.51814976065211,-43.74803118853069
35845,-19.171892585587106,-43.71391355264512
35850,-18.81111647720786,-43.67595548348458
35860,-19.03308002200796,-43.42670681185042
35863,-18.807586063469667,-43.512086426125215
35865,-18.966737855412802,-43.25481466086664
35868,-18.808201970288984,-43.23471044090148
35875,-19.21837453084651,-43.38179885091165
35878,-19.087105278615635,-43.141364695693646
35880,-19.22813340901103,-43.25294766484635
35894,-19.05649024989115,-42.93007874545892
35900,-19.630068857054265,-43.22432818602511
35901,-19.655866350236224,-43.23389584432258
35902,-19.650833753598143,-43.20642883747227
35903,-19.657845161387034,-43.21339645437857
35904,-19.594472119158006,-43.198180050779015
35905,-19.620493394655877,-43.434966751691334
35907,-19.51048430596595,-43.367348731375934
35908,-19.70899099035509,-43.476183583154864
35910,-19.451183700512743,-43.114201962367076
35920,-19.765672492285585,-43.03007029847547
35930,-19.813304724937552,-43.17329005054923
35931,-19.838038803577167,-43.17996534379786
35932,-19.85069211281192,-43.17729467947038
35935,-19.82482031300022,-43.35890238504866
35938,-19.82862385630682,-43.09160894299879
35940,-19.926507939569525,-43.17137463257555
35950,-20.108630219511067,-43.05751404000867
35955,-20.16159337477424,-43.300652944075374
35960,-19.960874869320534,-43.41037187889399
35963,-19.96379765255795,-43.45810248787213
35969,-20.074375140412585,-43.407749090389686
35970,-19.93979099834312,-43.4821429632408
35975,-19.859702583992345,-43.45224249605176
35984,-19.84065643232359,-42.77573486812312
35986,-19.92549455465309,-42.70709325091504
35995,-19.86640665077678,-42.968430976463566
36010,-21.763649567574635,-43.346038803364266
36011,-21.762869008050085,-43.34323485858965
36013,-21.75894378212821,-43.348463743407
36015,-21.757533003606678,-43.35379840133589
36016,-21.76910731945388,-43.35285390934288
36020,-21.770234224811027,-43.33392968704591
36021,-21.77614438550986,-43.34168591548848
36025,-21.775230104362592,-43.35422013379957
36026,-21.779033170826388,-43.34929880114617
36030,-21.789408217290283,-43.34503583250616
36031,-21.796356771856424,-43.34777998167807
36032,-21.79797763113857,-43.35719890827513
36033,-21.785505511930886,-43.3631094775232
36035,-21.749756343874463,-43.36522926144041
36036,-21.762576744873414,-43.36822758119578
36037,-21.7730393079311,-43.38110255087879
36038,-21.782721491889667,-43.383760579763745
36039,-21.79214694630241,-43.397347110378206
36045,-21.741723834300803,-43.35970094532287
36046,-21.73144488648284,-43.35976936164808
36047,-21.720458284205684,-43.353890001601314
36048,-21.68746420883728,-43.348003066478114
36050,-21.734927674995653,-43.348948757103614
36051,-21.73887058728149,-43.34425307369147
36052,-21.74688072300768,-43.345923543020376
36060,-21.736731223331027,-43.335178766884766
36061,-21.75061836303305,-43.33278275102276
36062,-21.75634456396796,-43.34008539855161
36070,-21.76619748903572,-43.3287233170985
36071,-21.772849107475963,-43.3141013997144
36072,-21.77095469663574,-43.293681167089815
36073,-21.792180603667905,-43.30112078641299
36080,-21.742329997085804,-43.3762143305283
36081,-21.7438722299142,-43.38890962538231
36083,-21.73898048365293,-43.40175587039063
36084,-21.742755111359322,-43.41120604058747
36085,-21.717774419095157,-43.4069571788001
36087,-21.706035722769272,-43.42405090368749
36088,-21.710217583674805,-43.43880017998732
36090,-21.690285474609,-43.43634256702637
36091,-21.70128138995325,-43.44223872967279
36092,-21.66298781327995,-43.432088911261424
36094,-21.582884493479124,-43.48606565349981
36104,-21.8291421225224,-43.18814361096412
36106,-21.71402847773772,-43.608445424308265
36108,-21.550452918959216,-43.509735145873535
36110,-21.672690259236667,-43.22030219863332
36120,-21.870756901613895,-43.318429878503636
36123,-21.963316155099726,-43.313986647745736
36126,-21.94835947067553,-43.41534660464676
36130,-22.08637923010348,-43.828162801950405
36132,-21.958374471010675,-43.70367493709251
36135,-22.149889856147574,-44.09415972967028
36140,-21.844602519217137,-43.800880213916
36144,-16.97526446686565,-41.429892043842926
36145,-21.86084295267034,-43.93540762223418
36146,-21.60194748793141,-44.10522020221938
36148,-21.70619634888937,-43.7450210602017
36150,-21.476566608257833,-43.12651634882103
36152,-21.5366353637632,-43.202474928829886
36155,-21.5877292046965,-43.26426056870334
36157,-21.507519830736157,-43.31870588052111
36160,-21.357885267279418,-43.04612985801633
36165,-21.360072551742288,-43.24763510819232
36170,-21.27298081863675,-43.02721180535631
36180,-21.271112012256644,-43.17856817351645
36185,-21.15966434250213,-43.21649761776396
36190,-21.197022282224296,-43.34124763278449
36195,-21.28806785539019,-43.41634052388421
36200,-21.226425264355406,-43.77284603425791
36201,-21.224996524753244,-43.78832304813189
36202,-21.211635315422235,-43.77871423838859
36204,-21.209372148810296,-43.75972267122698
36205,-21.22186087438508,-43.756715290259045
36206,-21.249432,-43.666519999999934
36207,-21.19466388356461,-43.641540689505625
36208,-21.2997293198455,-43.62761951226115
36210,-21.14864055607985,-43.51180572453698
36212,-21.19070494205352,-43.973796750746864
36213,-21.110120948661383,-44.02263780972573
36215,-21.2457524113859,-43.56018993564116
36220,-21.319254656543787,-43.75011691402475
36225,-21.433288205594952,-43.96419804014072
36227,-21.467938874758715,-44.19725989785405
36230,-21.606811844752656,-43.75703575391411
36235,-21.56256252840956,-43.91598557185287
36240,-21.458380585856716,-43.55268945986531
36243,-21.515056432916694,-43.61804762410479
36245,-23.405413279153656,-46.45504706724169
36250,-21.339477911132832,-43.45712382263634
36255,-21.34152511905379,-43.377554712825614
36260,-21.023599742195675,-43.41146885896039
36263,-18.97774637560997,-48.26923798459092
36264,-19.638548379227394,-43.75965150050012
36265,-20.904307333277643,-43.36542383183036
36270,-21.061851655174443,-43.762245318290645
36272,-21.146676537872725,-43.77588432144628
36275,-21.029742878231275,-43.58230436432765
36280,-20.952558324254277,-43.80344072301229
36290,-20.924574174756533,-43.61967887291634
36300,-21.133258407986663,-44.26136267638063
36301,-21.124499653824117,-44.24873268229288
36302,-21.1069171191108,-44.229161082331736
36303,-21.111779799796672,-44.226819385439605
36305,-21.12912369305564,-44.23587606994056
36307,-21.136678244289467,-44.2558095958813
36309,-21.142225152374618,-44.27229398184602
36315,-21.18896953180941,-44.32759224225704
36316,-21.24384091208952,-44.41230948978164
36318,-21.30570731305084,-44.315464160898166
36320,-21.056445661910637,-44.08045751223295
36325,-21.11075716331317,-44.171459312780286
36328,-21.12045217538641,-44.22643403512566
36330,-21.024068985370544,-44.22314592581825
36335,-21.026306608581663,-44.324819611573965
36340,-20.92130707588263,-44.235955546383195
36345,-20.91775744324502,-44.07414299999999
36350,-20.910492304321902,-44.508849609775794
36352,-21.044419120875933,-44.603113724770495
36360,-21.12925765294719,-44.47718334032004
36370,-21.218093445315013,-44.61443901265858
36390,-21.298217736534337,-44.65778418119325
36400,-20.66207848204372,-43.78571044650591
36401,-20.657217288452568,-43.77616255567808
36402,-20.663661094126102,-43.77834614288351
36404,-20.673208152580013,-43.77761801756626
36405,-20.68030870510718,-43.78760169371834
36406,-20.666989441247583,-43.79768014088673
36407,-20.658191496662123,-43.80815564971712
36408,-20.6528279869081,-43.79745350875786
36415,-20.50508386116108,-43.85703271436147
36417,-20.562229075264067,-43.85680748603392
36419,-20.52140596780208,-43.80137611445677
36420,-20.51893697910385,-43.70643246712877
36422,-20.79363205590045,-43.93174291645029
36424,-20.740698436174814,-43.88332450270446
36426,-20.826300963626295,-43.808665999398805
36428,-20.873548364748125,-43.73762505801092
36430,-20.788254619444803,-43.68789054540154
36440,-20.675253901417058,-43.609669531497545
36450,-20.691528771844027,-43.49781705663017
36455,-20.788742170839136,-43.47312730010208
36460,-20.85781815058801,-43.47524155708372
36465,-20.84097766956973,-43.54853626389678
36470,-20.795295508288696,-43.34291105580297
36475,-20.768983670290147,-43.1870993777605
36480,-20.684195830796625,-43.30009995865859
36485,-20.608124374002443,-43.33279326048875
36490,-20.626791043653526,-43.28665766809837
36500,-21.11815987053089,-42.94381278060808
36501,-21.126070996237647,-42.9406539366097
36502,-21.12448854224665,-42.92793184295009
36503,-21.118285002904976,-42.91750125285383
36504,-21.11347935574587,-42.93881841589473
36505,-21.108085510986776,-42.950738852341665
36506,-21.104714814761223,-42.96343866862004
36507,-21.11393418658612,-42.957126702215774
36510,-21.200844173442047,-42.86557443939152
36512,-21.17237742610533,-43.021307373691904
36513,-20.974982769609003,-43.19023897782211
36515,-21.152573362377055,-42.79783237852995
36520,-21.010076290157393,-42.83767046852905
36525,-21.003525963044787,-42.71880215875891
36530,-20.922283568784273,-42.833599923343186
36532,-20.91576008099461,-42.83693142419035
36540,-20.914753094452905,-43.10016424839492
36542,-20.84846376378558,-43.2435924712878
36544,-20.873708805409784,-42.98159313489916
36546,-20.989843616651342,-43.00581490166666
36550,-20.859727645240632,-42.803756094047465
36555,-20.840166470522007,-42.656515916287454
36560,-20.788632946399385,-42.79513738624817
36568,-20.67214412270776,-43.08566696525448
36570,-20.75524698892788,-42.88108571377279
36572,-20.76070607353114,-42.88666427816099
36574,-20.736631014524463,-42.8838342368396
36576,-20.67433500553419,-43.08158396681095
36580,-20.65284974157819,-42.85626256615841
36585,-20.59682238829576,-42.715023375913184
36590,-20.70747354531702,-42.7184475907677
36592,-20.686676276724377,-42.6199861621612
36594,-20.66748747514089,-42.520976293331564
36600,-21.71947056357538,-43.06552098997369
36604,-21.62659493950131,-43.01875974336707
36606,-21.72931613013353,-43.03924123306507
36608,-21.69691053007408,-42.960478134705866
36610,-21.840575278458186,-43.12176128401479
36620,-21.950482500000007,-43.16656816022176
36630,-22.05702012002341,-43.09008428366405
36640,-21.8643019071282,-43.008836368921294
36649,-21.865659415828056,-42.99874933189211
36650,-21.807681415118424,-42.94647373598272
36660,-21.87630652089251,-42.69750987215312
36664,-21.868313548258158,-42.698740442406134
36666,-21.84151847580495,-42.61943279184712
36670,-21.755803269294034,-42.81566561411991
36675,-21.68022108656747,-42.781134178935986
36680,-21.536839040417725,-43.01369226184115
36688,-30.005202456575603,-51.19099166472387
36690,-21.461272709204056,-42.96387394675115
36700,-21.531240295882636,-42.640713257611836
36702,-21.55209433346309,-42.68502528176471
36707,-19.82190436837232,-44.00995343801027
36708,-20.676796990420677,-43.35160458347276
36710,-21.61290573441929,-42.83586751692712
36720,-21.772929792399992,-42.53745282285476
36725,-21.74295746288185,-42.46156005055588
36730,-21.65755791984237,-42.34541061022097
36740,-21.52532599975753,-42.472099805528
36750,-21.37625776585342,-42.31427831162699
36753,-21.440712113251724,-42.3600007095712
36756,-21.923454672384327,-46.39284580370064
36760,-21.36477477293513,-42.47769998765439
36770,-21.388888562373094,-42.691982807265966
36771,-21.411968900195227,-42.68095403517849
36772,-21.397807571581044,-42.69841280639142
36773,-21.382072878475352,-42.70459206234439
36774,-21.378433258021754,-42.69192745981728
36777,-21.314656688726224,-43.29539889703791
36778,-18.957459386727045,-49.449254176929024
36779,-21.29435692501821,-42.728764783740445
36780,-21.313854000000003,-42.8633919590722
36784,-21.315691170293466,-42.81252355640737
36787,-21.344652303611007,-42.83187094910181
36788,-21.41637370809272,-42.81662888574121
36790,-21.196831048386308,-42.61481071598226
36793,-21.07247584147764,-42.636277428828805
36795,-21.287619896418732,-42.55511800967891
36800,-20.733669525543363,-42.03033746594788
36803,-19.888967293734265,-45.14923651880442
36805,-20.700897809977647,-42.215781899432216
36810,-20.78935512491058,-42.2696089938176
36815,-20.727591159958763,-42.2807341920423
36820,-20.61016332891385,-42.144968277044995
36828,-20.5057246201565,-42.2051023322919
36830,-20.649931279573234,-41.909010825489005
36832,-20.69700562881204,-41.92344674316553
36834,-20.52388197088164,-41.906844426450675
36840,-20.80574270201572,-42.012488478022746
36844,-20.908547279767458,-42.02776453173493
36846,-20.033950506742066,-44.140308464516714
36847,-20.831824821179865,-42.15632281223417
36850,-21.017740240715185,-42.110876415743405
36855,-21.09769132003481,-42.18451069903082
36860,-21.153029795406837,-42.21407782857381
36870,-21.24328126454653,-42.23591325
36873,-23.5433655,-46.889442
36876,-21.23701663907592,-42.30685711653731
36878,-20.98002643439852,-42.50928442885724
36880,-21.13219922327181,-42.366462330633006
36881,-21.13639070107913,-42.36082574049283
36883,-21.137188005721782,-42.37377563709522
36884,-21.129982121716445,-42.37922474743205
36886,-21.135831589924123,-42.39941124430466
36887,-21.127861829538965,-42.40068511373546
36888,-21.124331927001005,-42.38539927116395
36889,-21.12864436072196,-42.35527894310116
36891,-21.58189794691236,-42.74137615768182
36892,-19.95506924124728,-43.943871774301655
36893,-20.890555281734297,-42.34431752203118
36895,-20.864684121348173,-42.24402521137048
36900,-20.25623687010066,-42.03403581642623
36905,-20.247559954774264,-42.15013949952901
36906,-20.198347175609236,-42.18650875242051
36908,-20.098660572281652,-42.15345019762578
36910,-20.38372936166723,-42.252158679099004
36913,-20.384401204187352,-42.25097058959659
36915,-15.332670259992055,-40.26754113417278
36918,-20.39275089406833,-42.15145106910245
36920,-20.24484549763112,-41.98382839766487
36923,-20.439748924648413,-42.10258040349917
36925,-20.172564610104534,-42.271187514677635
36930,-20.12270221864182,-42.00260571340163
36935,-19.92284822946924,-41.92015188932433
36940,-20.107107368463243,-41.92494008693862
36947,-19.93300201793663,-41.69344462349187
36950,-19.800194566086237,-41.71494846833339
36953,-19.764658906678555,-41.61351732751964
36955,-19.818774118433097,-41.4396926393881
36958,-19.89264116323705,-41.369244425650216
36960,-19.61920406724011,-41.63545794388735
36970,-20.357186484543405,-41.958325753291305
36972,-20.25840316217065,-41.87697940651158
36974,-20.203245839951812,-41.79702429352173
36976,-20.427258020194227,-41.96433148821466
36979,-20.44263182011921,-41.86868613395807
36980,-20.15183742993768,-41.62131006920794
36985,-20.043098140040883,-41.69200221561003
36990,-20.00520139640972,-41.74701842631084
37002,-21.55573230879283,-45.43761211871268
37004,-21.56107228796411,-45.43291617775222
37006,-21.56578212292343,-45.437668898992925
37007,-21.539810178963734,-45.42600427106217
37010,-21.559079895182954,-45.44557392132518
37011,-21.581415,-45.43381281897844
37012,-21.567528075125658,-45.44899107952662
37014,-21.55038121735248,-45.44603034857369
37018,-21.547556912474327,-45.43723751339635
37022,-21.55074637001234,-45.42723381789986
37026,-21.574376553839866,-45.4414536496414
37030,-21.54185926554589,-45.449011758897264
37031,-21.558279883103197,-45.46213716560386
37034,-21.54525947988368,-45.45574617267798
37036,-21.53119194321612,-45.45211840493241
37038,-21.538614132931336,-45.44658705158943
37044,-21.55606799184998,-45.42230334289771
37045,-21.55586699094309,-45.41720969583382
37048,-21.569092119462496,-45.41985292446513
37056,-21.573969916671327,-45.42398927262915
37060,-21.58206617473084,-45.42098857951782
37062,-21.58585105097135,-45.43804307824927
37064,-21.587240598465485,-45.43221599999998
37066,-21.598379890115957,-45.430923520674455
37068,-21.58246138871856,-45.43616511166155
37070,-21.592848704557298,-45.447304475728465
37072,-21.59037403416176,-45.45244792422132
37074,-21.591449999999952,-45.4435584314057
37077,-21.585019499999994,-45.45590780414274
37110,-21.608833656474275,-45.56643601699259
37115,-21.325579083197596,-46.36814511017097
37120,-21.549823068597988,-45.73481932629849
37130,-21.4282310183616,-45.946873410201576
37131,-21.435492367980327,-45.94315604868965
37132,-21.439047309923744,-45.951645754010414
37133,-21.43004079076943,-45.962864138281745
37134,-21.508577988414192,-46.198430325378
37135,-21.422353181576746,-45.96393569359593
37136,-21.412364317334735,-45.95880283564954
37137,-21.412399456461607,-45.948232424259885
37138,-21.409021079613495,-45.82936652348333
37140,-21.359018871755023,-46.14470984328276
37142,-21.510052441187778,-46.1963366640179
37143,-21.548245023717183,-46.0474305759808
37144,-21.408821874982223,-45.83000689840135
37145,-21.256242639995115,-46.145349407820305
37147,-19.95197750180745,-44.185781035853935
37148,-21.09639695619853,-46.20409424999999
37150,-20.971455389987625,-46.12122572574439
37160,-21.236352188696756,-45.75961214618093
37163,-21.3718216419811,-45.77491646491953
37165,-21.10972978482283,-45.83060171622401
37170,-21.095928535892686,-45.55994016071339
37175,-20.940347636457616,-45.82696971616617
37177,-20.762602743139333,-45.91813552565837
37190,-21.369244534495657,-45.51333121888784
37195,-21.25108256088036,-45.50618612393568
37200,-21.245142431166006,-44.998274993825376
37205,-21.175418219569263,-44.92772546799792
37210,-21.316918160357904,-44.87106285135253
37212,-21.28239778305337,-44.761997878394
37215,-21.4026901997488,-44.9208272780494
37218,-21.17418973197165,-44.9243216400803
37220,-21.034022896600828,-44.757184453819605
37223,-21.152682,-44.74863871145376
37225,-21.46104545265812,-45.2208611433666
37235,-21.190404109766153,-45.439381543489176
37240,-21.511037943831976,-44.90307223556167
37245,-21.489705,-44.64309815658369
37250,-21.23555176445288,-45.23541568612623
37260,-21.0966668410413,-45.08893231645084
37262,-20.9455895772235,-44.91979432509579
37264,-21.185574373539755,-45.0598347450844
37267,-21.0205485,-45.18190354156349
37270,-20.893815359218014,-45.276703133573314
37273,-20.942330153198178,-45.38649424681809
37275,-20.875611176549395,-45.517369555471255
37278,-20.901599915277398,-45.12837164163362
37280,-20.77217790325703,-45.2743965089401
37300,-21.740274,-44.31060998169415
37305,-21.48222607734339,-44.33180238449013
37310,-21.948997156046385,-44.18893341044715
37315,-21.98706775340951,-44.03259788800993
37330,-22.20810706593252,-44.23486665319022
37340,-22.170314363886536,-44.39639695170056
37350,-22.02720678340487,-44.31998400618552
37360,-21.91602460748191,-44.254998839881296
37370,-21.70253925233072,-44.44449999999995
37400,-21.83425622559985,-45.40137544362004
37405,-21.75799999999998,-45.54212194584337
37407,-21.585809012405488,-45.07163549619791
37408,-21.72284390306569,-44.98333471187796
37410,-21.69448512017128,-45.25794378743439
37411,-21.695052767172506,-45.25879255913416
37412,-21.680473267270777,-45.247992457778366
37413,-21.68525157647652,-45.23752879682583
37414,-21.70104795185307,-45.25617021206836
37415,-21.70323025637644,-45.2635673287696
37416,-21.71969833925545,-45.26616418878966
37417,-21.68883425549465,-45.2642165001502
37418,-21.667656457495003,-45.28112479093
37420,-21.854505508958752,-45.29602623727354
37430,-21.881650615124567,-45.0873765
37440,-21.979850938637068,-44.93193656270808
37443,-21.958821165081865,-44.89014442513931
37445,-21.83829793406487,-44.80989995599917
37447,-21.68196633642923,-44.59912068316466
37450,-21.977712165743313,-44.60548721188876
37452,-21.88970488483566,-44.50945818754788
37454,-21.90906873748876,-44.51981248872857
37456,-22.00162886486115,-44.46194775697594
37458,-22.171826060160004,-44.64243944658293
37460,-22.38852599999999,-44.96712748339958
37464,-22.29752965149048,-44.93728287919368
37465,-22.33271527718057,-45.09239707719222
37466,-22.282797870613244,-44.870312248434175
37467,-22.217169344987628,-44.97770123824733
37468,-22.196959081861632,-44.97342943162587
37469,-22.24865283403118,-44.934739528345474
37470,-22.11780668247216,-45.05507923345497
37472,-22.12187069509332,-45.129373094225
37474,-22.25417961055652,-45.16035387109351
37476,-22.21078880097426,-45.26308771008681
37478,-22.058999210453415,-45.04381889984974
37480,-21.974089326362297,-45.34936446489325
37484,-22.06652853603571,-45.54222118127463
37485,-21.999493337678345,-45.288980981449214
37488,-22.069493246206147,-45.262255146345
37490,-21.892295943841503,-45.59198767001079
37496,-21.877770964404817,-45.78941824137749
37498,-21.79136631806508,-45.70009516692295
37500,-22.420235286584315,-45.45352719196871
37501,-22.42761638161801,-45.443799827887034
37502,-22.43502136703333,-45.455342180995515
37503,-22.44024383152261,-45.47035536415216
37504,-22.42933083915672,-45.47222434640318
37505,-22.42031496425825,-45.465282356261206
37508,-22.402776933967566,-45.53644930174388
37510,-22.329075295756752,-45.52703352155894
37511,-22.529116071126776,-45.49614999999994
37512,-22.533814274238296,-45.36122352250303
37514,-22.50670131854867,-45.28042938717947
37516,-22.44833906161997,-45.16386654282394
37517,-22.308376792710277,-45.3739122891593
37520,-22.246188867032117,-45.46587764816006
37524,-22.118750244473766,-45.51255578457765
37527,-22.159860491226624,-45.454925004901
37530,-22.474033905161253,-45.61565612095227
37535,-22.581859864101983,-45.63503925651919
37540,-22.24757876689365,-45.70580649277439
37542,-22.463404457385714,-46.01734646585105
37545,-22.355992029892374,-45.77918624237953
37546,-22.38683968354417,-45.88531276151623
37548,-22.414231514140567,-45.79709694620142
37550,-22.232290305857287,-45.934230913273694
37551,-22.228303635291624,-45.94486472457167
37552,-22.22044619572871,-45.93798769306143
37553,-22.22198654612982,-45.92913988429861
37554,-22.224261489373294,-45.9225660226506
37555,-22.212511751070615,-45.90975123799701
37556,-22.23956135842177,-45.86581489245452
37557,-22.259206593914,-45.92646294158101
37558,-22.251319914251773,-45.93132352983766
37559,-22.10319725435709,-46.18315717624304
37560,-22.27854222669623,-45.920692427595874
37561,-22.2861969142985,-45.9120886096829
37563,-22.370747021979263,-46.09729298236353
37564,-22.27231000494808,-46.16574284372653
37566,-22.04597388669893,-45.95245171003296
37567,-22.160955332291454,-45.75628670542757
37568,-21.934393651129017,-45.9263801644232
37570,-22.28062850743691,-46.37052039497984
37572,-22.245761186917694,-46.409876482728485
37576,-22.31833912293547,-46.328225141173725
37578,-22.44151844507607,-46.34933438333864
37580,-22.431010062149536,-46.57315634253028
37582,-22.043058094229742,-45.69782624999999
37584,-22.15182621397245,-46.039438003454805
37586,-22.1629046030619,-46.17880682973035
37588,-22.09924759304525,-46.19075402250269
37589,-22.02761747204454,-45.83540894703065
37590,-22.28784145799569,-46.61398001377728
37596,-22.201049356150374,-46.615318623494396
37600,-22.61177067289663,-46.05759546811932
37605,-22.63068107590759,-46.01873000798144
37610,-22.47081669855649,-46.146165659065716
37615,-22.586734262448985,-46.176858677118105
37620,-22.613964874025022,-46.362050440171515
37630,-22.742941968411465,-46.37368008200598
37640,-22.85549132461224,-46.319472
37650,-22.754789486324828,-46.13990303459445
37652,-22.707410124912013,-46.03526215592884
37653,-22.858040775193498,-46.0302749870184
37655,-22.768295242129188,-46.22244045210415
37660,-22.551161992103744,-45.77872531544595
37670,-22.551629062472728,-45.920675813018015
37680,-22.659176939766738,-45.855910762319894
37690,-22.749283506860216,-45.74331539070917
37701,-21.788337104114525,-46.56558582428887
37702,-21.787566634447497,-46.53920693775942
37703,-21.790281454425937,-46.537615386345145
37704,-21.79222210788528,-46.55125662549781
37705,-21.8075715,-46.54456771964371
37706,-21.84566586507617,-46.56275581632215
37709,-21.80027437375786,-46.515580266742745
37710,-21.80500273271464,-46.514164698695545
37713,-21.83187471961212,-46.559646025340925
37714,-21.79853634217265,-46.60091020743844
37716,-21.795974356281903,-46.59043212191257
37718,-21.88129040399997,-46.61625499999997
37720,-21.647836593897534,-46.395652273268496
37723,-21.59559560654441,-46.31963335075172
37725,-21.63817729586017,-46.51674992390596
37730,-21.711975873535252,-46.24591725219024
37740,-21.72920349988201,-46.386058256319046
37750,-21.680342245482937,-45.921468398282826
37757,-21.780995276740253,-45.96728005211723
37760,-21.77811290474336,-45.84351177954179
37775,-22.02992190544047,-46.33378140840433
37780,-21.923525568623283,-46.38694602736802
37785,-23.48969958286769,-46.63742569967381
37790,-22.065038114894726,-46.44054406186747
37795,-22.0711012081317,-46.57230996498038
37800,-21.306169338934538,-46.71389697968051
37805,-21.253392000000005,-46.57795763840745
37810,-21.30312849821404,-46.79446326634142
37815,-19.321724888523093,-48.92200810636418
37820,-21.36383175904155,-46.93956124012696
37855,-21.13092476128972,-46.61933971527273
37860,-21.123115449356018,-46.42322136656484
37865,-21.011184089027143,-46.401661931992585
37880,-21.473786241245513,-46.39598408256525
37890,-21.3682669640626,-46.52423987024633
37900,-20.720246178139476,-46.60574857249709
37901,-20.732327344751795,-46.5983040103292
37902,-20.72998555675001,-46.61463242002715
37903,-20.71464771944629,-46.62629146683844
37904,-20.706791972837387,-46.61748263405382
37905,-20.84887047916959,-46.71275101912931
37910,-20.345767867627128,-46.85085293072127
37920,-20.635904691062382,-46.50620697416831
37922,-20.33007996004475,-46.371262872347685
37925,-20.470453242034303,-45.96142016016904
37926,-20.290540444965416,-45.90182104129671
37927,-20.345743643988364,-46.48387672787423
37928,-20.247855991042805,-46.36687475142182
37930,-20.615201755764204,-46.04764577695351
37940,-20.861920051712985,-46.38751751210383
37945,-20.718752279487987,-46.317933439336784
37948,-21.018415942652933,-46.51757862015063
37950,-20.915319034807105,-46.984692740273104
37952,-20.91576448798051,-47.15619833263436
37955,-21.07993606247952,-47.04460402855617
37958,-21.18727713864201,-46.976515421635206
37960,-20.781470240806357,-47.09841255003029
37965,-21.019280293942074,-46.742854209680736
37968,-21.19041308098975,-46.97623988325513
37970,-20.744539632034275,-46.86050790666092
37973,-21.079480535953675,-47.048494497923414
37975,-20.74428957756417,-46.75100706558504
37980,-20.582198408582105,-46.92311266883069
37990,-20.463374748684004,-47.125359364684826
37993,-20.61957751199743,-47.05728024263095
37997,-20.401775999999998,-47.28560999637455
38010,-19.748034834380746,-47.93631867538386
38015,-19.748489882071922,-47.92650251684509
38017,-19.740232159948203,-47.92503750360666
38020,-19.76093547377229,-47.94656597691586
38022,-19.758821265955604,-47.93968152295908
38025,-19.757042259887555,-47.93066607922175
38026,-19.760711212769962,-47.92126938245295
38030,-19.76773964152048,-47.93250345375286
38031,-19.77180089657243,-47.92759574049282
38035,-19.762621747373412,-47.89998516038173
38036,-19.768700691790507,-47.91491123577529
38037,-19.77913454746377,-47.91138749999999
38038,-19.77858316806278,-47.8949415411424
38040,-19.776431367476448,-47.93863896829015
38041,-19.786623663338894,-47.92551150666511
38045,-19.7738631684154,-47.95591745954758
38046,-19.7682699708581,-47.99752460139173
38048,-19.77017869736389,-47.9448463775378
38050,-19.75815564089598,-47.95564457576896
38051,-19.75790837421704,-47.9877784890798
38055,-19.751149417518953,-47.967367409118395
38056,-19.73480515280255,-47.98756467346644
38057,-19.73767706383806,-47.9662579985429
38060,-19.745255545934555,-47.94542803848968
38061,-19.74514353289282,-47.95521229294824
38064,-19.70536861954376,-47.967851863491205
38065,-19.7400841290611,-47.9365373104563
38066,-19.733433307245072,-47.94404928316695
38067,-19.728556170491768,-47.93561292694115
38070,-19.731044422960803,-47.923243216609904
38071,-19.722610934533684,-47.916404636202344
38072,-19.731849841101376,-47.914476942043436
38073,-19.73504428615325,-47.890232004536784
38080,-19.741703343326204,-47.915650581741566
38081,-19.751826429465513,-47.91187685345034
38082,-19.748190132667773,-47.89753402693879
38106,-19.699189877179098,-47.651264545365414
38108,-19.975910458820945,-47.777068983881904
38110,-20.057146006777533,-48.108200434494805
38120,-19.92141441664912,-48.38017855274416
38130,-19.76111488336186,-48.5733998375203
38140,-19.305571692039514,-48.92312547818204
38150,-19.668361573569378,-48.3089373371958
38160,-19.169527750453334,-47.67705975448232
38170,-19.350740455244825,-47.29595045600796
38175,-19.311592934660943,-47.530101864447175
38178,-19.228146106751392,-47.46441501224078
38180,-19.583324241903753,-46.95058184481617
38181,-19.575403947862945,-46.9320191045574
38182,-19.6043210129155,-46.925993308127424
38183,-19.59402708756816,-46.93707609574596
38184,-19.602601639452274,-46.94451565631563
38185,-19.926284513567737,-46.82393750094758
38190,-19.870433504683803,-47.443161043170186
38195,-19.93657568282009,-47.5444618568659
38198,-19.858527550498707,-47.58341959254376
38200,-20.02687716731993,-48.93246450185934
38205,-18.867062763128185,-48.264116980102976
38210,-19.90830815363434,-48.70193298073858
38220,-20.13975091078232,-48.70378039877971
38230,-20.27965488526202,-49.20293852175597
38240,-19.90265526950914,-49.36720949916603
38250,-19.69429435144864,-49.08339527128402
38260,-19.862428541697433,-49.770686067023526
38270,-19.53586511137339,-49.48627264040741
38272,-19.561504219668922,-50.01607331369049
38280,-19.729109711242682,-50.19478964371103
38282,-19.697096742313406,-50.456078526882095
38288,-19.52842621710857,-50.332975776383975
38290,-19.69875634262449,-50.68444891340087
38292,-22.597053096871047,-50.91099127462989
38294,-19.90515209124019,-50.72601204025671
38295,-19.55052759613461,-50.57845723110499
38300,-18.9756300410423,-49.463576826746596
38301,-18.95547211180478,-49.45869101295706
38302,-18.96812680168449,-49.44985060364198
38303,-18.985053271118424,-49.438523449294266
38304,-18.990293579249823,-49.45111762365793
38305,-19.00184843006645,-49.4808301066398
38307,-18.977229438921647,-49.480276559797645
38308,-18.962010321352032,-49.48287358082882
38310,-19.21325266941982,-49.78514306321357
38320,-18.846920244073942,-50.12605265873201
38325,-19.04329047203457,-50.48805214021181
38328,-19.04039447571156,-50.490754864157616
38350,-18.69259687643502,-49.94351436048602
38360,-18.6842603143666,-49.57330111140334
38370,-18.516935103531825,-49.50091516012344
38380,-18.724376376758993,-49.201920902155564
38390,-18.58468282147575,-49.20082324335658
38400,-18.914661100756494,-48.27795956924808
38401,-18.892844968088127,-48.29007902207278
38402,-18.87411320666117,-48.27166819341113
38405,-18.891656357385926,-48.25054407477981
38406,-18.878305159587985,-48.22861603719198
38407,-18.91367012090683,-48.19038864570224
38408,-18.92412558767655,-48.2490225
38409,-18.9265897880202,-48.214425955636784
38410,-18.95457692146108,-48.236806762767614
38411,-18.94186769608748,-48.27861123990978
38412,-18.94813868929247,-48.3085861520679
38413,-18.931506131364607,-48.31508479802345
38414,-18.917140499999995,-48.33115456134222
38415,-18.898322160006344,-48.33045350214958
38420,-18.869461105951174,-48.879007682687885
38421,-18.98484192108229,-48.372354090971086
38425,-18.98081420239545,-48.270314362614684
38430,-18.596797210060444,-48.69755769867194
38433,-18.89880063099997,-48.15751402999996
38435,-18.43297277245528,-49.1851022828129
38439,-18.947673738116595,-48.17591170124266
38440,-18.651529639281804,-48.19262151872806
38441,-18.65880310820072,-48.20888068961569
38442,-18.646009716044883,-48.20600624270037
38443,-18.635756934533305,-48.204729740223144
38444,-18.63089268666775,-48.18971155449008
38445,-18.643889619347068,-48.17656127432211
38446,-18.66059168365936,-48.18145071461019
38447,-18.6649382918184,-48.1893123555062
38455,-18.53401304549487,-48.19629512032545
38460,-18.58165114966776,-47.87546953310772
38465,-18.43369778756824,-49.18559324665354
38470,-18.498071993537017,-47.72299121113645
38475,-18.867743376028283,-48.87879545523372
38480,-18.595702154614447,-48.69874068358402
38490,-19.0359465666108,-47.918645213443526
38500,-18.72973174221029,-47.4977726744983
38510,-18.985868837317547,-47.46261724043789
38520,-18.883860325583026,-47.58657725445716
38525,-18.742631879140802,-47.69216949760876
38530,-18.43236127913278,-47.60836882195324
38540,-18.48328959661473,-47.40455706431309
38550,-18.476064051855804,-47.19788039080274
38570,-17.76994568975491,-47.09749875028896
38600,-17.223383487634123,-46.87515928167133
38602,-17.225620668849547,-46.88239989219344
38603,-17.231575898986037,-46.880587301577805
38606,-17.23103773506827,-46.86460344337161
38607,-17.224678808024205,-46.85725433896159
38610,-16.36223430307964,-46.89793442540514
38625,-16.02958266006166,-47.08836596591803
38630,-16.060394972939637,-46.254589934702494
38640,-16.22103021993822,-45.99906395561164
38649,-16.125026848732347,-45.74044867590189
38650,-16.56589930418054,-45.98790645890594
38654,-16.650907217474966,-46.26958949999998
38658,-16.505799800644233,-46.49502507506218
38660,-15.625677464617512,-46.4238802758756
38665,-15.214249489419505,-46.81573874501741
38680,-15.912649548537917,-46.106104138674354
38689,-15.298975124911456,-45.625916263566495
38690,-14.950018019680662,-46.23484023080236
38700,-18.595263860700364,-46.51812630102346
38701,-18.57752574608208,-46.52394749440882
38702,-18.57468055868121,-46.51242832727152
38703,-18.5779391102078,-46.49689171874811
38705,-18.594270888951584,-46.50120395362445
38706,-18.618073654997882,-46.506628233926975
38711,-18.833076670719628,-46.5947954062283
38717,-19.173987856445187,-45.4183444419519
38720,-18.775293187200717,-46.404575106136974
38730,-18.845590536903252,-46.794921095081705
38735,-18.94659200923283,-46.672751394559654
38738,-21.8513394321701,-50.71456121963189
38740,-18.9451215969746,-46.99266168646558
38741,-18.967955720632425,-46.99992764850728
38742,-18.935941776314767,-47.00251220287268
38743,-18.929033684430014,-47.00005462191124
38744,-18.93602677230114,-46.986844211144074
38745,-18.9235310477594,-46.96111023487572
38747,-18.943084124533875,-46.984816249697246
38748,-18.960641362230216,-46.99292099356854
38749,-18.83711802813843,-46.82546472179877
38750,-18.4162945521178,-46.4188059726787
38755,-17.83900113011589,-46.51703580294276
38760,-19.11143930356236,-46.68341187706185
38770,-17.741705993223512,-46.176473402094274
38772,-17.595444268014692,-45.8898463950928
38773,-17.397342729128454,-45.83305713136417
38775,-17.64147689316711,-45.826078153137786
38776,-16.687555451153365,-49.26436585936562
38779,-17.001610933414863,-46.011009264664274
38780,-17.99022173858628,-46.90487461308581
38785,-18.178237573639308,-46.80780402378421
38790,-18.341614483283557,-45.83475304068155
38794,-18.380492898828255,-46.030985847061714
38800,-19.31414865345894,-46.0500081726925
38803,-19.36832999999996,-46.12193999999994
38805,-19.52769304530809,-45.96691639857888
38810,-19.195479737907803,-46.2418807462577
38819,-19.67698928194328,-51.18893748495198
38840,-18.999828787178387,-46.31224459303536
38845,-18.859846558535104,-46.08601653448676
38860,-19.0361210824419,-46.15459649999999
38870,-19.22248642895372,-45.9695654623422
38880,-19.0053741812611,-45.96348283549845
38900,-20.01503654537724,-45.97645674607984
38910,-20.176287319838853,-45.70730724732292
38930,-19.99646648421225,-46.22028064453716
38950,-19.483697470481594,-46.545746029409614
38960,-19.752708524950023,-46.384118874994925
38970,-19.697362516563242,-46.16945075916033
38980,-19.88835704045113,-46.02016623842118
38990,-19.824413580412084,-45.904624232507935
39100,-18.243125849147305,-43.60120899276373
39110,-18.088435113703,-43.74227171953283
39112,-17.811325174951268,-43.42191010809737
39113,-17.69554675906169,-43.33176749351486
39120,-18.45657738415641,-43.74119642918796
39130,-18.446862473252708,-43.658729077747765
39135,-18.616967583713475,-43.5643510738919
39140,-18.72848468591332,-43.36402585417403
39150,-18.60501915058283,-43.383562874999996
39153,-18.4217619970472,-43.49513066653356
39155,-18.4732683801327,-43.49794665682987
39160,-18.464944341109323,-43.30600386808361
39165,-18.36200998692628,-43.16926223572634
39170,-18.293233499999992,-43.009418428245816
39175,-21.358676506270264,-46.150542635850535
39180,-18.078746529752017,-43.247254796492335
39185,-18.005194153802403,-43.38037727607631
39188,-18.071577336672668,-43.47196582665465
39190,-17.948014863110757,-43.22253628426071
39200,-18.36601172915622,-44.45599160717593
39205,-18.207249269584704,-45.226806445886666
39207,-18.25622999999996,-45.06661999999994
39210,-18.296839308174945,-44.22161728886746
39215,-18.322883263602016,-44.118106817875756
39219,-18.10905056112616,-44.257861530744094
39220,-18.109248879978523,-44.25860570104038
39230,-17.87346271993345,-44.17590392034824
39237,-18.75576097806514,-44.90133599135672
39238,-18.71128359784847,-45.15352142232712
39240,-17.757606849164247,-44.17044942420617
39243,-18.732431504369792,-44.360766785612384
39245,-18.637370117585384,-44.05966547370048
39248,-18.544338064545762,-44.60308392529306
39250,-17.88544422682834,-44.578628062844736
39260,-17.597448547660683,-44.73541661069351
39265,-19.86403176919016,-43.90641396167352
39270,-17.342584610427647,-44.934996269105284
39280,-17.362410750011627,-44.966068112161786
39290,-16.366735592190835,-45.07116107849313
39295,-16.693290929879907,-45.414170798504145
39300,-15.953984735264754,-44.86132160070769
39314,-15.299718055351102,-45.62622228640258
39315,-16.125259113111177,-45.740004467757515
39317,-16.052133690294347,-45.14650509224687
39318,-16.219415182842198,-44.90448089832967
39320,-16.28744437134594,-44.782994520166966
39325,-16.374894438486837,-45.01540335193893
39328,-16.631522109492355,-45.06408990899643
39330,-16.21254706157478,-44.431117789320695
39335,-15.998634870978734,-44.275799082671455
39336,-16.120936084158487,-44.58448996415155
39338,-16.505685093826923,-44.81174047985401
39340,-16.688783137592846,-44.35929494311565
39344,-16.498652362928713,-44.26094480793312
39347,-16.408132897676698,-44.21771746392958
39350,-16.857541336988504,-44.908518027193
39355,-16.85307341975188,-44.346987842686374
39360,-16.982516541919793,-44.57935443055107
39363,-17.285272543444197,-43.95014690553683
39365,-16.533301895827435,-44.53069298885645
39370,-17.231551999077375,-44.43989691517159
39373,-16.255974931990057,-44.163185510894564
39378,-16.08033275489652,-44.08134909531705
39380,-17.079440023639034,-44.20756880976103
39385,-19.263841118490497,-45.246960041676445
39387,-17.313962704779307,-44.232684500009604
39390,-17.11324746673735,-43.815565301221476
39397,-17.01356182734598,-43.67028171987098
39398,-17.400342307551718,-43.57128414982227
39400,-16.722788783513188,-43.863532010083105
39401,-16.725901149042073,-43.87530837802235
39402,-16.74079534274221,-43.847661509305155
39403,-16.754575329431702,-43.874590788230726
39404,-16.699439333897942,-43.83384380942548
39405,-16.709498701390743,-43.848189101516844
39406,-16.72336838336428,-43.827896213319306
39407,-16.732033604008144,-43.8625327650757
39408,-16.727968149390698,-43.88934690309635
39414,-19.683848123684683,-43.90663314436578
39416,-16.45148999999995,-43.82175999999996
39417,-17.28546138225056,-43.950264425291515
39425,-16.080358372924447,-44.08046043251935
39430,-15.930323437923906,-44.00648457943642
39437,-15.904438378899242,-44.30206809458916
39440,-15.806915063995715,-43.30875468619875
39442,-15.801364627965574,-43.30962069141104
39445,-15.812441488422747,-43.3081200673778
39447,-15.821130000563931,-43.30068911226242
39450,-15.703666212116696,-44.028401674064
39455,-15.667008374112736,-44.16536959873875
39458,-15.591428462452267,-43.60925321627706
39460,-14.755301958433925,-43.93554853882624
39465,-14.749446454070547,-44.41005510809293
39467,-14.267725765235449,-44.16069661866804
39470,-15.09840065390974,-44.09576659641437
39472,-16.32442112192814,-43.71191601152445
39473,-16.041441761302057,-43.55417110170873
39475,-14.88151648731301,-44.08730339626781
39478,-14.853825789543604,-43.9190203611938
39480,-15.483949557114055,-44.36644999191485
39489,-15.29882458025418,-44.41347427867559
39490,-15.32307294670649,-44.75806331155997
39492,-15.606808740695916,-44.38965488109601
39495,-14.422985094250768,-44.369295514758576
39497,-14.519815502077474,-44.39484575160132
39500,-15.151617946960698,-42.871045723724876
39505,-15.082882908450127,-43.11832683236032
39508,-15.34429943558579,-43.6707392774358
39510,-14.924518854403793,-42.81358898941757
39516,-15.0479955,-42.95245875140275
39517,-15.53217129215365,-43.06734744893155
39518,-15.808887664888244,-42.87166666184085
39520,-15.7434217275999,-43.02864686193048
39523,-15.654885136831275,-43.0654077786274
39525,-15.803413804009258,-43.30125488587651
39526,-15.36312069308253,-42.961740260761786
39527,-15.395163994536766,-42.86006252447727
39529,-16.003715955114565,-43.04622107481601
39530,-15.616756630190824,-42.5423058796585
39535,-15.40304906434246,-42.308161110994966
39536,-15.493787735999144,-42.198182897928255
39538,-15.341817309804904,-42.62282819183612
39540,-15.314567737040411,-42.0188438044209
39547,-15.17063023996429,-42.49963329392081
39550,-15.811349999999948,-42.22785528627628
39553,-15.319942789700947,-41.75370238325768
39555,-15.610328685176807,-41.74071681095393
39558,-16.115102418286803,-42.52983359513744
39560,-16.166649915198363,-42.29258160479441
39563,-16.095435296676666,-41.747853935173886
39565,-16.405414429784766,-42.26187483211254
39568,-16.0159802287865,-42.40997217467597
39569,-15.9367253650353,-41.85586275413029
39570,-16.56278832585462,-42.89349427102282
39573,-16.36426320420846,-42.516066563471256
39575,-16.545353804543918,-42.51714942483855
39580,-16.478233227429342,-43.491913118787615
39585,-16.240050839893893,-43.274954855461424
39590,-16.844388901670477,-43.58812029232311
39592,-16.850553853243937,-43.69726387355158
39594,-17.0647264962491,-43.31314306555902
39596,-16.863524699250828,-43.00927183013871
39597,-0.9331793302279578,-48.2798854881097
39598,-16.719613427083516,-42.86567710815813
39600,-16.849363068358524,-42.0636927592113
39602,-17.007993060235936,-42.07393082936301
39610,-16.60619273259387,-41.771695261384
39615,-16.75222644349836,-41.50581349942907
39620,-16.226156654547143,-41.47848080308121
39623,-19.89323733483254,-43.9863046834627
39625,-16.560153052651792,-41.50196758590033
39628,-16.29680642807721,-41.7944877248604
39629,-16.192079815993335,-41.72616772679282
39630,-16.80475821553717,-42.34065306855254
39635,-16.61617456636803,-42.18439287352333
39640,-16.949934770744672,-42.464180067939886
39642,-16.907703154443368,-42.60506330439833
39644,-16.99302813122883,-42.3487537939768
39645,-17.083662812948383,-42.25787211885667
39648,-17.09209834630749,-42.54056026465743
39650,-17.221134958659192,-42.58941076176692
39655,-17.081247296241973,-42.69379749802303
39660,-17.28622779069538,-42.73051894832821
39662,-17.257499999999936,-43.04360999999994
39663,-17.396938045153725,-42.735495027477484
39664,-21.77059918122806,-43.35523022384441
39665,-17.531266086335084,-43.01399657392245
39670,-17.8612106888297,-42.86332679458414
39678,-17.869683937947237,-42.55625000188803
39680,-17.69550929153258,-42.51760068937903
39685,-17.729188024605328,-42.26986485570727
39688,-17.600452985209778,-42.16243781845735
39690,-17.84600196564932,-42.07911610190134
39695,-17.959405894670684,-42.00811470905325
39700,-18.546345169285605,-42.56138178207893
39703,-18.530465962923866,-42.623463337398476
39704,-19.64888346864548,-42.81420074420565
39705,-18.54878530265364,-42.76614509214785
39706,-18.623382786385086,-46.508873582797726
39707,-18.277902566495285,-42.672221211036806
39708,-18.16743041303128,-42.76619257187633
39710,-18.61900903420878,-42.28202177428124
39711,-19.93140931185132,-41.6919104306997
39715,-18.475350877787545,-42.30992137861601
39716,-18.474657368586048,-42.30815461919688
39718,-18.45586479677623,-42.24815168027151
39720,-18.82382937474121,-42.47908138447603
39723,-18.846154784963574,-42.290051701815635
39725,-18.828365420841592,-42.43926208587312
39728,-18.78167379189173,-42.36700436449263
39730,-18.81709305860163,-42.704529208670486
39735,-18.803350016731585,-42.61478489000657
39740,-18.77539291652262,-42.93356442030051
39741,-18.679290760385072,-42.77599848360566
39742,-18.84700957956757,-42.7759398551249
39745,-18.89588031766676,-43.08300241818513
39750,-18.66763012937907,-43.08270984615092
39755,-18.47329999999993,-43.06021304118754
39765,-18.429823364159045,-42.86849981536016
39770,-18.23093083964575,-42.84015549913288
39775,-18.221838233443183,-42.49921794714624
39780,-18.189062835028867,-42.418720586087275
39784,-18.36411728315405,-42.60060459611605
39785,-18.324988172609267,-42.144961360960934
39790,-17.99182415260308,-42.391091735466006
39795,-18.08894763482455,-42.57043803204768
39800,-17.858437273199335,-41.508818027593335
39801,-17.856688307585618,-41.496476065752375
39802,-17.871294614151758,-41.50120101505777
39803,-17.874921282387426,-41.5081946064265
39804,-17.85795969375139,-41.517415847102924
39807,-21.78173269802345,-43.34156348996783
39809,-18.90519768554154,-42.74701769927578
39810,-17.187299524037442,-41.697360852079285
39812,-9.290888362386307,-44.95442285575326
39813,-17.15821115326508,-41.56501492377995
39814,-17.43036636372762,-41.000343106589256
39815,-17.400536182995133,-41.66901814617776
39816,-17.30129715715581,-41.51784469077438
39817,-17.413363894229388,-41.21984572597314
39818,-17.07476924669199,-41.48594184068446
39820,-17.465833268938876,-41.88024805829514
39823,-17.275828583692395,-42.014991706917755
39825,-17.62810445438342,-41.739315669091134
39826,-17.679719999999975,-41.87638999999996
39827,-17.80542184284593,-41.78675150919591
39830,-18.03398894889564,-41.67718681398482
39835,-18.24065486836413,-41.72780713769945
39837,-18.461309435480718,-41.80696042761582
39840,-18.072755865865354,-41.49102789280846
39848,-18.48063910107323,-41.38671207518129
39850,-18.04592345644731,-41.11125724785832
39855,-18.06963380572212,-41.27244005955116
39860,-17.843431422165366,-40.346499401064676
39862,-17.978278258326604,-40.75931831805347
39864,-17.702884967589316,-40.76631974374772
39865,-17.699380705106453,-40.765842629177335
39866,-17.909999999999968,-41.01360999999997
39868,-17.78633868600913,-40.24510275149744
39870,-16.89093242696113,-40.92480751717233
39873,-17.07673315474564,-40.718294404898685
39874,-16.937944066654975,-40.684585356330615
39875,-17.059035191113306,-40.57227764534562
39878,-17.255378403070466,-40.571998832088944
39880,-17.08308899568219,-40.93625829259682
39885,-17.241094104983596,-40.9158502936864
39888,-19.76161013169393,-43.84992224558569
39890,-16.658716799524324,-41.025754618867616
39893,-16.86780230484581,-41.25545104178269
39895,-16.640990714469623,-40.760076575604735
39900,-16.176891652872992,-40.69409457820555
39912,-15.72211590833714,-41.00126271170292
39915,-15.687604265125836,-40.73975040908559
39917,-15.885494712031488,-40.56248400568465
39920,-15.897366176201949,-40.18181818980215
39923,-22.675085923036214,-46.11752715177491
39925,-15.998882413379146,-39.9485078859041
39928,-16.250214902837598,-40.14959011042423
39930,-16.14784039842374,-40.29616435374599
39931,-16.14535826868856,-40.296888430361264
39935,-16.532731460107293,-40.176028032710136
39940,-16.61039753621035,-40.570232295202466
39945,-16.737299935328362,-40.42164808109956
39948,-16.84127982927232,-40.318720192164804
39950,-16.377002476345844,-40.53956776075778
39955,-16.519931832211228,-40.44447454230493
39960,-16.44024289945825,-41.008174899267544
39970,-16.00243113806353,-41.28018113388423
39980,-15.966083323000404,-41.495750863509734
39990,-15.74427788053435,-41.464629
39995,-15.72235727587547,-41.34154989987643
39999,-15.526818160913251,-41.49423151340945
40010,-12.971382996947739,-38.513407710103564
40015,-12.971344499999994,-38.512012589937726
40020,-12.975687087850192,-38.513012638288586
40024,-12.977664664985586,-38.51456157204609
40025,-12.970323399238882,-38.50656440787879
40040,-12.978865272967276,-38.50991946188894
40045,-12.972987288061418,-38.50528612980954
40050,-12.9803278845556,-38.507578519755896
40055,-12.97141487624804,-38.50116947479442
40060,-12.982866350805548,-38.51682126031237
40070,-12.98531253086668,-38.5139650709738
40080,-12.988325682209007,-38.520900905828654
40081,-12.996173317014796,-38.52740216993297
40100,-12.99151451063792,-38.51532100051595
40105,-12.993418821293652,-38.50837092790948
40110,-12.993281075393,-38.52169840729415
40130,-13.001764707448965,-38.52861913419698
40140,-13.00571743909428,-38.526632712043416
40150,-12.998516165142227,-38.522176434263685
40155,-13.004191637863908,-38.51782213939066
40157,-13.002993097443166,-38.520813398274505
40170,-13.009077877413011,-38.51009464258647
40210,-13.000768093254084,-38.51124053220032
40213,-12.99623417883693,-38.50991082116308
40215,-12.980941960767877,-38.45920249051069
40220,-12.999805787721016,-38.49470738119859
40221,-13.00090183650013,-38.49585847874009
40223,-13.003695642781523,-38.498796451865346
40226,-13.002043224297168,-38.51385103823071
40230,-12.996651516138947,-38.50329395249405
40231,-12.996926974150899,-38.50253768557914
40240,-12.986083944438452,-38.500641404329656
40241,-12.98036450929513,-38.49698047439544
40243,-12.987629684913276,-38.50067621385278
40245,-12.986254199477331,-38.50429298296129
40250,-12.979271702204317,-38.490836768532944
40251,-12.98178594880605,-38.49103657819362
40252,-12.981189306375793,-38.49163474230636
40253,-12.981707580619375,-38.48743336742876
40254,-12.98068795660464,-38.489187981428685
40255,-12.974373712735892,-38.49638267530196
40260,-12.9745512286175,-38.493189091378056
40265,-12.974590959201334,-38.48086852400602
40270,-12.971199884905356,-38.4886873095146
40275,-12.982334627434556,-38.478197230892256
40276,-12.98389045992584,-38.47983759828331
40279,-12.986500414580524,-38.47233666541635
40280,-12.987930653619276,-38.47375045573887
40283,-12.985932160695311,-38.49167149417161
40285,-12.988973220930205,-38.487538086474615
40286,-12.993674458980315,-38.48620469608747
40290,-12.992912653903833,-38.49316108814621
40295,-13.00042013974636,-38.48693499489018
40296,-12.994160965806937,-38.47961467736431
40300,-12.964270091176623,-38.49535244171619
40301,-12.96534373688614,-38.50151453750981
40302,-12.965801298431078,-38.49485052123605
40310,-12.96078764682037,-38.48137055917789
40313,-12.96418000245914,-38.48654159320809
40314,-12.962042849439317,-38.48605271390394
40315,-12.965852878943162,-38.48154231736798
40318,-12.96124176512096,-38.48818394304429
40320,-12.959188727848154,-38.49277437081844
40321,-12.957502896607426,-38.49011221833159
40323,-12.95835167943905,-38.49041082430296
40325,-12.952179436125936,-38.49599374861179
40327,-12.94487967274876,-38.49205241705569
40330,-12.955455752426328,-38.48071376353222
40335,-12.952044585124863,-38.489149313030936
40340,-12.952787073680156,-38.482711437460836
40342,-12.950024374654433,-38.48433655927582
40349,-12.938406108558535,-38.48774292708985
40350,-12.945683890581282,-38.476036032569176
40352,-12.941034295141495,-38.479345054238365
40353,-12.94405787854438,-38.47371683521423
40354,-12.948459864784844,-38.47629018417339
40355,-12.940654608703497,-38.48179285989529
40357,-12.945454231726142,-38.47616516375919
40365,-12.94748834665329,-38.48748851368901
40366,-12.946265714445076,-38.48752016938148
40367,-12.94556043073765,-38.49311106868467
40368,-12.941434906745908,-38.488736802360094
40370,-12.943403179914469,-38.49225925499862
40375,-12.948901448034867,-38.49606698166
40385,-12.928700707287227,-38.4783066979359
40386,-12.923033937692637,-38.4781275
40387,-12.923590499999992,-38.47962719444106
40390,-12.934319343326203,-38.47842439563739
40391,-12.933631250889295,-38.48060140139479
40393,-12.928097205301128,-38.48298345103416
40394,-12.930383719771577,-38.48232506810485
40396,-12.884093213851958,-38.43363936832986
40410,-12.945564022153734,-38.497392999987525
40411,-12.94586167665742,-38.50128656112548
40414,-12.931736649479522,-38.51146420912957
40415,-12.925572982838538,-38.50678453150782
40420,-12.916445993060766,-38.497361123780976
40421,-12.917173976138212,-38.49545744532287
40425,-12.928156776064911,-38.512858062929226
40430,-12.931114860955573,-38.49946382292688
40433,-12.94479347821568,-38.36710319608747
40435,-12.926497614634375,-38.4983654568783
40436,-12.925572108243408,-38.497035998158665
40440,-12.92888566881835,-38.50411114572465
40444,-12.93556007576895,-38.50387307859141
40445,-12.940596589270765,-38.502828390299484
40450,-12.935984284703569,-38.495851617453866
40451,-12.935781704567535,-38.49686098450994
40454,-12.931937237133422,-38.49270790478003
40455,-12.9330250941202,-38.50311905698693
40460,-12.957888744754676,-38.502641928432666
40470,-12.922725876402708,-38.48496574755828
40480,-12.920328378922338,-38.47646564915709
40483,-12.92086527739086,-38.48206211694016
40484,-12.912887332869376,-38.47487225183204
40487,-12.921071350973211,-38.47915312093383
40490,-12.900647440357584,-38.478394597582124
40710,-12.893845554689207,-38.48698172430967
40711,-12.883974045790325,-38.47695594734101
40713,-12.887838531686992,-38.48358542718106
40715,-12.887530784451954,-38.471786623804746
40717,-12.897428665606654,-38.48316421474564
40718,-12.89425491618097,-38.48051268128953
40720,-12.870436686769027,-38.471875129870114
40725,-12.871161,-38.47541198834324
40726,-12.876435349568716,-38.466003883910886
40730,-12.901199936911826,-38.4682723805652
40731,-12.904871571110636,-38.4416035117903
40735,-12.870360729026473,-38.47509322485915
40740,-12.862952999999994,-38.47217849999999
40750,-12.856316768343127,-38.469164672372486
40760,-12.853507692897464,-38.47148198089448
40800,-12.841820999999996,-38.47036689513174
40810,-12.830830150007577,-38.47562387213996
40820,-12.839967335699374,-38.46925751634147
40830,-12.980969587202551,-38.51446292577503
41100,-12.969205633553457,-38.46779150223562
41110,-12.971832973341453,-38.4616279885062
41120,-12.971025117715076,-38.456313956288355
41130,-12.97067072353094,-38.45844127604025
41150,-12.961191001544606,-38.47040396504043
41152,-12.960658024665591,-38.46570756716933
41180,-12.958102879506256,-38.448103047096076
41181,-12.95434976181346,-38.438543189667165
41185,-12.951564917254164,-38.46472830766844
41190,-12.949233102252343,-38.46798283058784
41192,-12.956310721947728,-38.44371338993253
41194,-12.959451003901538,-38.44207570129898
41195,-12.944079479734311,-38.45750353963801
41197,-12.94837652647605,-38.46148482902939
41200,-12.949608777186148,-38.458209702365025
41204,-12.943321425519205,-38.46773887829135
41205,-12.942831670498402,-38.44656949792932
41207,-12.943908546254526,-38.4496699143837
41210,-12.948853992075843,-38.44786894952323
41211,-12.947101876814546,-38.44331389682628
41213,-12.934276850929265,-38.44490853716337
41214,-12.929711906245936,-38.4413866996735
41215,-12.936454072162263,-38.43700685159166
41217,-12.935531968453146,-38.438638076745974
41218,-12.941444899287655,-38.43822405906241
41219,-12.9337317284182,-38.457576367188
41220,-12.937647478215688,-38.45995875
41225,-12.934937596798488,-38.46093588121067
41227,-12.932701856895202,-38.468693561617066
41230,-12.919046744181092,-38.45088951203289
41231,-12.929663164424916,-38.461531828452266
41233,-12.908627884543229,-38.452900730967
41235,-12.920983180989296,-38.44482676603209
41245,-12.914429442595267,-38.43994021531397
41247,-12.915465240160692,-38.44592825511551
41250,-12.934897764726582,-38.42662971865808
41253,-12.926245491836276,-38.439576143863455
41260,-12.927718636038351,-38.41814913845441
41262,-12.928591161286516,-38.407020248302416
41270,-12.917955527593179,-38.46904597575653
41275,-12.917025484772315,-38.46513483551438
41280,-12.914138828110978,-38.46841417258264
41285,-12.915325896474116,-38.47098758174155
41290,-12.901680644285726,-38.462845799503725
41291,-12.927207203424198,-38.45725105147165
41295,-12.897793351049662,-38.46285812680699
41297,-12.902116767804017,-38.46725945168036
41300,-12.865685521850228,-38.4328436399598
41301,-12.880719078722777,-38.437645286413385
41305,-12.877728666534054,-38.43592911617205
41306,-12.941386758730523,-38.48638155872629
41307,-12.936907902737005,-38.45398398965713
41308,-12.867703677530145,-38.421797303738806
41310,-12.891719507915425,-38.43420075199373
41311,-12.887758613421305,-38.436033796595815
41315,-12.903553681516524,-38.44561043450051
41320,-12.903303688576855,-38.44023299999999
41321,-12.90289045956042,-38.43506935289263
41322,-12.902488708093667,-38.42764580303976
41330,-12.890643849468278,-38.41033999999996
41333,-12.891104287649114,-38.43492649083625
41334,-12.976010852281938,-38.43601989303416
41335,-12.894407196931818,-38.421182250000015
41336,-12.89630624997313,-38.43013899997662
41337,-12.900693384728598,-38.42888975343565
41338,-12.899039137530288,-38.41488663995669
41339,-12.895648343883833,-38.4066190446397
41340,-12.893095218667744,-38.40928093754842
41341,-12.886798499999998,-38.41434899999999
41342,-12.90184148302253,-38.403689465235196
41343,-12.902529999999956,-38.3949495
41345,-12.908591606917952,-38.387638124999995
41349,-12.92181806105377,-38.45326487512956
41350,-12.918854093926832,-38.4128725431341
41351,-12.904710574387337,-38.400909785808686
41370,-12.91350523809707,-38.420688329426504
41385,-12.913820575476674,-38.4308958769115
41386,-12.91602886654832,-38.43412467028861
41387,-12.945199362114204,-38.47606551711012
41388,-12.912213891501672,-38.39993240828457
41390,-12.911216189946,-38.44238507553348
41400,-12.98782840595161,-38.48307733570081
41402,-12.965138788362083,-38.49593788418895
41410,-12.975611673399277,-38.434644303198965
41480,-12.920550957043073,-38.37157053332194
41483,-12.90011570435074,-38.35122942758331
41490,-12.916521033915558,-38.39507792874694
41500,-12.913126312162175,-38.35712618642045
41502,-12.900119946310177,-38.35273530083128
41505,-12.880191017807473,-38.3748876068557
41510,-12.913388098534217,-38.35764657852443
41515,-12.929752703088536,-38.374717798765076
41520,-12.913447600677282,-38.33498496179896
41590,-12.999659196231702,-38.46191865681802
41600,-12.936672127198204,-38.340746804114595
41603,-12.9262412989784,-38.31920257715394
41610,-12.946011452771193,-38.36698648737956
41611,-12.937959114491854,-38.359493250129745
41612,-12.946099557591308,-38.37604929072655
41613,-12.95780165962436,-38.39394924271451
41615,-12.941034151765509,-38.372661586733216
41620,-12.946807089647407,-38.36041962753188
41630,-12.935699593074398,-38.361384260077756
41635,-12.92597084736385,-38.3544885807606
41640,-12.938661103113603,-38.369711120479735
41650,-12.94886786151202,-38.37979785858965
41651,-12.95260852581182,-38.390169774810886
41680,-12.954636203621048,-38.404231308211685
41681,-12.96190845930484,-38.40685449252096
41701,-12.94036546314612,-38.40350969969416
41705,-12.976869562034716,-38.43249063765942
41706,-12.975186089889924,-38.427099968674696
41710,-12.976798966414696,-38.43225849120975
41717,-12.876501604218362,-38.335573927837714
41720,-12.9695836328429,-38.4352797916043
41730,-12.937032004350332,-38.35655936043412
41740,-12.964796454051823,-38.411388306736384
41741,-12.969492338546145,-38.41744265786138
41745,-12.934000623929125,-38.41068304630592
41750,-12.986470561197992,-38.43969581848347
41760,-12.993406702712957,-38.44650230690122
41770,-12.98323370676736,-38.44780476837919
41800,-12.991836995815078,-38.46664677435713
41810,-12.992107222315182,-38.4528860594879
41815,-12.993671220381945,-38.46553706050551
41820,-12.984910395614744,-38.45866468324775
41825,-12.997320103132653,-38.46395670258775
41830,-13.002941821842725,-38.46302707201805
41900,-13.012127386490807,-38.4712840824555
41905,-13.009216499999994,-38.47419845545043
41906,-13.005343897739056,-38.47214141771115
41915,-13.00738589446745,-38.47961731171712
41920,-13.004356211034349,-38.48047705541715
41925,-13.004527499999996,-38.475166452785686
41927,-13.004597482704895,-38.47710238527768
41940,-13.010068037191981,-38.486485705803574
41941,-13.01266201760238,-38.47951718977216
41950,-13.008860413266774,-38.49538624646544
41970,-13.002054233971949,-38.50359638412488
41980,-13.010146826533555,-38.4955072178718
42600,-12.741838747225797,-38.61577754108119
42700,-12.886617293749712,-38.31176362990635
42701,-12.887015205372286,-38.307738217035066
42702,-12.891747605643934,-38.31513188064176
42703,-12.897656855291633,-38.32266281048485
42704,-12.899435160280467,-38.316540232168606
42705,-12.897836827887717,-38.31066920864781
42706,-12.899971435932109,-38.3021511628484
42707,-12.892028521784304,-38.29819378856104
42708,-12.884316873160602,-38.29962218509781
42709,-12.877571727845979,-38.29279683328498
42710,-12.8733043076161,-38.28785142365683
42711,-12.873128681002296,-38.32017898784306
42712,-12.868645258066785,-38.30607483239966
42713,-12.867584857060445,-38.30305273779037
42714,-12.87009859172488,-38.30430269455827
42717,-12.878041490456797,-38.33143683976776
42721,-12.888355583819035,-38.338262596586645
42722,-12.885676557528845,-38.33909598537307
42733,-12.841390176094643,-38.33842602029398
42738,-12.894841198667141,-38.339099858948224
42739,-12.895619958905504,-38.34476695308496
42740,-12.883748041822018,-38.3506729730798
42800,-12.702775525829766,-38.32408742238762
42801,-12.714262935568868,-38.31814710695306
42802,-12.709630612490471,-38.3198546266982
42803,-12.711368069522695,-38.32801406272507
42804,-12.722585234418826,-38.33114844929018
42805,-12.709961846208618,-38.3339228755306
42806,-12.703684633062934,-38.33325522668024
42807,-12.693248741848183,-38.33468190013985
42808,-12.690970236370791,-38.33193670283499
42809,-12.695228934788908,-38.323124511093845
42810,-12.671985939287657,-38.30348556023128
42820,-12.627382882260232,-38.08579556302914
42827,-12.660831000000002,-38.0909115
42833,-11.814195909366733,-39.38633098172164
42835,-12.711127204241985,-38.18152285695949
42840,-12.832067732752495,-38.2650522458186
42841,-12.85540709548166,-38.28278468343276
42849,-12.764134571033452,-38.32269380781166
42850,-12.612785254478522,-38.30153037604901
43700,-12.787891795580029,-38.39375727768481
43805,-12.670883005225331,-38.54463986844448
43806,-12.660125658574408,-38.5353257265387
43810,-12.668583222016894,-38.543904197932484
43813,-12.662003317919835,-38.49420779015357
43815,-12.667646138937247,-38.53671145742078
43820,-12.67414388032313,-38.539563416062045
43825,-12.677855351306745,-38.5381874644912
43840,-12.729459889765042,-38.525362094291694
43843,-12.713407812193182,-38.451529657464356
43845,-12.73419999999996,-38.44663499999996
43850,-12.514824021519784,-38.49280099999996
43900,-12.626284640630304,-38.67809839407803
44001,-12.2555861527064,-38.96049208673321
44002,-12.254298714165444,-38.96670848834325
44003,-12.264909003582872,-38.95972292200935
44004,-12.268359890919871,-38.96696899876484
44005,-12.264493631138569,-38.97167381258126
44006,-12.27480428784992,-38.97675961273068
44007,-12.262602837125934,-38.97957588231721
44008,-12.255925580595262,-38.97919632875525
44009,-12.253279721613769,-38.984911126216154
44010,-12.273637684593712,-38.965054533819696
44013,-12.284828749441594,-38.98586422548169
44018,-12.245636650297143,-38.97030334970286
44019,-12.247893325004348,-38.98842651471519
44020,-12.239272031995206,-38.968103093456094
44021,-12.241279298920864,-38.97295268595993
44022,-12.247160332998064,-38.97341686810361
44023,-12.251983831444768,-38.97518506369383
44024,-12.244241708710856,-38.97891415071692
44025,-12.24728934026778,-38.98931136511053
44028,-12.233190342489486,-38.98102656379932
44030,-12.220335209273449,-38.99636584554789
44031,-12.22115955518339,-38.98288735110265
44032,-12.225649279801,-38.97004848084664
44033,-12.219363670552257,-38.97509109769749
44034,-12.206363521784304,-38.96960109769751
44035,-12.19426189435672,-38.98818405101609
44036,-12.189858528400393,-38.96648183949952
44038,-12.234716209574728,-38.95185389024473
44042,-12.215406854263302,-38.99651630445348
44043,-12.243345496249088,-38.9436927485429
44044,-12.210815861922171,-38.992740068220215
44045,-12.248425817821646,-38.94855376942198
44046,-12.194980849803521,-38.996539337017595
44050,-12.239198759362946,-38.95885389800332
44051,-12.243755229929768,-38.95144676998097
44052,-12.244194759482111,-38.94468188506273
44053,-12.225060471002324,-38.959438500000005
44054,-12.217121533204898,-38.95969092423104
44055,-12.208452418840974,-38.9627489238465
44056,-12.225319704968523,-38.9485082776848
44057,-12.220741080446006,-38.93832585706043
44059,-12.20828657222108,-38.94333525
44061,-12.207759275539608,-38.96369208584192
44062,-12.267751560208184,-38.95655175
44063,-12.280587580068126,-38.95895129516995
44065,-12.234507170432096,-38.938516772137575
44066,-12.229348707149912,-38.93582264423366
44067,-12.236089997778295,-38.92564575
44070,-12.263958471002326,-38.943032201915855
44071,-12.24271978129149,-38.92339707340303
44072,-12.241997682401855,-38.9053768102573
44073,-12.243870000000005,-38.890215
44075,-12.253850496537542,-38.95186541546015
44076,-12.257218445467103,-38.9456856283665
44077,-12.261161739800336,-38.93887098286109
44078,-12.268328114490117,-38.93277199255301
44079,-12.271484877246245,-38.923611700458736
44082,-12.262600344253372,-38.92933758089357
44085,-12.25430555902682,-38.927100591309625
44086,-12.254971180133833,-38.90266648904413
44088,-12.269331246992856,-38.950362010820044
44089,-12.27586722208878,-38.94662510401029
44090,-12.282274161552769,-38.95687609039735
44091,-12.295973849847073,-38.95049283582439
44092,-12.3043905,-38.951031639500535
44094,-12.281083501675145,-38.934945604191476
44095,-12.286947394396655,-38.94142180740504
44096,-12.295318599774966,-38.91742344033121
44097,-12.312543517109695,-38.89610170705173
44150,-11.957039857108867,-38.97326496102103
44160,-11.974580017699614,-39.106493706649424
44180,-12.4378669130332,-39.120577565545574
44190,-12.432076045415204,-39.25225611414973
44200,-12.549801514059943,-38.70724725
44218,-12.661775303973426,-38.751328908632885
44220,-12.73892673698011,-38.76801414614356
44230,-12.398107357762546,-38.754783341542925
44245,-12.329811904868649,-38.76548684604666
44250,-12.247956429673728,-38.75114774689128
44255,-12.046542140667496,-38.76624616305242
44260,-12.02496730499172,-38.866625579242864
44270,-12.403960395626159,-38.621649202979256
44280,-12.304345887547704,-38.64050708935713
44300,-12.60065246000923,-38.96409364442922
44320,-12.505241520503517,-39.00121798206752
44330,-12.432350738117526,-38.9506512580969
44340,-12.622813725954598,-38.9898184327091
44345,-12.537948451666846,-39.187174145793215
44350,-12.601546093423693,-39.042327767334385
44360,-12.607009539365439,-38.96923798425056
44380,-12.670929960053403,-39.101845002245085
44400,-13.026101713034052,-39.02881039157846
44420,-12.778077194072882,-38.91699818722069
44428,-23.514302546209343,-47.13083935539563
44450,-12.875952695820208,-38.75992915537925
44460,-12.897119975144381,-38.67594396358673
44470,-12.963618158798525,-38.61659253194185
44480,-13.113165072929068,-38.894360241046385
44490,-13.076623277654525,-38.999738500697
44500,-12.764888292754312,-39.427142547987046
44520,-12.409034982957309,-39.50017510765003
44530,-12.731863677028896,-39.18765317179423
44540,-12.777395035256207,-39.16955538767978
44550,-12.847248414159706,-39.09000394682124
44560,-12.905765046338937,-39.193169231084745
44565,-12.976240433654683,-39.39514803618758
44570,-12.972792986722467,-39.26653032879016
44571,-12.967917531540149,-39.259917732252624
44572,-12.972239432893437,-39.273167347680925
44573,-12.961754999999991,-39.25156950200922
44574,-12.970154844264085,-39.25130450354936
44575,-13.000749256530547,-39.10709954798716
44580,-13.04873295483068,-39.45567257483132
44590,-12.770347628955994,-39.521869710715706
44600,-12.157504709615496,-39.74025382761943
44610,-11.81271967745807,-39.90713515204994
44620,-11.960852929760252,-40.166154257211176
44630,-11.710640672074572,-40.15003252075537
44635,-11.607481842996389,-40.1362580402893
44640,-11.808921043189942,-39.38244559580095
44642,-11.606918048267053,-39.63175784204657
44645,-11.667962991057111,-39.83723438434137
44650,-11.47117810705438,-39.78200205803173
44655,-11.834950290399531,-39.61195646926234
44660,-12.155764664563915,-39.4569983672138
44670,-12.150948172604416,-39.24574060291863
44680,-12.315242629803704,-39.30835163302527
44690,-11.257893794707616,-40.94346762408287
44695,-11.381175175781514,-40.01150934088645
44698,-11.428582897501853,-39.91115149999996
44700,-11.183238046901202,-40.51481294117708
44710,-11.417273407831264,-40.29809048427947
44713,-11.411882928607254,-40.12411909076313
44715,-11.527036500243593,-40.31676302909209
44718,-10.970044062749999,-41.082185104556686
44720,-11.430401263166583,-40.59703532500239
44730,-11.091963846444612,-40.432761000000006
44740,-10.93957756537348,-40.42121037633781
44745,-10.955390212268558,-40.57514743657836
44750,-11.107563944724031,-40.07057237647189
44755,-10.864261697808011,-40.13260718161231
44770,-10.743081624476481,-40.36320236473998
44775,-10.742551816636317,-40.13284135088866
44780,-10.571142295614182,-40.27603691220365
44790,-10.508411752156983,-40.32025003223376
44798,-10.730883244728414,-41.32280325819772
44800,-11.85830528350246,-40.47191632208655
44830,-11.729838712468453,-40.55513548161579
44840,-11.847179068625543,-40.79148565742312
44850,-11.548240223259656,-41.158478210703606
44880,-11.692252981393505,-41.468733329812025
44885,-11.96619970051728,-41.64161778744017
44890,-11.685911744560826,-41.76946325814834
44892,-11.860459652819213,-41.75396975925798
44895,-11.761521102283517,-41.90736268390189
44900,-11.304211689340942,-41.85457641375542
44905,-11.383393723541433,-41.83169928745527
44910,-11.455115076895277,-41.43738852989071
44915,-11.228617971871731,-41.8768434437126
44920,-11.347727535793053,-41.66132285951857
44925,-11.04328739010026,-41.9683570026524
44930,-11.295467096438527,-41.98793291814576
44940,-11.137253559648594,-42.1119045
44950,-11.335812150599228,-42.13238690887081
44960,-11.546989630642573,-41.97800583068864
44970,-11.641529486998857,-42.011819834293696
44990,-11.808205323039298,-42.058637690155315
45000,-14.85173271236084,-40.84105363835194
45002,-14.842157521784308,-40.84172587778493
45003,-14.84215420038665,-40.83419874937962
45005,-14.850931340906678,-40.830397401201395
45008,-14.817119999999932,-40.77610999999996
45009,-14.852563999999973,-40.81262113499997
45010,-14.853568274496482,-40.84527359547579
45012,-14.852945169115396,-40.80917893318782
45015,-14.847990580068124,-40.84578142492353
45020,-14.859529182121264,-40.83675359884572
45023,-14.865555804684712,-40.8465854266467
45025,-14.855939072854763,-40.851686948450876
45026,-14.879123079786723,-40.837186514107714
45027,-14.877254732292089,-40.83710932469549
45028,-14.861408922081466,-40.82170952553066
45029,-14.875675438038172,-40.81098821755254
45031,-14.880598123867312,-40.81309226550541
45035,-14.841868402377958,-40.84255169892765
45037,-14.906509240636836,-40.836347041217024
45050,-14.882838516128722,-40.830670520275234
45051,-14.855744713572616,-40.85493024369547
45052,-14.854072368861432,-40.85954503619048
45053,-14.866601428702864,-40.8699510885161
45055,-14.863223572154213,-40.847643999999946
45058,-14.930478,-40.88709225
45061,-14.882825597955755,-40.873526530436365
45065,-14.873938248896703,-40.859404695843736
45066,-14.886274777684806,-40.87263783641011
45070,-14.846053889523443,-40.891556348999984
45075,-14.84511655567789,-40.8541214992354
45077,-14.84617481611881,-40.86900499273272
45078,-14.83608029107981,-40.881585227015066
45079,-14.842201214887364,-40.890733087959184
45085,-14.839510494864111,-40.847174337015375
45089,-14.828166000000005,-40.82744025
45095,-14.908489803772444,-40.84039442091319
45104,-14.879821077931007,-40.8912119947358
45120,-14.864562100156231,-40.575912968580056
45130,-14.97794372617248,-40.40896444948079
45140,-15.245685394114156,-40.62362924063156
45150,-15.53209921332056,-40.90966680726339
45155,-15.485117875162295,-40.681054291437185
45157,-15.505212501943749,-41.238360317256706
45160,-15.035841535068863,-41.26039686689202
45170,-14.975879464055556,-41.41218291422807
45177,-14.726161438908235,-41.260725184258895
45180,-14.610833993645254,-41.13701921768496
45190,-14.668178654757359,-40.47736262377254
45195,-14.748525107624904,-40.50809202834166
45200,-13.859414344765748,-40.08349744303544
45201,-13.858609376061464,-40.09557070325629
45202,-13.859144725779478,-40.086998952909056
45203,-13.85322125175598,-40.08147740532385
45204,-13.855859004753118,-40.060801021870006
45205,-13.868182951047357,-40.06661437139138
45206,-13.867306156571562,-40.06565624858451
45207,-13.869193938980375,-40.05450950077196
45208,-13.865766150535425,-40.06790053690888
45209,-13.871931419340156,-40.06643550785385
45210,-13.870558879045555,-40.08444952460816
45211,-13.87023415540554,-40.10047114195231
45215,-13.656065045887647,-40.21342774834582
45220,-14.127145555821828,-39.88993283489249
45225,-14.017319210271518,-39.889843239891135
45230,-14.163462883064442,-40.005518221201555
45240,-14.145672458199005,-40.24382921292394
45245,-14.045718833379512,-40.562250676629375
45250,-14.364887477852964,-40.2077332881181
45255,-14.241107800568306,-40.77083267262962
45260,-14.528321360132296,-40.36776153914657
45263,-14.373029449943138,-40.507018984815716
45265,-14.3400567301756,-40.90798378405273
45270,-14.7937968017234,-40.14343731251016
45280,-14.756191114213662,-40.089485864546475
45285,-14.75216224082074,-40.090125591224265
45290,-14.844057599086725,-39.98677174352593
45300,-13.029619500000004,-39.6029182182976
45305,-12.945629120575925,-39.52130163012606
45310,-13.267958923219508,-39.66268815106751
45312,-13.24249999999995,-39.75805999999994
45315,-12.86625596841991,-39.86070788111185
45320,-13.291903557180015,-39.81925705005109
45325,-13.102427319577284,-39.793728145089666
45330,-13.359009455357462,-39.81388787999725
45340,-13.45046965871596,-39.938226875347965
45345,-13.528814783783536,-39.96948501129086
45350,-13.533037620895023,-40.15183237567301
45355,-13.855007682392763,-39.74428182993004
45360,-13.439556637245769,-40.43368315480977
45365,-13.474755684834658,-40.22153364101722
45370,-13.253327077759984,-40.0864020464981
45375,-13.261759794634063,-40.37057891451177
45390,-13.025254789669436,-40.066567159117355
45400,-13.36853443927105,-39.0705160316504
45416,-13.454964848694996,-39.42293567115004
45420,-13.486051989872212,-39.04601107194652
45428,-13.379664287161836,-38.91777758421755
45430,-13.534312759255608,-39.09987224999999
45435,-13.73460117614768,-39.14750580174429
45436,-13.761570925871219,-39.37365518239676
45440,-13.603346187316015,-39.099958716923226
45443,-13.82262573068788,-39.142029478727125
45445,-13.94493462631669,-39.10519282697822
45450,-13.744719659879639,-39.48727706222378
45452,-13.809849753852944,-39.62217095203884
45455,-13.780237499999998,-39.685261821639656
45460,-13.687209297806149,-39.479775926799455
45465,-13.600381581784447,-39.489692544631005
45470,-13.256677525639468,-39.57159600019938
45480,-13.228197160715894,-39.50584649713243
45490,-13.180826577623964,-39.422990852949546
45500,-14.16105363308866,-39.37261521068308
45520,-14.102023316435105,-39.01580595472984
45530,-14.279304508930744,-38.99462956709748
45534,-14.277952102631142,-38.995374147173415
45540,-14.323998388023632,-39.4661379548625
45545,-14.312827775231336,-39.32027579954979
45550,-14.213643607677954,-39.521146987503634
45560,-14.2081302722806,-39.60161059748162
45570,-14.133898942251438,-39.734471450574986
45580,-14.068356198348656,-39.64030458723086
45585,-14.28451965386764,-39.845242522120174
45590,-14.434108674539631,-39.90378633744105
45600,-14.792811789341572,-39.27749785622372
45601,-14.810134718887614,-39.293947123204106
45602,-14.787775600954138,-39.28397498473654
45603,-14.783030780454766,-39.27281471586243
45604,-14.775219240637046,-39.26563909200098
45605,-14.794201751919678,-39.27025070315661
45606,-14.80538806855559,-39.265164065772325
45607,-14.810932077284251,-39.27461968603384
45608,-14.814892171625132,-39.279950366376966
45610,-15.19128023087799,-39.49502461230219
45611,-14.815695249645293,-39.30970209609337
45613,-14.830117159042535,-39.31743287269959
45615,-14.956866557687412,-39.30195378397593
45620,-15.082327489999658,-39.3377170664705
45622,-15.189133744391862,-39.49516223724786
45625,-14.809047196573925,-39.47313017058467
45630,-14.674680364193485,-39.37583052376328
45638,-14.637361690494917,-39.5531301914744
45640,-14.704266784004757,-39.63763788601643
45645,-14.421244920239117,-39.56596341578189
45650,-14.795859393132988,-39.04238071370959
45651,-14.785395777513004,-39.04695584674271
45652,-14.791913973808747,-39.03493353659041
45653,-14.79848454345645,-39.03360117577518
45654,-14.812479224890573,-39.031860394906914
45655,-14.821538610425353,-39.030821070901
45656,-14.822461625002626,-39.0337806473829
45657,-14.806807268235644,-39.060313269552616
45658,-14.782224681434704,-39.056975371213014
45661,-14.790686534741052,-39.058519780467826
45662,-14.798274771843296,-39.033386344487276
45675,-14.317588960922787,-39.3208783997927
45680,-14.59042146671516,-39.285554623023025
45690,-15.291604517695651,-39.07418712187482
45695,-15.262731160284822,-39.41246769024352
45700,-15.250253306815884,-40.2459959587203
45710,-15.11648676415769,-40.06839958860911
45712,-12.9802848687172,-38.43565483389116
45720,-14.986376325999906,-39.921744296312625
45725,-14.962980663608766,-39.81060847333869
45730,-15.143336384413155,-39.72420626327064
45740,-14.85880090373103,-39.657480878570645
45745,-14.865648633223373,-39.59202225760258
45750,-14.895336499489884,-39.424666179339184
45760,-15.564596658098338,-40.424735704278774
45770,-15.619993483759323,-40.26348070952356
45780,-15.654306782769057,-40.06334178474434
45790,-15.595748022145012,-39.874221880536254
45800,-15.861739242682777,-38.878745844247646
45807,-16.286879798342795,-39.026098735899836
45810,-16.434573642906564,-39.07602575113308
45816,-16.48911667656967,-39.07495703788814
45818,-16.59191234390216,-39.10068432689464
45820,-16.374713251257873,-39.586972939017095
45821,-16.365406352438953,-39.58918094375151
45822,-16.35932251099546,-39.58675518565036
45823,-16.337930416795935,-39.57704999999999
45824,-16.367638636879693,-39.57364822163566
45825,-16.37101454293732,-39.573996677362295
45826,-16.362768955687976,-39.577706937434115
45828,-16.36850918248946,-39.57405524999999
45829,-16.385540277935117,-39.5819415
45830,-16.38169989404566,-39.57165118190849
45834,-16.843126431128702,-40.16095445199643
45836,-17.036317821411778,-39.53180890909678
45840,-16.584435,-39.78204263354724
45848,-16.576954703900682,-39.558628573719766
45850,-16.087616086747097,-39.614373763480856
45855,-15.969436027984653,-39.53201367256606
45860,-15.676255763266443,-38.948465230391065
45865,-15.431968455421678,-39.332255367081274
45870,-15.5679798308451,-39.40765651525447
45880,-15.414921613720661,-39.49692534837028
45890,-15.46364332332971,-39.65216624556807
45900,-17.735917159654786,-39.25706328694622
45910,-17.52930430705898,-39.19417792487826
45920,-17.897354150947002,-39.37210046471457
45928,-17.88896510994165,-39.86087419947462
45930,-18.079808461009442,-39.54667262355379
45936,-18.000137279735146,-39.86307811235311
45940,-17.68660683683452,-40.10818306722753
45950,-17.612629745255525,-40.34532446231102
45955,-17.225652347572613,-40.082960202001
45960,-17.372949366412506,-40.222115119100565
45968,-17.48471551182113,-40.46906377479025
45970,-17.166258250058263,-40.33049740829463
45972,-17.19805364948722,-40.22101454775802
45975,-12.933428437159534,-38.49847245588348
45980,-17.33826448350878,-39.22508482389326
45983,-17.116056303887436,-39.18571707237405
45985,-17.534549565866964,-39.745120427264105
45986,-17.522824202580043,-39.7686386514307
45987,-17.535342847803108,-39.7328045101011
45988,-17.528471771803556,-39.711112432717485
45989,-17.54064280153136,-39.711606691875495
45990,-17.544287649266607,-39.73220213730568
45991,-17.555766294426338,-39.740885543761166
45992,-17.547183378853592,-39.74463919288834
45993,-17.542185861083137,-39.75252812164088
45994,-17.534069479932583,-39.76178399571025
45995,-17.534943454042473,-39.74328507920137
45996,-17.53271042770942,-39.73562214667267
45997,-17.541537332801198,-39.73502086429589
45998,-17.540705430609286,-39.74901898166358
46100,-14.205407173415256,-41.67124339226454
46103,-14.037349999999948,-41.73430999999994
46110,-14.386458558394308,-41.87917662298179
46130,-14.42859049507069,-41.46105596918892
46140,-13.646321539981436,-41.84216909502311
46165,-13.761465616247385,-41.76908567238942
46170,-13.58092814077475,-41.811628402437975
46180,-13.418283909012889,-42.13919835398569
46190,-13.445678006846968,-42.24157912296723
46200,-14.899393670879984,-41.96844410048922
46205,-14.548466888120277,-41.93826248191603
46220,-14.409392140078246,-42.07710314224949
46225,-14.205943535785892,-42.11626073203683
46250,-14.68601547085682,-41.67981602385163
46255,-14.66574990511277,-41.49107852556384
46270,-14.94316383448746,-41.71805306842727
46280,-15.039650422648098,-41.93451291456772
46290,-15.024268200051852,-42.37032108363927
46300,-14.503221173604912,-42.22271131244137
46310,-14.84531050507114,-42.43300763900728
46315,-14.792131250364427,-42.27125252379007
46330,-14.6842989705785,-42.504947661923396
46335,-14.58924414572921,-42.43811682600474
46350,-14.76770466313726,-42.655684131478544
46360,-14.48720199863211,-42.684732053448684
46380,-14.41193034661886,-42.86877601628716
46390,-14.271882465855317,-42.25778112373452
46400,-14.068499238278532,-42.48869311078396
46410,-12.40124246429234,-38.75402194721073
46425,-14.036247657431286,-42.142020377143865
46430,-14.22098909333437,-42.78005131321119
46438,-14.41355161665921,-43.55457796059964
46440,-14.336833900489808,-43.77334446431769
46445,-14.302581072731263,-43.767946664231914
46446,-14.212707468710022,-44.28329214852077
46450,-14.571859681047782,-42.94420332013911
46460,-14.264176860286373,-43.16480861085917
46470,-13.611989386333562,-42.93751796199625
46480,-13.909296241964928,-42.84482830674274
46490,-13.772369328060243,-42.71576350302733
46500,-13.01735560204448,-42.6942647568424
46530,-12.821082043436224,-42.73123579940374
46540,-12.88134858469802,-42.48794685775822
46550,-13.125453347082944,-42.29141698904013
46560,13.001420173555276,-23.583939075194326
46570,-13.379096495178084,-42.52228603512061
46575,-13.330448431224182,-42.291474847997456
46580,-13.54678612037164,-42.49177815722932
46600,-14.022346069988641,-41.24438236810454
46620,-13.762255510861095,-41.04427890779384
46640,-13.815702096042692,-41.29845303325649
46650,-13.626844572973166,-41.32881042848442
46670,-13.516205301502431,-41.592774366203535
46690,-13.251041999999998,-41.663970000000006
46700,-12.649380600580754,-42.22044366272174
46730,-12.809396120049154,-42.16858871765106
46740,-12.710217363184372,-41.830122157825066
46750,-13.006964375318343,-41.37145511860067
46760,-13.410893014781028,-41.28451735819215
46765,-13.151944621906557,-41.77421402241306
46766,-13.02507072486642,-40.18648339208737
46770,-13.293711500050712,-40.95776230950237
46780,-13.001293018741446,-40.53279799599734
46790,-12.985942909341802,-40.964732497992784
46800,-12.284626642755232,-40.49521859778773
46805,-12.139090959751773,-40.36030615090996
46810,-12.080366028283708,-41.09471564833978
46820,-11.968989344874393,-41.26647725677979
46825,-12.355008882381227,-40.90352711660624
46830,-12.802670728380551,-41.3295923346046
46833,-12.59372096891573,-41.01442317096993
46835,-12.818754392570709,-41.06980167889549
46840,-12.64720070814538,-40.93317932335451
46850,-12.6615706310849,-40.60780879598697
46860,-12.768153159361544,-40.21019997238322
46865,-12.79991674393986,-40.35400462369489
46875,-12.70812094187372,-39.698150490530765
46880,-12.527415974163624,-40.304918045753006
46900,-12.41863756643618,-41.77138261739134
46930,-12.515062396693432,-41.57829010705365
46960,-12.562078414647464,-41.38950644140264
46970,-12.28568232822174,-41.16732036681829
46980,-12.245655054252593,-41.616732764704345
46985,-12.283641858411915,-41.51262370813318
46990,-12.090936369307506,-41.64979963374468
47100,-11.091173309355085,-43.14403281266196
47115,-12.065625654839778,-43.55123089092047
47120,-10.713521556753566,-43.63390229517144
47150,-11.004124259563389,-44.52085344883524
47160,-10.718925363098435,-44.03490962562292
47200,-9.62144338474826,-42.0814737989833
47220,-9.516898605213946,-43.00988831736991
47240,-9.999955329316192,-42.48265050814919
47300,-9.174610409367215,-40.97631610527132
47310,-12.836939790054958,-40.90462517724743
47350,-9.741449396087198,-41.87975417351389
47400,-10.822443830735576,-42.72771017158287
47440,-11.008612887342291,-42.39970515725903
47450,-11.430435845112113,-42.50579957941182
47500,-12.693448673622376,-43.18345787371633
47520,-12.18250029542775,-43.21635064617483
47530,-12.318461147438128,-42.89193674999999
47560,-11.998919410382548,-42.6278098620054
47580,-11.56377012475189,-43.27587755787843
47590,-11.820971460524476,-42.61267996906121
47600,-13.253180169155092,-43.413615014464554
47610,-13.084910354036529,-43.4671934704741
47630,-13.542699999999968,-43.5781772205357
47640,-13.391566076841883,-44.20010601396491
47650,-13.343680339357732,-44.63348761010734
47655,-13.623566199271652,-44.46683959549042
47665,-13.402789200822284,-44.19535834301575
47680,-14.180435736836024,-44.53522778078533
47690,-13.827949231619433,-44.4581985284123
47700,-12.981207998407962,-44.049719228187655
47730,-13.072217495862692,-44.20205075640178
47740,-12.760635490680032,-43.95108394724318
47750,-12.484389855261307,-43.96099354269267
47760,-12.702549256391531,-44.00716681004442
47800,-12.145314580597873,-44.993049777139866
47801,-12.138935500655656,-44.98837125967359
47802,-12.147641442631157,-44.986919488079614
47803,-12.150238500000004,-44.992983860996745
47804,-12.154981959507609,-44.99647777264971
47805,-12.148891430708764,-45.00020616972376
47806,-12.15326788436217,-44.99419810393747
47807,-12.156516867160343,-45.00163374795015
47808,-12.153154599138777,-45.004521945363116
47810,-12.136526695228756,-45.00991913596046
47813,-12.12653277707746,-45.008244491808455
47814,-12.948500507698975,-38.46063227264888
47820,-12.362863788715623,-44.97695637941209
47825,-12.429225064452792,-45.08604599271614
47827,-26.919872908118936,-49.08680233821775
47830,-12.305761847650334,-44.53974765487141
47845,-12.313912429551806,-44.85954730196275
47850,-12.088185219025611,-45.7953974941595
47900,-12.026174574712108,-44.256674672641395
47940,-12.121633051130674,-43.8893232163957
47950,-12.234761999999998,-44.41624832480769
47960,-12.006703482253409,-44.69887896348954
47970,-11.74823180708668,-44.90986551037771
47990,-11.042235574060165,-45.191723435358156
48000,-12.13944142250762,-38.42297614758382
48005,-12.13947307702533,-38.42167488510957
48010,-12.133444343218684,-38.42171099604012
48011,-12.122608729771716,-38.41636917472778
48020,-12.130804311670278,-38.41498346641574
48030,-12.138575475385176,-38.40371984735695
48031,-12.15073643933758,-38.41730009175952
48040,-12.151042978773699,-38.421196213501
48050,-12.144117537810025,-38.43241752221667
48051,-12.151113500477829,-38.429124166894425
48060,-12.140442133073783,-38.437678563815105
48070,-12.133843672021216,-38.44055496541711
48071,-12.131017558327017,-38.439754723160064
48080,-12.131954233762393,-38.43182227418836
48090,-12.123832814296385,-38.430605907535934
48103,-4.5962448091645465,-42.85451673739823
48108,-12.211149119713475,-38.202573442729495
48110,-12.362280021112689,-38.38462924118555
48120,-12.425932465124877,-38.32837310702847
48130,-12.091495289473976,-38.49794497505806
48140,-12.146156745779068,-38.64382697435264
48150,-12.013782980017924,-38.62907918960168
48170,-11.869027527521872,-38.75941565174424
48180,-11.943258856178408,-38.08502079712217
48280,-12.530795993023782,-38.29815891414065
48288,-12.576809999999966,-38.00416999999993
48289,-12.57536932342873,-38.00267348835045
48290,-12.25599747811226,-38.03873055386487
48300,-11.813328585583086,-37.61260697753964
48310,-11.563868419374757,-37.78319175098345
48330,-11.486519186834503,-37.93335020415214
48350,-11.660018836004824,-38.07711057148508
48355,-11.723099008554907,-38.22850628168585
48360,-11.66149397287681,-38.022173318349886
48370,-11.795467506129226,-37.94636458404114
48390,-11.942409462309636,-37.94883732209461
48400,-10.837024021348178,-38.53854795028341
48405,-10.584668627013055,-38.611625803553885
48410,-10.594005206595408,-38.38201256059955
48413,-10.536109999999953,-38.60666999999995
48415,-10.5959993340038,-38.21311793291116
48420,-10.410916629850297,-38.33135522537472
48430,-10.683692401008404,-37.86247999999995
48435,-10.53698406061619,-38.114273142479455
48440,-11.000890568402166,-38.40231634014765
48445,-10.678501224635028,-38.28163600160323
48450,-11.101180123464124,-38.51552999999996
48455,-10.335824635354843,-38.42049465933336
48460,-11.241044453516897,-38.48109942988277
48470,-11.3579931188902,-38.32785940893865
48475,-11.311374092745421,-38.219758447176915
48480,-11.510253756375835,-38.15096906028302
48485,-11.604752600412631,-38.58290913136644
48490,-11.787525682582707,-38.35393279728925
48500,-10.507181676095115,-39.012760205704446
48520,-9.897234832921862,-39.02760132334916
48540,-9.870941765569722,-38.8965441765224
48565,-10.36594076654743,-38.20280466359446
48570,-9.734729677170062,-38.12733838645225
48580,-10.01419969071694,-37.894735875208326
48590,-10.285715835700392,-37.92574920310214
48601,-9.406175888395424,-38.21922784868
48602,-9.40277511689584,-38.22193866488563
48603,-9.407158449727673,-38.22655528726319
48604,-9.395632457788963,-38.241209418178414
48605,-9.390896218097785,-38.227672721758765
48606,-9.382659749999965,-38.21311303549997
48607,-9.393709559760737,-38.21830622040656
48608,-9.40285066318845,-38.21411524753463
48609,-9.438067635090047,-38.216449760994536
48610,-9.449547040183104,-38.2213655324407
48611,-9.446065107392025,-38.21040890845087
48620,-9.342155273538305,-38.25645111020792
48630,-8.846843083825311,-38.76717595696288
48650,-9.171297674037762,-39.05698998445734
48660,-8.977616267517547,-39.098212124666965
48668,-13.00910117780522,-38.525978987269255
48680,-8.721731335817411,-39.11608340095827
48685,-8.632654834390816,-39.244385616931496
48700,-11.660338905553305,-39.00656376579906
48705,-11.53148032228365,-39.07708018466204
48710,-11.807595285689375,-39.11904323244803
48720,-11.795649902432892,-38.88365094145973
48725,-11.747391379668082,-39.190299479506066
48730,-11.564213754481237,-39.28196845152574
48740,-13.532507286990548,-38.99305242761219
48745,-12.24038638135491,-38.93229404440533
48750,-11.494189153008112,-39.42503284789144
48760,-11.335668562188577,-38.96182721204301
48770,-11.489453283462105,-38.999003369345516
48780,-11.621707970933524,-38.80822602906648
48790,-10.965565709417165,-38.7865477115201
48793,-11.027780139903946,-38.791894904061046
48800,-10.438942813091584,-39.33149581697264
48830,-10.753144832685313,-39.209128539641625
48832,-10.674079142611236,-39.05057508062291
48840,-10.66737142943607,-39.49743541994244
48850,-10.69178242058907,-39.852175571307825
48860,-10.977996821507197,-39.627141144715225
48870,-10.823856665675862,-39.42920522146115
48880,-11.254104623929937,-39.375569776018615
48890,-11.410710075829646,-39.46302930419521
48895,-11.463763701452818,-39.52611494308682
48900,-9.43140018341909,-40.503810936875766
48901,-9.428557705393509,-40.522158376137675
48902,-9.417546474707738,-40.51311819001414
48903,-9.413283874846911,-40.504910763444826
48904,-9.418780069926644,-40.499093167157746
48905,-9.423850692269143,-40.49391844178376
48906,-9.424079822470173,-40.493371594970625
48907,-9.436595526918282,-40.49362729780403
48908,-9.470611195725372,-40.49846133284714
48909,-9.442412624484929,-40.51095038791013
48913,-9.44417238670357,-40.49744995500017
48914,-9.445161370945128,-40.49693413352349
48916,-9.428150953620644,-40.51731057456987
48922,-9.589271582271095,-40.425445511064936
48925,-9.470911842352775,-40.8151125
48930,-8.988961499999997,-39.90533495265565
48950,-9.8389261120984,-39.47942925000001
48960,-10.257907366398307,-40.19504596108999
48967,-10.33361416984474,-40.15152490130054
48970,-10.460522648280346,-40.18727917681935
48990,-10.345001803072337,-39.833537052300834
49000,-11.013071343326207,-37.077103877863166
49001,-11.00346128262374,-37.09026825782537
49004,-11.041631096024773,-37.10482591195711
49005,-11.059703845995474,-37.10674680259147
49007,-11.075615663874949,-37.13561608992665
49008,-11.095098017902767,-37.14031434601908
49009,-11.098629196618736,-37.13662261156126
49010,-10.912031580904838,-37.053571080904845
49015,-10.92186947155058,-37.05162447443611
49020,-10.930446590245587,-37.05168801056024
49025,-10.938310395907221,-37.05716426522011
49026,-10.945825922881122,-37.05649290515056
49027,-10.941685668619014,-37.06369655509706
49030,-10.972301781320146,-37.06799361281669
49031,-10.96952817146178,-37.06942311564071
49032,-10.97157052094759,-37.055686159587985
49033,-11.010547754047067,-37.09241139087021
49035,-10.970609972243071,-37.044337902590975
49036,-10.975668767701489,-37.04575717984308
49037,-10.99164871775563,-37.05824396765725
49038,-10.992989251745556,-37.07089229822837
49040,-10.953341445726895,-37.06885729698763
49041,-10.954907361907877,-37.07223337232388
49042,-10.967643371501488,-37.08365844655938
49043,-10.965689130994331,-37.08654048957905
49044,-10.986157844010584,-37.10246749999996
49045,-10.93320297740573,-37.06628096371352
49046,-10.933235675543909,-37.06304681279933
49047,-10.93475889537761,-37.0723673020614
49048,-10.94242315652956,-37.07196134525943
49050,-10.926745762983956,-37.0643419463616
49051,-10.928249753678795,-37.0631924007733
49052,-10.919906999999997,-37.06574938386508
49055,-10.914200987529073,-37.06084747424843
49060,-10.897937707455778,-37.06006853538416
49063,-10.885521960312179,-37.06525300978027
49065,-10.898241401610015,-37.0534114560908
49066,-10.891499465717942,-37.05221419427791
49067,-10.87717363150704,-37.05296372100397
49070,-10.891217172391244,-37.07224989063071
49071,-10.884938898147563,-37.08199839909986
49072,-10.902201513958962,-37.06885810430424
49075,-10.911905895089143,-37.07177065696224
49080,-10.916350051344576,-37.08116892199013
49082,-10.911660853165303,-37.08245189731084
49085,-10.906801165156551,-37.08100961310517
49087,-10.892827360551546,-37.08245038911654
49088,-10.882259718177483,-37.07821472015058
49089,-10.97255714546345,-37.112533630736166
49090,-10.892107006766945,-37.09569807096767
49091,-10.889141678602332,-37.097682296973275
49092,-10.903293382047394,-37.09857693231619
49095,-10.94371227271587,-37.086738954411686
49096,-10.942093848545493,-37.082729827031386
49097,-10.932974759088815,-37.07836419771019
49100,-10.93481272082292,-37.12326003218634
49120,-10.999361439746677,-37.31370865297929
49130,-10.731304315166852,-37.18691710406286
49140,-10.907796610855709,-37.03123215927341
49160,-10.856299384163714,-37.08563251204689
49170,-10.798812938362852,-37.16437566473743
49180,-10.787005352253743,-37.05285743237949
49190,-10.739110102630233,-36.85754087578226
49200,-11.263767014547058,-37.43614083092989
49220,-11.265128131483385,-37.62037999999996
49230,-11.35333323848748,-37.44872624153077
49250,-11.522995864184615,-37.50906216202343
49260,-11.38130195485438,-37.66084964308352
49270,-11.476753906947277,-37.756330399546854
49280,-11.374446662782397,-37.8402769614854
49290,-11.274679008513315,-37.791463763372846
49300,-11.184575400471184,-38.00096514455456
49320,-11.07005134097069,-37.72510702710346
49350,-11.191524748552958,-37.67412910011628
49360,-11.14700442960654,-37.620591881961516
49390,-11.03173395365586,-37.47544999999997
49400,-10.914420787427224,-37.6712405111723
49480,-10.739666017240774,-37.80806315302154
49490,-10.711911056894941,-38.177876903747155
49500,-10.686216993679691,-37.42704440384384
49501,-10.679806412466766,-37.41889838063977
49503,-10.692969583269853,-37.42908837398505
49504,-10.699523390731262,-37.42715136751616
49505,-10.708913128553746,-37.42524403866728
49506,-10.687945374229129,-37.43512344526036
49507,-10.709892869428352,-37.42666985106891
49509,-10.678978663455897,-37.43202590691444
49510,-10.67707246926408,-37.441034454718
49514,-10.549217275529893,-37.53345040895448
49517,-10.568566568597255,-37.72300678579936
49520,-10.749575696176795,-37.492916490810174
49525,-10.791980425684878,-37.56815774999998
49530,-10.538184648376909,-37.4355875489704
49535,-10.386074758058108,-37.37878589064772
49540,-10.397283143354496,-37.45365762641188
49550,-10.360309418631998,-37.70603638267973
49560,-10.580567345927264,-37.341456992870704
49565,-10.666070019560696,-37.54262934137765
49570,-10.658443860791625,-37.30693344358917
49580,-10.758584028074782,-37.31369338201869
49600,-10.485378162585569,-37.19364467992977
49630,-10.60557131725161,-37.112754839471876
49640,-10.646598336159183,-37.192556658709
49650,-10.678984810637921,-37.15045402325912
49660,-10.354658479784476,-37.18248884888437
49670,-10.26249591326884,-37.3113546710989
49680,-10.217148798256895,-37.42221799100596
49690,-10.0284015088003,-37.56354695160154
49700,-10.503608320184773,-37.054340003848694
49740,-10.649021520663837,-36.987844217392094
49750,-10.685271419019744,-36.98595499961593
49760,-10.703883638031686,-37.03576406678185
49770,-10.735228184816233,-37.081963724447576
49780,-10.41594508973515,-36.9581625
49790,-10.28607604322718,-37.019515696673864
49800,-9.918174630237411,-37.28030990755496
49810,-9.80712262709104,-37.68257617405206
49820,-9.662254090702609,-37.788241601913306
49830,-9.970142447639612,-37.083407981783104
49860,-10.22917261887537,-37.19691670316733
49880,-10.137258500117037,-36.97136020209352
49890,-10.07904194360822,-37.056328922665735
49900,-10.213204227563645,-36.837552390013
49910,-10.206161545362404,-36.88485305490262
49920,-10.129935198619387,-36.926615680686055
49930,-10.252080009403048,-36.8822164793877
49940,-10.346884463538352,-36.92020110284732
49945,-10.348897504955872,-36.885285377441825
49950,-10.345079086739336,-36.799398329064026
49960,-10.591125094655087,-36.94269474600019
49970,-10.452836732618437,-36.6435051390525
49980,-10.320008829429042,-36.57734222895666
49985,-10.256996346059791,-36.63044073870793
49990,-10.435375493781596,-36.53700525
49995,-10.43007145626256,-36.46656089630383
50010,-8.063298537368606,-34.87810987773389
50020,-8.069222961471809,-34.881122063838056
50030,-8.063387057447086,-34.872465436580285
50040,-8.054462022476795,-34.87814104083938
50050,-8.054481316261771,-34.88863951824975
50060,-8.062016402816404,-34.887065781928825
50070,-8.060861404524204,-34.89377429957589
50080,-8.072687269021358,-34.899345054239845
50090,-8.073508243202353,-34.89386335993878
50100,-8.047031228143567,-34.884233605480325
50110,-8.041626641614375,-34.87927901087419
50160,-8.057081629753581,-34.90813248903572
50610,-8.053214845530995,-34.90811626895348
50620,-8.04544292684276,-34.91450388445442
50630,-8.056169470858093,-34.92333225
50640,-8.05973733166945,-34.93311543075191
50650,-8.056238847457415,-34.9377927007163
50660,-8.06300714016482,-34.93897523630458
50670,-8.044564699817327,-34.9403670051359
50680,-8.034145949850558,-34.9326759647913
50690,-8.032102669313373,-34.937674730211505
50710,-8.046596592979963,-34.908021385622504
50711,-8.047917932281132,-34.91874009310948
50720,-8.057229842859693,-34.911937199694165
50721,-8.049192034970277,-34.9312984314444
50730,-8.055846235775293,-34.94241061552887
50731,-8.040942579825312,-34.93223261081134
50740,-8.041353611431724,-34.94738926770149
50741,-8.049666436580296,-34.957942544119504
50750,-8.065011726250312,-34.90602303934156
50751,-8.065441236193653,-34.91834367266153
50760,-8.070892190116023,-34.91919866985977
50761,-8.069994157092152,-34.929339016446406
50770,-8.080954774078121,-34.91086978795658
50771,-8.089650218002037,-34.92609647324514
50780,-8.096014901610019,-34.93966408270233
50781,-8.083916684329418,-34.93676638703906
50790,-8.08185270228035,-34.94932434955558
50791,-8.085639899991625,-34.969933235613944
50800,-8.034350867332224,-34.94260839286744
50810,-8.041334558009673,-34.95694306335389
50820,-8.076187540106174,-34.91923345191586
50830,-8.0703079568715,-34.91082950034624
50850,-8.080894445467097,-34.91780445045876
50860,-8.095184945843897,-34.92500047960067
50865,-8.083386206006871,-34.93215017277396
50870,-8.096450118096824,-34.93314984075826
50875,-8.10194169593957,-34.932432010243765
50900,-8.090724059394653,-34.94211853759545
50910,-8.081167919900153,-34.94077922197338
50920,-8.088073212067416,-34.958108385122436
50930,-8.091410860719211,-34.95513436475434
50940,-8.081175190959298,-34.96593695327687
50950,-8.057538144041146,-34.95743856001715
50960,-8.036887528993995,-34.98232390178192
50970,-8.035198735537305,-34.97659395051673
50980,-8.026392243111676,-34.9615353806562
51010,-8.084622593946584,-34.88077579855303
51011,-8.09774485567546,-34.8857557703272
51020,-8.114828183510605,-34.896383674995654
51021,-8.12580171107679,-34.902890562504794
51030,-8.135999044213296,-34.905914651335884
51110,-8.08734817415893,-34.8878955411449
51111,-8.106543565641399,-34.88860904746377
51130,-8.143240683593994,-34.90817168078888
51150,-8.10666746417491,-34.9105050563995
51160,-8.112488982920006,-34.906030829701876
51170,-8.09282402521073,-34.912341178183965
51180,-8.103379497217885,-34.91386180784447
51190,-8.114992203026713,-34.919385878296495
51200,-8.110255222315187,-34.91438764842169
51220,-8.111756699957194,-34.93221965654787
51230,-8.114462898065486,-34.94142976093801
51240,-8.123468103814618,-34.936813721850825
51250,-8.134782793932896,-34.93613699999999
51260,-8.13288979659954,-34.94236055202014
51270,-8.111701449782773,-34.94972100325105
51275,-8.10790320147588,-34.947986115385525
51280,-8.116626924808058,-34.94874408668842
51290,-8.122625054035355,-34.946894012342355
51300,-8.128049243730906,-34.94691475904419
51310,-8.135982588638665,-34.948434103307406
51320,-8.132939656941147,-34.950090100650215
51330,-8.126273839788245,-34.95736069424626
51335,-8.113492437248581,-34.962600840985935
51340,-8.118733058716447,-34.955740941134046
51345,-8.111206665235304,-34.954615770073076
51346,-8.10759735192874,-34.96233951201827
51350,-8.108088118789313,-34.92301822099572
52010,-8.058288489035721,-34.89926047446477
52011,-8.04863707868314,-34.900234331323205
52020,-8.045279501342097,-34.8941338112701
52021,-8.041347501796945,-34.89020856480469
52030,-8.03685097738213,-34.885396275535214
52031,-8.034252516792645,-34.881211361648056
52040,-8.028244959201329,-34.88082076824975
52041,-8.033830271163934,-34.89428258580983
52050,-8.038212181516517,-34.89984723723238
52051,-8.028275249235396,-34.9079082223152
52060,-8.034009778521527,-34.911702559835895
52061,-8.033084020399329,-34.92200570850885
52070,-8.027488726784291,-34.9183039008454
52071,-8.022895468725935,-34.92951620763353
52080,-8.014577137590791,-34.91142227172638
52081,-8.014553886716328,-34.92271520974243
52090,-8.01083043778701,-34.92946864607009
52091,-8.00627265458497,-34.93575058073462
52110,-8.027430125870072,-34.90030906463431
52111,-8.01997352549937,-34.899850091978344
52120,-8.02284861475084,-34.88960817214584
52121,-8.01716541269479,-34.88352172106544
52125,-8.020405913193452,-34.878686026047134
52130,-8.009459388988743,-34.89329084051221
52131,-8.008125854092645,-34.904921405947555
52140,-8.004000212259168,-34.90448251502765
52150,-8.003445132944499,-34.91168519295303
52160,-7.992064250518763,-34.91647084236575
52165,-7.984189180159079,-34.91927607039416
52170,-7.9780891875308875,-34.91817143938921
52171,-8.015493643987265,-34.954639891550094
52190,-8.00243096815651,-34.926333370890504
52191,-7.996075162160675,-34.926039302004526
52210,-8.021756037337195,-34.909979860253756
52211,-8.01522323734221,-34.903968739313314
52221,-8.011992247850412,-34.88526270330083
52280,-8.018900216037895,-34.91619419196037
52290,-7.992403012188774,-34.940064560943895
52291,-7.993504900498848,-34.933562082974845
52390,-7.986947415353612,-34.9301142132641
52490,-8.012741506244412,-34.929252376793784
53010,-8.021272871775617,-34.85267940685092
53012,-5.783670910641051,-35.19694680085409
53020,-8.016303227394122,-34.855227104362584
53025,-8.014278268942235,-34.85435005482135
53030,-7.999017621703503,-34.84199423910783
53040,-7.972210265596159,-34.833561074589234
53050,-7.972005055108636,-34.839357580616394
53060,-7.972373829435787,-34.84760731057761
53070,-7.9606432498074735,-34.84428177774511
53080,-7.961227754631083,-34.85201189876808
53090,-7.960589753540511,-34.852912920624355
53110,-8.027455787956587,-34.87103970333385
53120,-8.010382032099159,-34.84620233619309
53130,-7.988989499999995,-34.84165388572826
53140,-7.977582032460122,-34.842578089366135
53150,-7.964268600611686,-34.83819535414626
53160,-7.992567764643064,-34.89883129038031
53170,-7.9879887191782135,-34.9108378269519
53180,-7.991251407438398,-34.89314636288882
53190,-7.982111937162751,-34.89947289326748
53210,-7.9974354677994235,-34.902143707905736
53220,-8.014563450458764,-34.87548314556528
53230,-8.013202868717196,-34.86449667554391
53240,-8.007170667066902,-34.85371868858566
53250,-7.985140376074797,-34.85306122017368
53260,-8.007590868008206,-34.8819770373362
53270,-7.999482958307173,-34.88630914824846
53280,-7.995862247013696,-34.8893069038317
53290,-8.007275819861384,-34.87045837797703
53300,-8.006022599396044,-34.872648134196986
53320,-8.002229996015199,-34.85267951762937
53330,-8.004987227038278,-34.86102030839811
53350,-7.978333944774603,-34.863578452051506
53360,-7.9790113093811215,-34.883360255374775
53370,-7.9945866964670405,-34.859153312692555
53401,-7.940349664579905,-34.87805607052487
53402,-7.962303352761267,-34.86568729447745
53403,-7.957031413789239,-34.875325519014346
53404,-7.977419123285639,-34.90413475889982
53405,-7.960436992495104,-34.873473000133785
53407,-7.950574507646048,-34.89440344463037
53409,-7.949031548156252,-34.899641245628715
53413,-7.9398793818889875,-34.89942618616194
53415,-7.935301561023092,-34.894947059668795
53416,-7.9282633439624925,-34.892070161886764
53417,-7.936217381354907,-34.89159212323272
53421,-7.929070438801998,-34.85534215341336
53422,-7.938265788230712,-34.861245314674775
53423,-7.919231008598344,-34.845910177073115
53425,-7.89963684666996,-34.839022665751486
53427,-7.8570449714752835,-34.8375974572936
53429,-7.890705005207515,-34.83261439469208
53431,-7.901397384023559,-34.83646877150132
53433,-7.910964617947789,-34.83604184777866
53435,-7.919924528058437,-34.82905751967182
53437,-7.93032405096133,-34.82712447867941
53439,-7.94436718013154,-34.829602960447126
53441,-7.948934495429825,-34.862817543676954
53442,-7.952971706770956,-34.85064315333035
53443,-7.952861472387304,-34.87358298805478
53444,-7.949340715926488,-34.86903147250938
53510,-7.906386527948181,-34.89929578359256
53520,-7.912346748051611,-34.90247999999997
53525,-7.909083432062665,-34.903798895478474
53530,-7.919165252618651,-34.92784810056676
53540,-7.923905806599572,-34.92093759186671
53545,-7.912475039690011,-34.90835008270748
53550,-7.90866771521404,-34.911936140968685
53560,-7.90507468401235,-34.908464297340224
53565,-7.903252561472126,-34.90447166007845
53570,-7.890973142352776,-34.91251641468973
53580,-7.897974378185063,-34.90051050000001
53585,-7.898495588983085,-34.905183635235645
53605,-7.820874338983772,-34.91557008664786
53610,-7.829155121011018,-34.907661363356155
53615,-7.81588821063869,-34.90558346781596
53620,-7.841035793911724,-34.90583808174101
53625,-7.870880168474788,-34.90394612144822
53630,-7.856681778103162,-34.910896397382956
53635,-7.874540350813701,-34.90860540046981
53637,-7.874494019980971,-34.91353560574758
53640,-7.83113156897395,-34.91895506726839
53645,-7.870472061847875,-34.91190637630425
53650,-7.811008190508375,-34.92431620720026
53690,-7.7893417610976385,-35.089515282820685
53700,-7.774033878817263,-34.897742586040735
53900,-7.748527846371517,-34.828609580945724
53990,-3.847624494555668,-32.41287572607641
54070,-8.108558120174289,-35.023264449073785
54080,-8.111120081323195,-35.02077315397594
54090,-8.126717248285019,-35.029068896546235
54100,-8.119082007208352,-35.02067489949332
54110,-8.111908864561094,-35.017784817974004
54120,-8.103234318696249,-35.01608061019097
54140,-8.100425103494203,-35.016843570931144
54150,-8.10639365537605,-34.99836214570071
54160,-8.112367713154253,-34.992627239388554
54170,-8.102454795914447,-34.98178992601349
54210,-8.095644618096825,-34.970051755208
54220,-8.076555368182701,-34.99876377663139
54230,-8.133196541909513,-34.964416990839055
54240,-8.090424670209046,-34.983641650297145
54245,-8.100736532892816,-34.99474647224307
54250,-8.08940472547448,-34.975001985573286
54260,-8.0810188052286,-34.97259487600772
54270,-8.072189663387,-34.994058735780726
54275,-8.133316780221906,-34.97195784066572
54280,-8.106232430492113,-34.967967750000014
54290,-8.114414257825839,-34.96508324999999
54300,-8.124386945426306,-34.966397732096006
54310,-8.158596477253589,-34.919979884910184
54315,-8.153713891873522,-34.92579848700742
54320,-8.142350882739898,-34.938601999999946
54325,-8.159709232734995,-34.9348691199145
54330,-8.170411840412012,-34.92836695115125
54335,-8.165758441035456,-34.93099439898495
54340,-8.202474115182637,-34.956495112135826
54345,-8.186454566739942,-34.96635895878278
54350,-8.160480286061501,-34.939402463260144
54352,-8.172833428513304,-34.95425210808941
54353,-8.177621297306112,-34.93752198277874
54360,-8.139960434055268,-34.971894459328105
54365,-8.15190609803911,-34.978263964710365
54368,-8.149989292999976,-34.95927999999998
54400,-8.158649866196631,-34.91524782148495
54410,-8.178387654041693,-34.91987781780532
54420,-8.187210475772657,-34.921355467955074
54430,-8.194949387445781,-34.93030782677544
54440,-8.202235356826844,-34.92025062192684
54450,-8.206690516504192,-34.92169895194126
54460,-8.193117917845568,-34.927134535991634
54470,-8.220108190555727,-34.932286588489426
54490,-8.199634604999972,-34.94384499999995
54500,-8.325519340197214,-34.98395579439119
54505,-8.290566858733884,-35.038986301286805
54510,-8.280629287264096,-35.027323480437374
54515,-8.286513640895869,-35.027814108733864
54517,-8.269364251904534,-34.999672369963776
54520,-8.297785630313571,-35.028912127257755
54522,-8.232989596746107,-34.98206952772685
54525,-8.289881306713117,-35.032913837245815
54530,-8.297819881395483,-35.038679114935086
54535,-8.297804999999947,-35.059499698430955
54580,-8.236408625987721,-34.982960138640394
54589,-8.222287056601253,-34.96321457176042
54590,-8.295831854601051,-34.965362090876276
54700,-7.9855711644328995,-35.07647802879933
54705,-8.006265423385855,-35.01686704961335
54710,-8.001562059616601,-35.04860326817894
54715,-8.010120298650158,-35.02968218416912
54720,-8.005278812943548,-35.03802024271451
54725,-7.992048716616624,-35.045477049414615
54727,-7.991721714024135,-35.052787540080885
54730,-7.996923655580306,-35.046346169514294
54733,-8.002344702428482,-35.00822627542937
54735,-7.992098161261421,-35.04121641104507
54737,-7.979035499999998,-35.07036975000001
54740,-7.99845914556529,-35.02889639266543
54749,-8.024017798037637,-35.05888348635378
54753,-8.01381680791792,-34.967457827918544
54756,-7.999674139691287,-34.978506236629386
54758,-8.013534840848648,-34.96562903248908
54759,-8.017384411045075,-34.98068999263296
54762,-8.025725729900588,-34.9811731157309
54765,-8.025122692480801,-34.99225910866175
54766,-8.02469637649315,-34.98810707118131
54767,-8.029967889807239,-35.00227213780367
54768,-8.015644262147237,-34.99125975999765
54771,-8.023429653362872,-35.00388027200064
54774,-8.01519645253623,-34.99705890102664
54777,-8.016426359387287,-35.004882732728305
54783,-7.952707931194894,-35.02135339084222
54786,-7.956358747576283,-35.00999581683327
54789,-7.973696935504432,-35.0017694925936
54792,-7.979405219339859,-34.9794320028496
54800,-8.117923820416719,-35.097260008050085
55002,-8.28549167889882,-35.96633188375972
55004,-8.28606907206765,-35.970872835421964
55006,-8.291333755599917,-35.97772525200536
55008,-8.285711448995492,-35.97978220426646
55010,-8.279694696779963,-35.97900023403623
55012,-8.278777831769336,-35.971625902096896
55014,-8.270306173177984,-35.97509114733541
55016,-8.26949719900166,-35.96508629156327
55018,-8.275641773263079,-35.95987004516995
55019,-8.268224359331265,-35.95342024799466
55020,-8.279925003606674,-35.959682281601246
55021,-8.275906790999954,-35.94974999999994
55022,-8.278086394996809,-35.93017883926158
55024,-8.28673256899265,-35.957900640025365
55026,-8.292680800450071,-35.961586313347574
55028,-8.296184305023367,-35.965982083120366
55030,-8.298579121299476,-35.972986408477134
55031,-8.308389677491482,-35.9751352000687
55032,-8.297942013448948,-35.98116283346567
55034,-8.285595547231681,-35.989512967531894
55036,-8.283874012767612,-35.995272791909514
55038,-8.274012685527227,-35.99017014974888
55040,-8.279936612268441,-36.00053074799463
55042,-8.275617465034497,-36.0042279039756
55044,-8.26821749746026,-35.98728432103964
55120,-8.13579852159901,-35.85822712912579
55125,-8.005895740456253,-36.05762095408697
55130,-8.328701519720177,-36.137343363285765
55140,-8.31652448960187,-36.29178102383851
55150,-8.3363255788598,-36.41979858950759
55152,-8.339700566663824,-36.43701934556954
55153,-8.333572446043293,-36.42940084176027
55154,-8.332442608478015,-36.41755433883877
55155,-8.331014688236111,-36.4221997335735
55156,-21.494080589801413,-56.154587071454486
55157,-8.334178541550896,-36.415895673381655
55158,-8.342392619390186,-36.41253238556047
55160,-20.066182502808086,-40.187289951369074
55168,-8.01442121869459,-34.90060401138776
55170,-8.145666134746074,-36.37000385418887
55175,-8.176074681211913,-36.19531528725418
55178,-20.12146841794372,-40.30665951351365
55180,-7.98769691680641,-36.4966301210269
55190,-7.952435555687497,-36.20267781451624
55191,-7.933622067167183,-36.198286178620464
55192,-7.954253638276587,-36.203794451480874
55194,-7.953469774910447,-36.20887384324989
55195,-7.952422077078225,-36.214860606331726
55199,-7.960677962572691,-36.20464344385904
55200,-8.359026707851585,-36.695965429845344
55240,-8.18530301162818,-36.70538823752198
55250,-8.3621247813276,-36.56277312784847
55260,-8.467374445417219,-36.774719314408756
55265,-8.538205697021308,-36.7250466146284
55270,-8.576676678848404,-36.87484061396255
55280,-8.50013205252942,-36.944805860650064
55290,-8.912742075350845,-36.481261332902754
55291,-8.907796729384321,-36.48022108771418
55292,-8.89970952178431,-36.49414935729672
55293,-8.892982905318334,-36.493811954536
55294,-8.881636499999999,-36.499985142548674
55295,-8.884590847481146,-36.487701514109894
55296,-8.886919923682791,-36.47986059188134
55297,-8.87577567266079,-36.47453212604442
55298,-8.882590536499487,-36.46734523229852
55299,-8.882108782916951,-36.46769583658899
55302,-8.51444581298122,-35.124573377136564
55305,-9.056489210683596,-36.62461364948855
55310,-9.003899880817357,-36.32576030519953
55315,-9.129383430937288,-36.32749729991763
55320,-9.124430663700444,-36.45868124269964
55325,-9.024839005157318,-36.57020044972058
55330,-9.16889354089822,-36.6818578626962
55334,-9.275841958770897,-36.61337310343079
55340,-9.112292213094793,-37.11998828661608
55345,-9.044377464901023,-36.84717360711484
55350,-8.97519809519112,-36.68823899999999
55355,-8.916920160366196,-36.658210371030876
55360,-8.774823805308179,-36.62418201449055
55365,-8.738271667351048,-36.62720726733937
55370,-8.521358353079304,-36.44674684649763
55375,-8.742482738101828,-36.335668169986874
55380,-8.48873343648214,-36.23589549953374
55385,-8.661560451110859,-36.323476187948735
55390,-8.580123847046906,-36.17849114357644
55395,-8.712751565735138,-36.417042373859466
55398,-8.705931892216375,-36.48675755246668
55400,-8.669286864125112,-35.722825457859614
55402,-8.599729853836907,-35.763144909990004
55405,-8.783963466604874,-35.81340658856841
55409,-8.729569155894751,-35.796491408904345
55410,-8.807156653609967,-35.93254420087457
55415,-8.82742099265429,-36.01182921456689
55420,-8.88118681316353,-36.197640166722024
55430,-8.888967172771958,-36.28534496383506
55435,-8.87514861574168,-36.36700802010648
55440,-8.625124053506324,-35.84022242737291
55445,-8.56167727751966,-35.829577087670856
55450,-8.654107299974273,-35.9051612083592
55460,-8.610423037368761,-35.95319504333398
55470,-8.663873702374305,-36.00784360807909
55473,-8.656301109546803,-36.1005369701875
55480,-8.71767858285769,-36.13744024999822
55485,-9.828342384889478,-36.62521091833056
55490,-8.488776818706633,-36.06016170096976
55495,-8.456215199272908,-35.946215468405555
55500,-8.363480267741535,-35.236250224817645
55510,-8.345792941190952,-35.35431659196739
55515,-8.378008126283305,-35.45178163335554
55520,-8.516715500956957,-35.37699327626262
55525,-8.473497191310134,-35.544102066661125
55530,-8.582498831044166,-35.38439771546373
55535,-8.62559081310002,-35.526078012985046
55540,-8.679900867736391,-35.58958677543614
55550,-8.708273167145846,-35.52141420677601
55555,-8.804950169506766,-35.62475286662346
55560,-8.814134630891882,-35.19675915581834
55565,-8.896785823452218,-35.148427502834494
55570,-8.662047680938276,-35.15272338126209
55578,-8.755348041422664,-35.10167330152502
55580,-8.593916502238473,-35.113954147919145
55590,-8.441654724685936,-35.01699298578788
55592,-8.442564679020691,-35.01573301770147
55595,-8.513416771244213,-35.12499301620093
55600,-8.107024861503833,-35.297153743406994
55602,-8.120012653882553,-35.29651067818158
55604,-8.121789616356333,-35.30280958607749
55605,-8.116711920466186,-35.295985989833966
55606,-8.120849742426058,-35.311389750000004
55608,-8.111377361491849,-35.29975070085368
55610,-8.10873016385913,-35.2849838531653
55612,-8.115201220093484,-35.28891404440535
55614,-8.126336889681912,-35.289366790281825
55618,-15.778086223293393,-41.03447360455269
55620,-8.000223969489069,-35.29585844387178
55630,-8.141384175587792,-35.39581746499445
55636,-8.240448572438122,-35.46048339798769
55640,-8.205833536211038,-35.563581
55641,-8.200266574658098,-35.57048634296698
55642,-8.197195038995325,-35.561163042903715
55643,-8.211970069324572,-35.56712338550984
55644,-8.210177826906994,-35.57270953309482
55645,-8.194552411501478,-35.57834152105437
55650,-7.978542809692685,-35.581715106229424
55655,-8.011253135395577,-35.699785184918
55660,-8.235999184730328,-35.75320149811476
55665,-8.362763951168233,-35.762399999999985
55670,-8.432260853479786,-35.80931966704727
55675,-7.940611209282875,-35.63549046498017
55680,-8.470645455163119,-35.730019806605306
55690,-8.418518344072965,-35.663293760208965
55695,-8.326036129046091,-35.70954653598025
55700,-7.879185339710116,-35.447142156085285
55715,-7.949282561586197,-35.384399423856394
55720,-7.858272894037516,-35.59066772844268
55730,-7.796055326686348,-35.588810077468075
55735,-5.746774600319547,-40.24227688558323
55740,-7.685752499999992,-35.51538149999998
55745,-7.749231330719975,-35.60384849566182
55750,-7.842536326137343,-35.76081128595942
55755,-7.754587487261022,-35.718990928214886
55760,-7.784435999999946,-35.832882499999954
55765,-7.832290429777654,-35.88105263031436
55770,-7.9057686586164335,-35.989728427894306
55780,-7.942096490924689,-35.92153412239152
55790,-7.903349571646217,-36.04872280468568
55800,-7.742952855759725,-35.225141817619395
55805,-7.8020251027218865,-35.23811825025226
55811,-7.84450148308018,-35.24456671549742
55813,-7.849751799471127,-35.25980477431423
55814,-7.845792215608592,-35.263062625610445
55815,-7.843310493177711,-35.25542652360571
55816,-7.843653055499721,-35.26583235074686
55817,-7.8378238285910875,-35.24830859349011
55818,-7.849891911768505,-35.25191245245398
55819,-7.842597856194773,-35.23559271973876
55820,-7.842854675073634,-35.31134565088356
55825,-7.896327059338306,-35.17930768188005
55835,-7.997351435105818,-35.21123642466964
55840,-7.933099542755661,-35.293447383860745
55845,-7.724495181580483,-35.3262186848388
55850,-7.657815055892429,-35.32130887662821
55860,-7.59044532300447,-35.487990921123924
55865,-7.554499467025718,-35.45063639262548
55870,-7.512193278160688,-35.31761424989562
55880,-7.448678637039275,-35.242762825753275
55890,-7.603496156572918,-35.22872958621809
55900,-7.562153775612238,-35.00011995406544
55920,-7.407776018144835,-35.11166550070516
55930,-7.408054062718584,-35.27268634610464
55940,-7.5871044928108144,-35.10138173066137
55950,-7.664789081258919,-35.10236778320914
56000,-8.071486575477643,-39.12325027204929
56120,-7.928679887175499,-38.9693121689615
56130,-7.7193714219130705,-39.23796558715305
56140,-7.945528499999998,-39.29642883421099
56150,-7.628094091278158,-39.55025177762558
56160,-7.714162929276155,-39.61613932573457
56163,-8.091617080084557,-39.57985797504807
56170,-8.61745491713267,-39.60187280944992
56180,-8.512134278871965,-39.309738568229946
56190,-8.228687973744837,-39.37686761814244
56200,-7.887677759957529,-40.08346120759389
56210,-8.201956344799406,-40.68292720672432
56215,-8.240063133971212,-40.33283402656231
56220,-7.77952926294316,-39.938514435415286
56230,-7.515294545064309,-39.72328995294416
56250,-7.761053651174698,-40.26795151277216
56260,-7.651281345123479,-40.14921176041382
56280,-7.577572307881221,-40.50114586640492
56302,-9.398467560101478,-40.49651457438397
56304,-9.393353328899476,-40.50238024571562
56306,-9.388221925616026,-40.51118673572692
56308,-9.395316188181626,-40.51266951679264
56309,-9.37755545661964,-40.538499253521096
56310,-9.381310455032065,-40.53631680467713
56312,-9.386199165752384,-40.54836676480468
56313,-9.365785983351577,-40.5438563086002
56314,-9.369574576172983,-40.53593278282071
56316,-9.35944350929083,-40.53873047200658
56317,-9.362301362458028,-40.54883039123136
56318,-9.380033737297316,-40.52178339212836
56319,-9.375239999999945,-40.51553383692978
56320,-9.37038290089308,-40.49411549884486
56321,-9.366293888639897,-40.50793404968546
56322,-9.359972665004603,-40.500189508598325
56323,-9.354870061449795,-40.49041035120507
56326,-9.359926051667845,-40.48439605274388
56328,-9.388213146257778,-40.48733980821169
56330,-9.383175582184721,-40.4948818718311
56331,-9.378366955633808,-40.51593087270928
56332,-9.388254807399564,-40.465559470345596
56345,-9.379866148323698,-40.53875172676857
56355,-8.44588353617762,-40.768014067872
56360,-8.51656856815567,-41.00755480429342
56380,-8.802300376437172,-39.82498339699765
56395,-8.996507030767637,-40.27303625016523
56400,-8.598489498998969,-38.57565292049718
56420,-8.321483937352491,-38.74329731891831
56430,-8.727143986339284,-38.68848894191015
56440,-8.751101158832558,-38.96179548543034
56460,-8.97923256623803,-38.22080772758174
56470,-9.176897222686843,-38.25077846422101
56480,-9.105248969909288,-38.149796602331584
56502,-8.408637602905332,-37.08019019866228
56503,-8.413138043731976,-37.06253882750451
56504,-8.416486654169928,-37.054902507611445
56505,-8.417516683353668,-37.05272460274639
56506,-8.419876999577607,-37.057637332438304
56509,-8.424818999999996,-37.06043016758976
56510,-8.423371935299082,-37.058014866872796
56511,-8.429390282436037,-37.06028079968287
56512,-8.414652167679108,-37.06757933050005
56515,-8.416986057525012,-37.04884034858117
56516,-8.432921896410086,-37.069681931717184
56517,-8.416261297446292,-37.04481950987603
56519,-8.417770426713325,-37.04165289641506
56520,-8.62330460471461,-37.15594560436655
56540,-8.75374685802484,-37.34057469848619
56550,-8.945198616512858,-37.419042665683975
56560,-8.901715788452288,-37.825383278611056
56565,-8.962880319462021,-37.62581112323446
56580,-8.539923475736057,-37.695399329328666
56600,-8.071949275134669,-37.268693020625406
56640,-8.088127951791035,-37.64288462782425
56670,-8.26924939528896,-38.03676049981466
56700,-7.472337015827338,-37.27541206539459
56720,-7.3792910936919,-37.189453534657005
56740,-7.349432873931253,-37.28585900572769
56750,-7.375730588898031,-37.479152865845926
56760,-7.60295451277095,-37.31376709706505
56780,-7.588788372626592,-37.54032070858186
56795,-7.600421531489453,-37.65166874042162
56800,-7.750205749614427,-37.63791860329412
56820,-7.804387202278191,-37.79339395983344
56825,-7.667369270100113,-37.68926112815532
56828,-7.718220000000002,-37.850652
56830,-7.677445221404325,-37.459577748737104
56840,-7.8361354460520865,-37.51313349888029
56848,-8.115034340943488,-36.21673712065287
56850,-7.866347385444366,-37.97412371014316
56870,-7.837449887878945,-38.10273300000001
56895,-7.82019035716593,-38.15325522749222
56903,-7.987650627575504,-38.295091706231624
56906,-7.985568298646203,-38.30863631662483
56909,-7.98108026981447,-38.28689463627651
56912,-7.990357038435394,-38.28759283711953
56915,-7.998162352750823,-38.30390693241957
56930,-7.939697831944059,-38.153363393656136
56950,-7.864365758718907,-38.7585824023368
56980,-8.122101093862518,-38.72903863442301
57000,-9.638605854290484,-35.710221546627054
57010,-9.669474179897234,-35.754613938072985
57014,-9.661569192884825,-35.75566595263665
57015,-9.653700510675812,-35.75670258090483
57017,-9.639262443969525,-35.74600377588146
57018,-9.620269491257432,-35.75407484831786
57020,-9.665165916626714,-35.73991725076459
57022,-9.669830579048874,-35.725013170061786
57025,-9.660734751080735,-35.72147276399994
57030,-9.664781069343636,-35.714355479241306
57031,-9.648508564644235,-35.71627154659807
57035,-9.657901676380632,-35.70401216472388
57036,-9.647997663985187,-35.706278139953255
57037,-9.644261553807347,-35.710359508424546
57038,-9.632966324097893,-35.70048495195824
57039,-9.57660774686946,-35.660296854838734
57040,-9.646449066333886,-35.72175875520801
57041,-9.637553536211035,-35.720260102606275
57042,-9.628036430458,-35.71943241922047
57043,-9.637248606999949,-35.72643594809283
57044,-9.62124566053443,-35.71010592697454
57045,-9.615843020130383,-35.723522794929046
57046,-9.605774210658424,-35.723098032056086
57048,-9.590660870171687,-35.73841799999997
57050,-9.646108508789954,-35.73321013647253
57051,-9.655887258670454,-35.733419999999995
57052,-9.622440044999962,-35.73380159394657
57055,-9.638234117657333,-35.739133354397396
57057,-9.628213353727885,-35.74076119463038
57060,-9.589816037191978,-35.76918765015293
57061,-9.59272390332779,-35.76353480720239
57062,-9.607119300498642,-35.75941060928213
57063,-9.587741354146246,-35.77569092343914
57070,-9.589338544549568,-35.78790706341971
57071,-9.573050933177598,-35.783692757298354
57072,-9.543148385178121,-35.7843898736151
57073,-9.551925690547549,-35.757808696891935
57074,-9.551915999999991,-35.74667422938432
57075,-9.554809840412016,-35.78799606371144
57080,-9.597047199971989,-35.748332431790644
57081,-9.572511918402665,-35.75639938856826
57082,-9.582217931444408,-35.758147741185304
57083,-9.56380495632584,-35.74272042021023
57084,-9.54846325867046,-35.724979323782655
57085,-9.558886935938428,-35.74205182455361
57086,-9.65657650790585,-35.72108849999995
57100,-9.486409372703925,-35.83778690338528
57120,-9.571634143985408,-35.82582463176596
57130,-9.599857822660145,-35.82322113037122
57140,-9.637658609091485,-35.79101525160084
57150,-9.598190348747098,-35.956608920568755
57160,-9.725374703283771,-35.84721144872577
57180,-9.840044731773547,-35.89596559633788
57200,-10.285735499999994,-36.56798572758678
57210,-10.406588860252992,-36.42965257527873
57220,-10.292327772325192,-36.3073057873191
57230,-10.126353396300129,-36.17565155161701
57235,-10.055580467691437,-36.05262131421984
57240,-9.780498925666581,-36.0973468567454
57241,-9.783200218205732,-36.102709576947746
57242,-9.783189036748595,-36.09109561663821
57244,-10.01030272311058,-36.02309041327164
57245,-9.805833399351116,-36.10821717676019
57246,-9.835211516363268,-35.97697001866031
57250,-9.784927418187268,-36.35180123872835
57255,-19.90536973144338,-43.94830637625486
57257,-9.833417820539688,-35.97763450259016
57258,-9.71764056943071,-36.05120210697602
57260,-9.577001999999949,-35.81304199999997
57265,-9.91066034408352,-36.356237865897704
57270,-9.888675029135362,-36.46836013110915
57275,-9.936543072788009,-36.55292468769173
57280,-10.127459053600878,-36.65591708158565
57290,-10.183776881735177,-36.83168893341278
57300,-9.753391240379225,-36.661371553615055
57301,-9.766108716250695,-36.64907021420102
57302,-9.760393808247656,-36.636477252691456
57303,-9.779071631179658,-36.635571134701806
57304,-9.761633686533795,-36.661429143167034
57305,-9.750351731385798,-36.66837757100754
57306,-9.74158470390755,-36.66795349215958
57307,-9.731242224798535,-36.67368456948124
57308,-9.724529197755558,-36.664950848576765
57309,-9.720626723324255,-36.68043265429624
57310,-9.735757449903089,-36.66366908840155
57311,-9.74172744838188,-36.65648364443251
57312,-9.744858887301845,-36.65295974205496
57313,-9.754612338647943,-36.649740226342
57314,-9.748578481306982,-36.64423634325468
57315,-9.734276999999944,-36.64408049999999
57316,-9.75719280593384,-36.6419855474303
57317,-9.797449499999994,-36.625158
57319,10.903854773744834,-18.98295118477645
57320,-9.617267151187152,-36.768938733862896
57325,-9.634651443169188,-36.57856092949353
57330,-9.828462779473584,-36.740929999999935
57340,-9.900391838891643,-36.678606752921866
57350,-9.959089857158938,-36.790509523977704
57360,-9.883948064916789,-36.82361899612163
57370,-9.967961545178726,-37.00368036173431
57380,-10.126440337605306,-36.898839497412084
57390,-10.05701557049892,-36.81269635551255
57400,-9.747723143430926,-37.43564284763145
57410,-9.671439068078186,-37.33081310575514
57420,-9.673820737744125,-37.12697488383944
57425,-9.659673050455462,-37.001011568286096
57430,-9.634879069707203,-37.2068049532458
57440,-9.60383932729064,-37.24849386111683
57442,-9.53412929901412,-37.295771872705984
57445,-9.55912839777023,-37.381661459287244
57460,-9.609530473129077,-37.76120021450701
57470,-9.501612044136785,-37.832093002918924
57475,-9.256300171550606,-38.00666108279144
57480,-9.383374689072339,-38.00074256885522
57490,-9.26329346327559,-37.93480438908667
57500,-9.37221645594271,-37.24664437562085
57510,-9.30576097535101,-37.285961331252444
57515,-9.468693575824595,-37.456424646634844
57520,-9.231736927151,-37.35124239566807
57525,-9.161692783420028,-37.35782972042644
57530,-9.116254812622063,-37.606508996334725
57535,-9.484511879284618,-37.37417989144659
57540,-9.118185299007378,-37.73066000251245
57545,-9.221286086277772,-37.74711852722372
57550,-9.517370684113779,-37.18895967043268
57560,-9.386144912398088,-37.088874032796866
57570,-9.401114999999944,-36.98745983777404
57580,-9.533979900969136,-36.98920059483209
57600,-9.405790015258393,-36.62982949592908
57601,-9.412222364870924,-36.63628625325647
57602,-9.41048442638234,-36.623208770468494
57603,-9.418325207427863,-36.63068754513732
57604,-9.428342932765291,-36.62835255602892
57605,-9.41588615646702,-36.62221434079581
57606,-9.411108279090449,-36.65186752789576
57607,-9.416913275366058,-36.63884959499762
57608,-9.410985938437817,-36.65164929049652
57620,-9.538340012459225,-36.63088588643677
57625,-9.389704443566467,-36.76153108674311
57630,-9.579874568635827,-36.475892078178205
57635,-9.534401643646602,-36.433931953834225
57640,-9.647665562498558,-36.49489270265123
57660,-9.683606142002596,-36.303481579816065
57670,-9.577076822364749,-36.302505842822725
57680,-9.643497195183237,-36.213671681125206
57690,-9.507342669485709,-36.01562795393633
57700,-9.372280950820995,-36.24253432371672
57720,-9.474804666921838,-36.28889862394603
57730,-9.451208581887236,-36.387711825813625
57740,-9.36758787012202,-36.36987808134629
57750,-9.316654310585411,-36.46675348654845
57760,-9.257272727281633,-36.297071918490246
57770,-9.39875927357614,-36.14704902443623
57780,-9.41148590888076,-36.08290054555961
57800,-9.159439465398139,-36.026942927811135
57820,-9.310788911907633,-35.94495047251242
57830,-9.24729333447672,-36.015559037682
57840,-9.17011111353734,-36.22115582796908
57860,-9.009546835484633,-36.05683196416033
57890,-8.968543696059914,-35.92475252270154
57900,-9.05522012822505,-35.398240738296714
57910,-9.156517575804026,-35.53309704364732
57920,-9.31757324002118,-35.562167004409154
57925,-9.403498139796552,-35.5092164747729
57930,-9.245165685532104,-35.491247269831625
57935,-9.463731413114727,-35.546658409559754
57940,-9.266110151969752,-35.37266096002942
57945,-9.155345527148668,-35.29669586643556
57950,-9.089342982062439,-35.26069976548011
57955,-9.01119524825376,-35.22154949999999
57960,-8.841735678637606,-35.45722942346455
57965,-8.940751921115535,-35.55446484045441
57968,-8.850632755566194,-35.56744369490416
57970,-8.941871705433439,-35.6630742054935
57975,-8.912359538758729,-35.723661008086935
57980,-9.137434176503133,-35.754685992298754
57990,-9.389524686898337,-35.83976307948406
57995,-9.276332430542915,-35.72568461469484
58010,-7.117593972661433,-34.88831683732039
58011,-7.124907501010924,-34.88787341622513
58013,-7.122804211028624,-34.87779873750516
58015,-7.1340922938533655,-34.87806008327077
58020,-7.113197116567609,-34.87635
58025,-7.111459091222492,-34.8647774603265
58026,-7.106932602497068,-34.86849724705008
58027,-7.100778033166947,-34.864221471861185
58028,-7.103355087425715,-34.856070409587986
58030,-7.115302072620606,-34.85550394927579
58031,-7.114373622714953,-34.84791225000001
58032,-7.117779608495694,-34.8354762314573
58033,-7.114809855675461,-34.8397959919499
58034,-7.108529988349545,-34.84196230840466
58035,-7.068554900128371,-34.842888990507944
58036,-7.094004472241811,-34.842358817790995
58037,-7.083867563929313,-34.836450631427034
58038,-7.105054447270444,-34.83456175555424
58039,-7.115250279214019,-34.82749286081136
58040,-7.126341978071458,-34.86310688416132
58041,-7.123040832361937,-34.853531002914195
58042,-7.121614590286866,-34.84695551276761
58043,-7.122272784689705,-34.83547142695505
58045,-7.124339315569276,-34.82541012031853
58046,-7.137008730594333,-34.82701459005561
58047,-7.162589032053164,-34.79934670652506
58050,-7.131254259507171,-34.848814734898674
58051,-7.147513136046957,-34.83958486372555
58052,-7.156042522072776,-34.83768091326678
58053,-7.151973654624534,-34.85071173978882
58055,-7.167709487376614,-34.84233171016861
58056,-7.174729173466446,-34.84136608186142
58057,-7.183381793366614,-34.84035694227008
58058,-7.166023559120531,-34.83078603835752
58059,-7.178389329230931,-34.829732012158374
58062,-7.204544999999994,-34.83400195917572
58063,-7.201917402985618,-34.851450260360785
58064,-7.20340378164683,-34.84398005453289
58065,-7.199974720091507,-34.85725478744842
58066,-7.215699080212342,-34.83543434747367
58067,-7.213259309244208,-34.8478167200832
58068,-7.198068778202136,-34.864758387131964
58069,-7.200450847085694,-34.88248228002487
58070,-7.15252469527139,-34.87672982744762
58071,-7.1628797514570905,-34.870638853561694
58073,-7.167777757977962,-34.857075510659215
58074,-7.174538524325694,-34.85708899132023
58075,-7.179223923073215,-34.86887804079865
58076,-7.175181706251733,-34.88134301617019
58077,-7.181705416741488,-34.86246367577751
58078,-7.180393725229378,-34.88221894823707
58079,-7.184911531637737,-34.885171521856414
58080,-7.1726096491070575,-34.89124623619366
58081,-7.178157020543567,-34.89624062323272
58082,-7.166736,-34.89671250000001
58083,-7.178253154957872,-34.9247326190077
58084,-7.16649153175511,-34.90922856283582
58085,-7.143098584511517,-34.888290749999996
58086,-7.152676358383527,-34.89113512846859
58087,-7.162376563693826,-34.89013271399097
58088,-7.156857583126534,-34.90074511809684
58090,-7.137254012205023,-34.910982269706835
58100,-6.9723163204621095,-34.8346056492645
58101,-7.021525821468606,-34.83162534099321
58102,-7.041671174623742,-34.84250243675925
58103,-6.995531137605131,-34.83096359691447
58105,-7.020278388845744,-34.84060234325825
58106,-7.236668939358767,-35.89346027640798
58107,-7.240182558976292,-35.92355247016561
58108,-7.077113851442469,-34.85104961567298
58109,-7.226365512394997,-35.92605871525331
58115,-7.147540843862363,-35.9614392526264
58117,-7.156577196059244,-35.85467461552405
58119,-7.105386421697518,-35.86941545995426
58120,-7.177571999999998,-35.733931489472965
58123,-7.2634980637039295,-36.24114698362798
58125,-7.062411324673435,-35.763422922756334
58128,-7.122523890083736,-35.77066666517346
58135,-7.019192838869713,-35.85899784919892
58140,-7.048398320126326,-35.92389251828903
58145,-7.086548064765291,-35.95801081737413
58150,-7.078363500624439,-36.05894276805587
58155,-7.058726629998983,-36.36288771822206
58167,-6.86480093439425,-36.35214120507453
58170,-6.722189265800926,-36.055916512350855
58173,-6.631495993261712,-35.9070973956194
58175,-6.485071837239333,-36.15382058755164
58177,-6.764674391431472,-36.246936073627474
58178,-6.455069440245824,-36.20711032823088
58180,-6.757645319738492,-36.46738900688163
58184,-6.679209101989148,-36.419713582326274
58187,-6.509465723002776,-36.346562606503696
58188,-6.644907070632345,-36.24817306021993
58195,-6.40230466829914,-36.45218500662023
58200,-6.851639457980246,-35.49100911421727
58208,-6.896315160017874,-35.52457486056403
58210,-6.843274432630999,-35.52899872989845
58213,-6.779793390016996,-35.496809367259736
58220,-6.751304322520536,-35.63419904821568
58225,-6.758801389530435,-35.65749668262559
58228,-6.603619311896482,-35.627073662732805
58230,-6.642759440315318,-35.792928451815314
58233,-6.5333286100129335,-35.74254890533068
58238,-6.780540392896977,-35.819150183307066
58250,-6.6735525973492935,-35.378332182852915
58253,-6.617127386618936,-35.46698334573153
58254,-6.615828931656318,-35.43909999999994
58255,-6.696891369612729,-35.53634332188355
58260,-6.688574251114973,-35.43328943993575
58265,-6.689043227868787,-35.41858603350855
58268,-6.752121093373906,-35.43978780043612
58270,-6.851810463980135,-35.38109533635782
58273,-6.641064402883947,-35.2925448066316
58275,-6.83023085903445,-35.24562887501742
58278,-6.612899329174805,-35.29161680385373
58280,-6.83684999999997,-35.1267527800385
58287,-6.891098354653848,-35.21029567486688
58289,-6.913064844320036,-35.24900246629444
58291,-6.718979212776461,-35.26602567205188
58292,-6.59506952169613,-35.05649920187382
58297,-6.804902384348514,-35.079200281797036
58300,-7.123636072546503,-34.97908103191105
58301,-7.131744774305671,-34.98087698611938
58302,-7.152263999999997,-34.965736584956765
58303,-7.149922882736093,-34.97210909085104
58304,-7.126418133535193,-34.95156025670101
58305,-7.125010687150139,-34.91157361741591
58306,-7.125229542436347,-34.91889180282162
58307,-7.12762684630793,-34.935273591583965
58308,-7.134084640856919,-34.93491447842577
58309,-7.134451255762838,-34.92329734154216
58310,-6.999859925895078,-34.83553584549485
58315,-6.934914124554831,-34.868575424545085
58320,-7.436053579725318,-34.910463607557965
58322,-7.287164999999992,-34.80526124999999
58324,-7.474283017479785,-34.80818636133932
58326,-7.517431899266915,-34.91507670762488
58328,-7.402507801138654,-35.11421053960449
58330,-7.373512760571632,-35.23917294598159
58334,-7.249762723903171,-35.20973208913269
58337,-7.140305987063774,-35.089996204083846
58338,-7.262389717269751,-35.26037387251013
58339,-7.247067228711103,-35.380543663332325
58340,-7.090859928557007,-35.229950413840626
58342,-7.147469450226598,-35.23749153904038
58345,-7.0588070965299154,-35.3162637380948
58350,-7.1676270361118455,-35.34969643972057
58354,-7.031585922819899,-35.46557269843835
58356,-7.124919570769275,-35.42402142469872
58360,-7.331240902710427,-35.33518681914538
58370,-7.357040675646711,-35.440073863191095
58375,-7.305014702574058,-35.47756564558349
58378,-7.377777214398313,-35.62894968068221
58380,-7.289087123466974,-35.60495698872419
58382,-7.248342654882025,-35.66502037269886
58385,-7.186463650746749,-35.681185608683194
58387,-7.1758035732213585,-35.58927191488588
58388,-7.039818524564273,-35.633436729106336
58390,-6.949666850846838,-35.545196482926
58393,-6.866453142068377,-35.61213026069695
58395,-6.818562409051209,-35.64228484134667
58396,-6.8277543910542455,-35.76028383181898
58397,-6.9666820403891,-35.703354402473465
58398,-6.965936230831401,-35.79410989528719
58399,-6.9040744281326205,-36.01124478544995
58400,-7.219097051762928,-35.89054368124239
58401,-7.209320459057108,-35.88188838426909
58402,-7.211007141684476,-35.87385408270818
58403,-7.20750651318597,-35.88881115015292
58404,-7.204419155312192,-35.899116244791976
58406,-7.216279360392984,-35.8698388148768
58407,-7.224829159460381,-35.870845616030664
58408,-7.242158682825879,-35.86529223045275
58410,-7.239890894803211,-35.87917074585545
58411,-7.252974094364939,-35.88115290709216
58414,-7.2406957418811935,-35.89290151458128
58415,-7.248919111750705,-35.90070660304934
58416,-7.2338196147664195,-35.90202114133823
58417,-7.247743491257424,-35.91097648034025
58418,-7.259828499568576,-35.90795349578872
58420,-7.275172754353737,-35.91165146630027
58421,-7.271484651857411,-35.9231637329342
58423,-7.2530939516105,-35.92179301748513
58424,-7.270863313373653,-35.93640867974128
58428,-7.225524199001667,-35.90231297362804
58429,-7.21877657216227,-35.90859134006578
58430,-7.223938491257428,-35.9180001931733
58431,-7.209216413636802,-35.922977013767834
58432,-7.243753495092168,-35.92295650069249
58433,-7.231275560779636,-35.92564389363204
58434,-7.242922995974093,-35.928230677450216
58436,-7.207082425087987,-35.94293679218573
58437,-7.210490556720983,-35.92973012535638
58441,-7.0275613822273915,-35.9529921569127
58450,-7.4818492130214675,-36.13292578163974
58458,-7.523320024290516,-35.998917676645306
58460,-7.743232162444185,-36.0629876303929
58463,-7.742462115412979,-35.87951585810637
58465,-7.696598290303212,-36.147249471640464
58475,-7.363158019733699,-35.900627100541435
58480,-7.491327493465215,-36.28841427739906
58483,-7.75199910722615,-36.31902997978901
58485,-7.633933993213537,-36.43475453639368
58487,-7.358277166318482,-35.78598734331538
58489,-7.545888770648164,-35.706107224902766
58494,-7.641560683472249,-35.55128621616701
58497,-7.695173611345055,-35.66453939144028
58500,-7.892169568971973,-37.120663309670974
58515,-8.07630214662209,-37.09585992799545
58520,-8.082587165509773,-36.85144034488872
58530,-7.890820242580693,-36.82543959016507
58533,-6.982217132163556,-34.83016205905253
58535,-7.79597240250463,-36.661062379993815
58540,-7.670201004658777,-36.88005108483145
58548,-7.567200620856406,-37.06092390413923
58550,-7.695145051586497,-37.083471663444456
58560,-7.622383492508776,-37.15033492579336
58570,-7.390804828107615,-36.80645019319417
58575,-7.3175223629479555,-36.65464974265099
58580,-7.48408501856931,-36.66352309208184
58582,-7.60637714087956,-36.816139278501645
58588,-7.629677234068473,-36.60436898740524
58590,-7.390676734565273,-36.53120019085867
58600,-6.872599211060384,-36.9167220532118
58610,-6.775092239256604,-36.798878580570886
58620,-6.770951117603545,-36.9922318557051
58625,-6.927355239182043,-37.096611407431894
58640,-6.994129999999927,-36.71354526836351
58660,-7.069428000000002,-36.57956430781482
58665,-6.941213824241316,-36.628192700275896
58670,-7.24642226336749,-36.487435710105615
58675,-7.221183860031728,-36.63355991201459
58680,-7.208790876626081,-36.82427100199794
58685,-7.077091335231696,-36.732248704492505
58690,-7.376445739975078,-36.946514625462086
58695,-7.290027211501278,-37.09108885693454
58698,-7.211424306162443,-37.05905566831004
58700,-7.026799961770047,-37.27589488002103
58701,-7.03447543471474,-37.28249629467078
58703,-7.027790212971768,-37.287383085210074
58704,-7.018794628784922,-37.28271474463192
58705,-7.008093118407543,-37.28845915593149
58706,-7.018299857801416,-37.2734590496469
58707,-7.04949897969351,-37.27466424531502
58708,-7.076204747709529,-37.28688373685988
58710,-6.740552933865064,-37.56897781496251
58713,-6.907009311873592,-37.521128189699326
58714,-6.907363698568759,-37.60224453988718
58715,-7.124193,-37.60752375
58720,-7.084733977178335,-37.444898680558275
58723,-6.845487445765311,-37.32536815593278
58725,-7.160750862352849,-37.30649873293842
58732,-7.12397776931988,-36.94639315542039
58735,-7.223903279038193,-37.253474669391146
58737,-7.265602257247106,-37.34322506970948
58740,-7.25785955146032,-37.426544581682464
58745,-7.388569913753139,-37.50862399352359
58748,-7.5156487656596696,-37.639576595570205
58750,-7.536707633382414,-37.81862581990502
58753,-7.6352218317050795,-37.8776452996767
58755,-7.736660384301405,-37.99314962301237
58758,-7.7404634999999935,-38.098183500000005
58760,-7.229153816687514,-37.748688633830525
58765,-7.1983980938500105,-37.92560565321951
58770,-7.017748415233028,-37.944923931085455
58775,-7.179140528524133,-38.14944455513745
58778,-7.092725424063937,-38.17170618954127
58780,-7.305664823488078,-38.151354016101436
58784,-7.251070978892842,-38.29869544007483
58790,-7.428450389061927,-38.071386501612736
58795,-7.387353358958297,-37.98936951785552
58798,-7.478399919169773,-38.040197088613084
58800,-6.761729571303441,-38.2297942403373
58801,-6.755241510598229,-38.22761954955365
58802,-6.759575138428563,-38.22622568534007
58804,-6.770108549246845,-38.227600170957096
58805,-6.774276267985983,-38.23531242014238
58806,-6.750888747162787,-38.23899140501552
58807,-6.76438627655144,-38.23327727835398
58808,-6.771148659801056,-38.23821995067455
58815,-6.941044733620846,-38.16252521290266
58817,-6.915381071506962,-38.32510077118079
58818,-6.617943590143187,-38.0966798603428
58819,-6.8435313958388875,-38.34731936729053
58820,-6.520364999999998,-38.17927928578266
58823,-6.784886522315277,-38.083682945406615
58824,-6.532046752932287,-38.05921394383829
58830,-6.553907839329411,-37.80564976176574
58832,-6.5408306296502445,-37.711731319862686
58835,-6.590651668559654,-37.914991718688505
58840,-6.767692614779369,-37.79579693715468
58857,-6.891203294538563,-37.724274
58860,-6.598247287993984,-37.6236811074435
58865,-6.492215123508718,-37.449506891788495
58870,-6.437850760973267,-37.65190131226437
58880,-6.37593801467161,-37.82516499837841
58884,-6.343729913483381,-37.74656990624398
58887,-6.44610968962619,-37.92778252965016
58890,-6.348046917593247,-37.498559408716375
58893,-6.212196145552142,-37.35489519343664
58895,-6.18874586737369,-37.53586970432268
58900,-6.888862322408008,-38.560377932283714
58908,-6.5751288115504805,-38.512056330191086
58910,-6.726096038619937,-38.451450431306014
58915,-6.519803580142404,-38.41330023559146
58920,-6.579596769611026,-38.59734519989374
58922,-6.452114776117632,-38.55165232057675
58925,-6.720639877930619,-38.63984547996822
58928,-6.482814165227727,-38.47966669011944
58930,-6.871453499999966,-38.64776899999997
58933,-6.403671411602919,-38.49845283303188
58935,-6.927134239719002,-38.67456433228732
58940,-7.119365908001253,-38.49863168157467
58945,-7.037671455372667,-38.344700638194816
58950,-7.212606884362872,-38.5857736637944
58955,-7.214857348769798,-38.36956755293232
58960,-7.312990979432076,-38.51402253176711
58970,-7.556674459694983,-38.50684285498587
58978,-7.626533916998115,-38.55918012240609
58980,-7.504601158150347,-38.40808639841724
58985,-7.553753770186212,-38.332461559850216
58993,-7.422618921913615,-38.218133572757935
58994,-7.426769898400557,-38.26235771725975
58995,-7.707566133392543,-38.155647601209
59010,-5.770634165416357,-35.19918009693289
59012,-5.780554849731964,-35.20046032070516
59014,-5.789190394509442,-35.193269138647125
59015,-5.807865826611974,-35.19913391094141
59020,-5.790981405764958,-35.201561556472754
59022,-5.802239856298524,-35.206415020399334
59025,-5.78695567594134,-35.206289091556464
59030,-5.79693077699231,-35.21124680786544
59031,-5.801575552181299,-35.214280902374604
59032,-5.805838863672841,-35.21599716645201
59035,-5.800225346583723,-35.22995939453449
59037,-5.8007831328713655,-35.22359775643481
59040,-5.793502093919903,-35.220869715431334
59042,-5.797313109354247,-35.24166667415893
59050,-5.803052940331204,-35.23316659893824
59052,-5.808755326587871,-35.23063938355317
59054,-5.811478798181611,-35.219577887039065
59056,-5.817646621594495,-35.20427828761034
59060,-5.817107576281999,-35.23497923397196
59062,-5.817071999992242,-35.22337320287483
59063,-5.82108884569214,-35.21939186802471
59064,-5.834021998301774,-35.21818966556059
59065,-5.838006743604369,-35.21911226533555
59066,-5.8511188710616,-35.21928645155526
59067,-5.870119546771281,-35.228248549122874
59068,-5.857760787119863,-35.23926666596463
59069,-5.847826725229381,-35.2423493336027
59070,-5.823397293510838,-35.23424014175659
59071,-5.822248714409343,-35.23978567415893
59072,-5.829271312108224,-35.2461766329419
59073,-5.853498666809107,-35.251664565840215
59074,-5.827789874834043,-35.258448887039066
59075,-5.824386960201716,-35.207906472801724
59076,-5.831732142247066,-35.2088817642247
59077,-5.8402480652230375,-35.20793075034625
59078,-5.845596338882803,-35.204107657366286
59080,-5.855410225921875,-35.208509282107045
59082,-5.862873089449501,-35.1963440044434
59084,-5.869781963500506,-35.20123318117028
59086,-5.866209460629272,-35.2103729850828
59088,-5.8752503016908175,-35.204296473772274
59090,-5.885537301142565,-35.17544537039065
59091,-5.879542936870419,-35.198501406731836
59092,-5.877445741185312,-35.1803651352367
59094,-5.87212199152084,-35.18434952928614
59104,-5.770399047694901,-35.258650157175666
59106,-5.767127422669057,-35.27212037223617
59108,-5.762721797820871,-35.25884578754919
59110,-5.75743312516595,-35.25430388926076
59112,-5.754453076605664,-35.25997713197529
59114,-5.757118512349255,-35.27374742452952
59115,-5.752068323201007,-35.27837998043452
59120,-5.756083512349253,-35.24716720399332
59122,-5.74884223531357,-35.22704625
59123,-5.739410602262188,-35.24575071822909
59124,-5.746839003606684,-35.24756791346976
59125,-5.735427637933565,-35.24110956835193
59127,-5.750526245552878,-35.24981799451787
59129,-5.744219469328888,-35.26195558181398
59131,-5.727832114345909,-35.2468422187085
59132,-5.730889592484394,-35.237576021928525
59133,-5.735305644468767,-35.23462152167798
59135,-5.729643744099497,-35.25231505307562
59136,-5.723010451690574,-35.248639198777624
59138,-5.734110980281558,-35.26416656668012
59139,-5.728886360811343,-35.2666748029459
59140,-5.92305955113665,-35.26518149999998
59141,-5.922713389679101,-35.27636054664462
59142,-5.922208559052316,-35.28521763657318
59143,-5.930667327816089,-35.27086838961696
59144,-5.943057096356979,-35.285766575318405
59145,-5.911671445038198,-35.27989377516564
59146,-5.90901978210484,-35.26645030219278
59147,-5.8991826500266775,-35.269890462936736
59148,-5.883281327759482,-35.23417172178402
59149,-5.879939334997361,-35.248122327060045
59150,-5.8806094098508295,-35.213630969742354
59151,-5.883552457297644,-35.20253836932838
59152,-5.889393342927083,-35.209392848045
59153,-5.886715373677898,-35.19984601507582
59154,-5.906082005662904,-35.20406694357568
59155,-5.929285417081733,-35.25212580192134
59156,-5.941556025752693,-35.25167170777317
59157,-5.943260253867756,-35.255191122941206
59158,-5.924368769273015,-35.20739020643393
59160,-5.945505443295171,-35.16606020504817
59161,-5.956609291989766,-35.15129473452518
59162,-6.070640491862379,-35.23992930854931
59164,-6.057262609608955,-35.11026999999996
59170,-6.198808041095981,-35.16435580993192
59173,-6.268147329941765,-35.20854904187425
59178,-6.229073662470593,-35.05094087637264
59179,-6.050738330895463,-35.139804291794675
59180,-6.332180067628508,-35.30606235271463
59182,-6.0678243369594735,-35.33402361183072
59184,-6.049398542013961,-35.43310857196904
59185,-6.3444062090216455,-35.37236503393552
59188,-6.266126022409408,-35.32729563444431
59190,-6.380663895494063,-35.13307267595836
59192,-6.316636306742796,-35.076863851282226
59194,-6.3694594765693715,-35.00616200948821
59196,-6.43545927508931,-35.21959843238294
59198,-6.488669454158618,-35.28710142776211
59200,-6.229613105445887,-36.02152221212171
59210,-6.341422499999999,-36.08485875
59213,-6.466736793112053,-35.946507183473116
59214,-6.418086145241082,-35.704299522318
59215,-6.480545054501408,-35.43210675963979
59217,-6.440139081002064,-35.784354118442096
59218,-6.4347815728365045,-35.64148942387484
59219,-6.188653591905158,-35.35649899371327
59220,-6.372854249999971,-36.18737049999997
59225,-6.42953262334844,-36.20317318034558
59227,-6.388547788464541,-35.598248458381086
59230,-6.243374335093925,-36.18304592509007
59235,-6.149270953067422,-36.11690372657124
59240,-6.198496456572181,-35.80230567407071
59245,-6.105856826983549,-35.710764065647034
59247,-6.122106000000002,-35.475278930623794
59250,-6.0368537129233015,-35.692569114423655
59255,-6.312589236668117,-35.4816401573738
59258,-6.278933066328225,-35.495675175965566
59260,-6.154928704599536,-35.605784299305355
59270,-5.988699081605762,-35.58207602043339
59275,-6.3201382565029816,-35.71158345602781
59280,-5.856318171232064,-35.35010439415978
59290,-5.77842636182606,-35.28975032054588
59291,-5.792086400346973,-35.33436365908238
59293,-5.750633421641003,-35.29546815160252
59295,-5.772948393996186,-35.281060851216466
59296,-5.773970771999927,-35.27383849968337
59297,-5.789439584051075,-35.306891951948565
59298,-5.786245180369347,-35.2960002824322
59300,-6.465255978636386,-37.09470844945333
59310,-6.716544996476296,-37.20247410278071
59315,-6.815330025901819,-37.198881
59318,-6.665726596359034,-37.39919832517812
59320,-6.464164294923558,-37.27195425584092
59324,-6.379449798310017,-37.35010512018184
59327,-6.377569779566954,-37.18632838788003
59330,-6.039409553745603,-37.02262345771604
59335,-6.124126644287064,-36.81120067209785
59338,-6.147078822134851,-36.71790441699429
59340,-6.217665286402299,-36.68237165303961
59343,-6.588520929366438,-36.77429217736615
59347,-6.704194913550998,-36.945345110851584
59350,-6.772411587315028,-36.73547799678492
59355,-6.944994113397061,-36.716341527850894
59360,-6.6881639161391,-36.66041653309227
59370,-6.435654740043615,-36.64051567793272
59374,-6.5569593585245824,-36.592938
59375,-6.412629855180035,-36.7887449450092
59378,-6.449367758761349,-36.87830048165279
59380,-6.258840521794979,-36.51846499575259
59390,-6.094381306859519,-36.46932952430724
59395,-6.046645012440098,-36.348429963183506
59400,-5.9739156148417765,-36.07521560372205
59410,-5.95008081354272,-35.92649201081064
59420,-5.878543233301801,-35.93521954188944
59430,-6.000320081801697,-35.869540046256034
59440,-6.10752907461681,-35.91378340816983
59445,-6.09027999999995,-35.94443999999993
59460,-5.895402908847865,-35.7622969728178
59464,-5.84076151578525,-35.692963484542844
59470,-5.810415376191823,-35.82315063243885
59480,-5.895215517021465,-35.63965586237755
59490,-5.823806150301517,-35.552830968995934
59500,-5.112567735683019,-36.63321115967305
59504,-5.260444391948207,-36.719157624399145
59507,-5.292004300794145,-36.762060545388096
59508,-5.509192105717009,-36.863860340808536
59510,-5.500912499999998,-36.50727375000001
59513,-5.642922118196903,-36.869951708165786
59515,-5.66595102738699,-36.60258906569166
59517,-5.696954478865905,-36.529427444915505
59518,-5.802520511273264,-36.887539397983474
59520,-5.958367832509628,-36.65554081590329
59528,-5.989065012224787,-36.41210259454984
59530,-5.521282599508257,-36.38155414139224
59535,-5.699950462941617,-36.24836493717754
59540,-5.758862428637833,-36.00036174988379
59550,-5.538613499999997,-35.818041813981395
59555,-5.6903164211774175,-35.820092861782804
59560,-5.618590103347245,-35.65507118013123
59565,-5.622587983336653,-35.59878678436817
59570,-5.641061652890439,-35.42495539556774
59575,-5.704154761645745,-35.290637212505814
59578,-5.317979107863573,-35.39649903802564
59582,-5.455005354378731,-35.55401775402703
59584,-5.19805121699231,-35.46146871113924
59585,-5.1244532566652365,-35.64212942108453
59586,-5.224181365760851,-35.837601502683384
59588,-5.148605996737337,-35.87726992805369
59590,-5.098929558699121,-36.00621811832378
59592,-5.063537654523469,-36.05172986000658
59594,-5.355925574123384,-36.12673848364387
59596,-5.098121551652053,-36.241779931512795
59598,-5.108233599643429,-36.3201227212726
59600,-5.199088588355622,-37.34921671209947
59603,-5.190002726722856,-37.351310643668384
59604,-5.208624251981083,-37.36226780888335
59605,-5.1938955,-37.35271911869992
59607,-5.184021832016176,-37.36166062542502
59609,-5.193328370807684,-37.382049536928896
59610,-5.190324337276827,-37.340502631202746
59611,-5.181535355888295,-37.3477699841536
59612,-5.175651326132621,-37.35781406023396
59613,-5.155605,-37.35197775
59614,-5.153660355401876,-37.36185498430345
59615,-5.15275637278228,-37.354140184844105
59616,-5.140274831904478,-37.35557763979338
59617,-5.159954105009955,-37.364730544081524
59618,-5.183202841660998,-37.33724596305512
59619,-5.175922141826801,-37.346774645889816
59621,-5.170431328417514,-37.33405051288956
59625,-5.204925179571117,-37.32796323706949
59626,-5.20426354843091,-37.301821118724284
59628,-5.218560485146279,-37.32591074613004
59630,-5.187300135266318,-37.31129130607357
59631,-5.213273969613368,-37.335750832954425
59633,-5.228453431606865,-37.32763314915688
59634,-5.238587488392709,-37.326659040573
59635,-5.228595790171407,-37.34922033186035
59650,-5.575745103612806,-36.9141296194325
59655,-4.954419077023285,-37.13251289767536
59660,-5.776646004224207,-37.101555285560046
59663,-5.173426423096439,-37.036628258286065
59665,-5.3377296142898665,-36.83644061697824
59668,-5.067623334264242,-36.78256980697183
59670,-5.643360970563208,-37.258696132500106
59675,-4.984155278824874,-37.15465920085264
59678,-4.838443948278979,-37.25381517965154
59680,-5.863418270853677,-37.310634321506214
59685,-5.8643003552483295,-37.18792639106786
59690,-6.017423663815105,-37.4072163452652
59695,-5.079559919448938,-37.61866088136693
59700,-5.661583099762994,-37.797585210514086
59730,-5.956418531067135,-37.7055079638222
59740,-6.077987585222177,-37.7183538762514
59760,-6.158508597464538,-37.768404931404234
59770,-6.101670821311124,-37.63884504045255
59775,-6.079277221816363,-37.51449013025185
59780,-5.790608672910592,-37.55882451063222
59790,-5.456150082476605,-37.52030540122436
59795,-5.597631599703352,-37.69698552598804
59800,-6.089876011723932,-37.91179092057344
59805,-6.116590176980359,-37.81342271172911
59808,-6.112090600262627,-37.958253105896276
59810,-6.025879105327347,-37.98805593122584
59815,-5.992077137489157,-37.94340174005202
59820,-5.936197845465662,-37.94922904480444
59830,-5.787811992496142,-38.06058969394825
59840,-5.928616926747431,-38.04484097065944
59855,-5.84100706726808,-37.99116083932017
59856,-5.784864728137915,-37.95869920483098
59865,-5.989725574235925,-37.81576812718647
59870,-6.215500952181269,-37.89055143743164
59880,-6.27822711457036,-37.79712979762501
59890,-6.160539099842051,-37.84194218881673
59900,-6.11226771435947,-38.207853439537885
59902,-6.088725000000003,-38.12465738105724
59905,-6.112224579423744,-38.31169284910792
59908,-5.999184596455753,-38.17005072741414
59910,-6.094981473870786,-38.37638145406662
59920,-6.21208115570251,-38.49730444946559
59925,-6.320036249999996,-38.490397875
59930,-6.26186922555314,-38.445534
59940,-6.415708499999994,-38.38761584426855
59945,-6.404363487834803,-38.32107375610817
59950,-6.4852539069805015,-38.31191618504487
59955,-6.462483675223601,-38.180204815804885
59960,-6.267100119871676,-38.041730999999984
59965,-6.4149274564004415,-38.01367353803458
59970,-6.294895929599387,-38.16123221518662
59980,-6.317886678415192,-38.28541617894542
59987,-6.264595090024267,-38.31241950582514
59990,-6.193137196932564,-38.223687303751525
59995,-6.206000422221084,-38.29186768823243
60010,-3.7226958265335526,-38.544358935051086
60011,-3.73587588121068,-38.54193573723238
60015,-3.731737012767608,-38.53721715283754
60020,-3.73789051928848,-38.53510999956803
60025,-3.7359292474320487,-38.531133759233036
60030,-3.7233283359686133,-38.53668882105141
60035,-3.7304115036066783,-38.53803765272086
60040,-3.7453323982774664,-38.52848386476427
60050,-3.742455247715528,-38.52747663711119
60055,-3.743560072192488,-38.52426685873387
60060,-3.7229046548704487,-38.51651157749032
60110,-3.7332049453228757,-38.51727656744474
60115,-3.735988407438398,-38.51048380460501
60120,-3.7516145710514213,-38.51009992498132
60125,-3.7380498165359057,-38.5025257833255
60130,-3.7527744708580917,-38.513402874271435
60131,-3.76166347960067,-38.51323565667377
60135,-3.7449486883115197,-38.5031885448237
60140,-3.739511577298156,-38.50463145767211
60150,-3.7352121024150193,-38.5002365291419
60155,-3.726191734664442,-38.50741827200066
60160,-3.729938804605004,-38.50053513281324
60165,-3.72499877208756,-38.49239415025671
60170,-3.7357282401461402,-38.49552975348206
60175,-3.735649567851193,-38.48220633670802
60176,-3.7379933048957352,-38.47734561587512
60177,-3.740839878988981,-38.46346417357223
60180,-3.7118339216553338,-38.46874974533485
60181,-3.7293042783772963,-38.47462283001401
60182,-3.730400987085683,-38.46341731838858
60183,-3.7560474838726248,-38.44595495243356
60184,-3.726895500000001,-38.468889
60190,-3.7510841315569223,-38.4726143425616
60191,-3.749195367406944,-38.46647070289019
60192,-3.7443540548070255,-38.48432705425878
60310,-3.713934614490137,-38.55126237468982
60311,-3.713888854982969,-38.55725276276762
60312,-3.7080767552829816,-38.569538683367234
60320,-3.727107051907168,-38.560136081597335
60321,-3.729762419408044,-38.55480267680744
60325,-3.7301500763474706,-38.55161250936028
60326,-3.7230331851232,-38.55249805176294
60330,-3.7136979111836457,-38.58558449819667
60331,-3.7045007391078393,-38.57814782396561
60332,-3.70198442763827,-38.57969944643372
60333,-3.7029937508337136,-38.57755478636838
60334,-3.7105098422153575,-38.572335899624996
60335,-3.714989827193029,-38.56282728628314
60336,-3.717661906851345,-38.57264802484274
60337,-3.709180496308396,-38.56735512248702
60340,-3.7246638577480193,-38.58039635997464
60341,-3.724150124070441,-38.5845527149576
60345,-3.7210111223190787,-38.59940426123306
60346,-3.7237049261786197,-38.58981411844307
60347,-3.7141624597495957,-38.59429628688861
60348,-3.718159491257424,-38.59983597224306
60349,-3.71266800974117,-38.602873363812
60350,-3.729329884817363,-38.586957978071446
60351,-3.729588006419196,-38.59417756695512
60352,-3.734763180324162,-38.59811026928732
60353,-3.7255498637813913,-38.601731184283636
60355,-3.7301502578337304,-38.569992568586684
60356,-3.7347936602804723,-38.57955915272086
60357,-3.729416214679832,-38.5718809503757
60360,-3.7443640714697572,-38.58867705996934
60361,-3.7449398032200336,-38.59454881992298
60410,-3.762094159587977,-38.53963623925206
60411,-3.7557770162756556,-38.530138580977166
60415,-3.7549367142507766,-38.52761158083639
60416,-3.7549510954901235,-38.5446650323458
60420,-3.7658664464573697,-38.54772934041202
60421,-3.770557797439654,-38.55578217936694
60422,-3.7399956566821095,-38.54785049854789
60425,-3.756244651682131,-38.54871027254891
60426,-3.754577545934551,-38.55308832247162
60430,-3.7471064042501943,-38.55154255895937
60431,-3.739576412985693,-38.54876298880618
60440,-3.760221863779403,-38.568320981487346
60441,-3.754204549619779,-38.56660729655491
60442,-3.755239732168609,-38.56459618887412
60450,-3.737189242308803,-38.555539161618654
60455,-3.7415495418858478,-38.5589873673167
60510,-3.7627048071890887,-38.58159911906807
60511,-3.750842832607242,-38.58067210124641
60512,-3.7519916923385632,-38.57928912971604
60520,-3.775134093225512,-38.580004053129215
60521,-3.761712895492389,-38.58837632573268
60525,-3.7674131230884895,-38.587074421518196
60526,-3.7544617507646016,-38.59448184271816
60527,-3.7563652438068114,-38.595046578068946
60530,-3.7733429999999473,-38.60886049999996
60531,-3.767879999999945,-38.606781499999954
60532,-3.7717229999999455,-38.616748999999956
60533,-3.763469999999945,-38.61101599999995
60534,-3.758220277043243,-38.60100795293954
60540,-3.786084355819684,-38.61592692569318
60541,-3.780388804834648,-38.59292088230072
60542,-3.7804407431328877,-38.58341922043972
60543,-3.795058305208756,-38.6021622470137
60544,-3.7943955042916193,-38.611787687242746
60545,-3.780066017485141,-38.601263744989545
60546,-3.7948155192031474,-38.61858714763228
60710,-3.7862075649345774,-38.56801762049238
60711,-3.803685680997572,-38.56800607531233
60712,-3.802148973466961,-38.56630197944226
60713,-3.799014066333881,-38.57955491243005
60714,-3.784751135806025,-38.55489825950718
60720,-3.7768579519879695,-38.5718891314035
60721,-3.781568603112147,-38.574432487232386
60730,-3.7909466126543134,-38.58251119747246
60731,-3.802792347769601,-38.599024400773295
60732,-3.813133673501641,-38.6206473459124
60733,-3.8189079790798353,-38.61366222325165
60734,-3.821441133674859,-38.608622544922525
60736,-3.8069675992333645,-38.60786074548993
60740,-3.7766427146761177,-38.5567617470137
60741,-3.785486993883152,-38.54746177116394
60742,-3.788648873081493,-38.54133484154098
60743,-3.801068912878032,-38.53689135383524
60744,-3.8041201362913,-38.54100552193344
60750,-3.8308412242015124,-38.556258672942846
60751,-3.835720499999968,-38.55768574999996
60752,-3.818641746321208,-38.57129186467197
60760,-3.833417478694072,-38.567854251894694
60761,-3.814352381354908,-38.55908909657232
60762,-3.8165740435165625,-38.572975248187255
60763,-3.8141355202110336,-38.59070171462163
60764,-3.808999437272761,-38.585140154309286
60765,-3.8250557803619354,-38.59079912357625
60766,-3.8315860219999536,-38.57121415087767
60767,-3.8173381648827354,-38.58101349999997
60768,-3.8206120589999273,-38.56940199999997
60810,-3.7634649784374687,-38.48968753872119
60811,-3.7729492075988125,-38.48493252921402
60812,-3.773840044908041,-38.472648459201324
60813,-3.7814436880374,-38.48654045697964
60820,-3.783296179294823,-38.50637671357262
60821,-3.7876786656125248,-38.49308465117398
60822,-3.798150066333888,-38.49347620967748
60823,-3.7934210509965114,-38.502290700586116
60824,-3.8068793579922513,-38.49494808729755
60830,-3.8093421806496,-38.47440976689405
60831,-3.827216621999981,-38.46347492732565
60832,-3.807863372209357,-38.45250059246512
60833,-3.795909569248081,-38.46956989311784
60834,-3.786383598389975,-38.46341294955897
60835,-3.805733622072767,-38.4329588878478
60836,-3.803085402831908,-38.45157749962748
60840,-3.8303194352479437,-38.49199066767429
60841,-3.8219180783368802,-38.491314896557384
60842,-3.8235721953949824,-38.50193035206877
60843,-3.8320280037762267,-38.47631414880904
60844,-3.823529749464175,-38.477912971694806
60850,-3.772509904524199,-38.51383894976626
60851,-3.766197892174954,-38.513897887558855
60860,-3.786984582064648,-38.52433797377228
60861,-3.811564707744237,-38.52241905620632
60862,-3.8174489648170704,-38.509407793686464
60863,-3.8248235887214204,-38.51567135389777
60864,-3.8000938760234924,-38.50860076432673
60865,-3.839702039413689,-38.5160570788194
60866,-3.834912244517836,-38.52220119934792
60867,-3.805584719249734,-38.51881792011092
60868,-3.810855196815374,-38.52726448454809
60870,-3.845486104872101,-38.52353763744187
60871,-3.836550781579951,-38.49214176242137
60872,-3.8467332768478326,-38.48489387426277
60873,-3.855702970858089,-38.499154548848736
60874,-3.860757547956637,-38.5056130284494
60875,-3.856719196664055,-38.481046384411144
60876,-3.8486842128872283,-38.5177758465714
60878,-3.857089999999971,-38.49008575099998
61600,-3.7276595649983775,-38.66342969160938
61601,-3.722499867302037,-38.65670215326409
61602,-3.730535907714505,-38.64670738033594
61603,-3.7401151472209375,-38.65154084646507
61604,-3.757662284026039,-38.6577106341177
61605,-3.741956427746258,-38.66311786525277
61608,-3.741563422144637,-38.64286836417862
61610,-3.737113914368573,-38.668747499999995
61615,-3.730311,-38.69909324988864
61616,-3.721274789711273,-38.79177459904023
61619,-3.6332693863082994,-38.71898353986201
61620,-3.670533152484004,-38.67579873541625
61621,-3.691969925529097,-38.64800574551338
61624,-3.677506779029943,-38.6663828641172
61625,-3.700795108689544,-38.66338721612401
61626,-3.688752079816224,-38.63485582600488
61627,-3.6935624770356976,-38.625430821311475
61629,-3.705577978862204,-38.645892497723686
61631,-3.696821773872977,-38.595358883553054
61634,-3.741490757266473,-38.61823703185696
61635,-3.737910782433197,-38.61089783562669
61636,-3.702078593605373,-38.69619121918389
61637,-3.6625623793904127,-38.79813222013788
61642,-3.7461826115493273,-38.60850332082675
61645,-3.755705047589162,-38.61365147691136
61648,-3.756639802072311,-38.61845111659876
61650,-3.760336972297277,-38.62221426240177
61652,-3.772845206768186,-38.62439870578871
61654,-3.7704285,-38.63538062461073
61655,-3.7671048807538323,-38.63565817550253
61656,-3.7657805913120495,-38.649505655107454
61658,-3.7676011647619587,-38.65540849999995
61659,-3.7681214081445904,-38.645883
61661,-3.781017573999975,-38.630874999999946
61663,-3.78088430675568,-38.65808525110107
61700,-3.906553119204591,-38.38446837914121
61760,-3.8784708002568,-38.45743186063702
61800,-3.9613230432233024,-38.615487434759956
61801,-3.982457148522448,-38.61531335770479
61802,-3.962058189603983,-38.61282527449765
61803,-3.978914367327019,-38.59756935679648
61805,-3.9375243514193135,-38.60995824775205
61809,-3.9052822574765287,-38.59952721967252
61810,-3.889722892361736,-38.59792195891743
61814,-3.8922664409035055,-38.608224388137394
61880,-3.970603655212568,-38.52400534560972
61890,-4.041516199552622,-38.63624624171361
61900,-3.876911142787613,-38.61983422006648
61901,-3.881949081120438,-38.62020049999995
61902,-3.8697529278073937,-38.62501149553618
61903,-3.881840993720744,-38.63293110246262
61905,-3.8670465442684434,-38.62453458056735
61908,-3.918426019369427,-38.622008262786615
61909,-3.90842146221376,-38.62201094152513
61910,-3.8601072682601,-38.645096908752286
61913,-3.8531816199043707,-38.6373377792401
61914,-3.848017713938215,-38.64599727306751
61919,-3.845004798303733,-38.61649216839673
61920,-3.8486909999999455,-38.61434011999995
61921,-3.844898852930428,-38.61408071828381
61925,-3.839632245534653,-38.592704939021225
61930,-3.8369864182584297,-38.58078443366611
61932,-3.861035240030052,-38.58437101703966
61933,-3.8693024798564384,-38.588532856129326
61934,-3.87404617910908,-38.594079498766696
61935,-3.8497170147503024,-38.58081238755328
61936,-3.8774639999999447,-38.603725999999966
61939,-3.872271926298624,-38.5962157650638
61940,-3.8965961502793176,-38.685508471888674
61941,-3.886054090760183,-38.68396047112006
61942,-3.883852317775768,-38.67794326583942
61943,-3.8725530866855498,-38.6724614135858
61944,-3.877576335509917,-38.66888248746025
61946,-3.9032918022432916,-38.67677765490613
61948,-3.906387541512857,-38.68284275546221
61949,-3.915803568793486,-38.69094578450255
61962,-3.9532422291143487,-38.69394848431213
61979,-3.504514941264218,-39.57289793990247
62000,-3.6900156501164623,-40.35139748160692
62010,-3.6877410678450477,-40.35162241309193
62011,-3.6864592739388655,-40.3522742427415
62014,-3.699250354073251,-40.362883001390486
62015,-3.693058735940769,-40.36314272646634
62016,-3.697530456629874,-40.36812574877382
62020,-3.686511059366439,-40.36147696558831
62021,-3.6818875324644345,-40.37266324410031
62022,-3.685311970694949,-40.363656647655006
62023,-3.691285812369271,-40.36494279315226
62030,-3.678679654551956,-40.36166775000001
62031,-3.6756977811517864,-40.37314720483427
62032,-3.6761999999999375,-40.33831999999995
62033,-3.6576492772390425,-40.38061899923271
62034,-3.674196168497743,-40.35135184708592
62039,-3.671061892521773,-40.35011889432007
62040,-3.6772325704765603,-40.342621191449936
62041,-3.677332145980725,-40.34952756088319
62042,-3.686729435785869,-40.33825413599175
62043,-3.6811935949666768,-40.34743503900647
62044,-3.674199736782522,-40.336419878476846
62045,-3.7074701709999545,-40.33957037699997
62050,-3.702214144172628,-40.33444718955237
62051,-3.703806000000004,-40.33638279014937
62053,-3.683209986699917,-40.31714435165925
62104,-3.695333592157074,-40.36080615677394
62105,-7.228791991219703,-39.34182259678056
62106,-4.08039884169151,-39.94739798999854
62107,-3.7761438792459336,-40.49898793650048
62108,-15.62361764734999,-56.05347726082504
62113,-4.337067186221648,-38.869451312634354
62115,-3.8016656916626097,-40.263202738192696
62120,-3.5876526628349734,-40.544881808233775
62130,-3.539900060235228,-40.45753460240587
62140,-3.5232775204926474,-40.34320213157887
62150,-3.4598678937740703,-40.20901420671863
62160,-3.55179035718177,-40.6550597967113
62170,-3.9056539251047337,-40.74550799712108
62180,-3.979748254325719,-40.69620637830805
62184,-3.949110903131814,-40.47495767427645
62190,-3.916833935319352,-40.38542542244555
62200,-4.705855089495249,-40.56126053049021
62210,-4.7535595304537415,-40.83008541309515
62215,-4.905313371025412,-40.75998338352129
62220,-4.742947371577515,-40.92737774355
62230,-4.542313777100072,-40.716441056135366
62250,-4.32749392505643,-40.71190742648864
62255,-4.244804727627813,-40.64416943184775
62260,-4.142209879885889,-40.58247945970853
62265,-4.193019521447483,-40.47858730533133
62270,-4.40931225651895,-40.404314020153706
62280,-4.335310089193395,-40.154379690157874
62297,-4.649571570068334,-40.20008928854567
62300,-3.5671344656509443,-41.09110512021373
62320,-3.7264446502367656,-40.99185339559019
62340,-3.7600145571131023,-40.81654863160296
62350,-3.849438342851014,-40.918125149044215
62360,-3.9225509298895314,-40.889024616078174
62365,-4.045268029624141,-40.7524365
62370,-4.0443056634650585,-40.86493685453847
62375,-4.164466575506595,-40.93899202362843
62380,-4.1632400680090775,-40.75261974500538
62390,-4.414697362998445,-40.90496282790725
62400,-2.901814711064565,-40.84649417184315
62410,-2.8946912176039707,-41.27579072239835
62414,-2.892767700852829,-41.27222373747967
62420,-3.035716644534008,-41.24306883346866
62430,-3.120749543204096,-40.830390299058074
62450,-3.2232718465226915,-40.69405248430391
62460,-3.314705593890249,-40.560049876938926
62470,-3.3572367960014304,-40.46879358154597
62480,-3.4660299633594853,-40.68095180835186
62500,-3.498943335147733,-39.580159965053234
62502,-3.5038215372055808,-39.54302918920984
62505,-3.4902575184409,-39.56743954084683
62508,-3.5023769657580206,-39.5805599213898
62530,-3.56892175647041,-39.96853630266762
62540,-3.365432009003531,-39.83061545318175
62550,-3.2291616367764564,-40.122490499999984
62560,-3.1211499918183883,-40.14862607529205
62570,-3.0553098605628097,-40.168703902030586
62580,-2.885400068049372,-40.11838441856574
62590,-2.9234178109375235,-39.91487556445209
62595,-2.918372466955087,-40.17542464663374
62597,-2.891233460827239,-40.29234761259453
62598,-2.895752794715208,-40.45264087500001
62600,-3.685421276797591,-39.58469670726781
62610,-3.988898999999996,-39.57702412797138
62620,-3.746524481069957,-39.78343815872474
62630,-3.947271290393598,-39.431249686683486
62640,-3.7934053792032256,-39.268715937814775
62642,-3.8581058886026622,-39.33704831884523
62650,-3.6230529248073973,-39.50841051268171
62655,-3.599204296193407,-39.43507901331616
62660,-3.676689134043846,-39.34254235472781
62665,-3.6708586912350354,-39.240064443824
62670,-3.607312647038957,-38.96849127185113
62674,-3.5529783447893766,-38.8312248896643
62677,-3.503039661912078,-38.92041619868282
62680,-3.4164596572726103,-39.03082177218384
62685,-3.4384367413622563,-39.14885066857917
62690,-3.272169665851655,-39.267623095816354
62700,-4.355874646765903,-39.31437916317364
62725,-4.2386007227785445,-39.06652089566502
62730,-4.233669569019069,-39.19356311476099
62734,-4.232947648475703,-39.1932983575095
62736,-4.0960946227452135,-39.24017161737841
62738,-4.050357372943323,-39.44879299814041
62740,-4.561254819410046,-38.921752862690354
62748,-4.466087962543707,-38.89989370332782
62750,-4.368890936339314,-38.801326257077335
62755,-4.487463044317072,-38.5905381963681
62760,-4.334321231192488,-38.87851685594104
62762,-4.419649420399754,-39.0457316091922
62764,-4.303102572688933,-38.99403194428395
62766,-4.261282006077697,-38.93574260635983
62770,-4.225010286812115,-38.91804654185612
62780,-4.147580599792734,-38.84712606861767
62785,-4.223570491645738,-38.70667875193522
62790,-4.223125525079573,-38.72863429062393
62795,-4.292249842463434,-38.64251687548273
62800,-4.566003699565014,-37.769688288729114
62810,-4.710930167007485,-37.36057909581919
62815,-4.452381953813379,-37.79858700000001
62820,-4.679196193871439,-37.82677734407359
62823,-4.83938497746286,-37.782384879416696
62840,-4.183762050483394,-38.12824067300606
62842,-4.260523363072529,-38.05295875243242
62850,-4.130329207573265,-38.24221686414046
62852,-4.044836406144064,-38.19245091538255
62860,-4.02929393694871,-38.30358476549045
62870,-4.175216176896001,-38.46337632741152
62875,-4.311001107054289,-38.49002401331581
62880,-4.097636740670193,-38.49420391996502
62881,-4.075140262040668,-38.49929066602553
62882,-4.100438263301552,-38.485839344534675
62884,-4.110192432242012,-38.4850941021477
62885,-4.131017079207135,-38.488455254464014
62886,-4.0980263665861605,-38.50514038373483
62899,-4.129987743899816,-38.49803687687897
62900,-4.939938988531988,-37.97317909017401
62903,-5.146241088435032,-38.10098578814206
62908,-4.994999999999948,-38.00332999999995
62910,-4.744889851907237,-37.96219425843858
62920,-5.07307110608245,-37.98889476293674
62922,-5.083044796163477,-37.91118133816753
62930,-5.148154499999972,-38.09655747185464
62940,-5.10552135028261,-38.370507967786686
62948,-5.243329999999958,-38.48055999999997
62955,-4.97483326429813,-38.637331463179954
62960,-5.246711876558262,-38.12830009080429
62965,-5.27258865375487,-38.27331455531103
62970,-5.519275322195822,-38.27180380273474
62980,-5.810410877265625,-38.30476286745203
62990,-5.723148003432357,-38.153904118982965
63010,-7.205816213681571,-39.31546373630148
63011,-7.1987237582654,-39.31943247791506
63012,-7.179059272991235,-39.32728218194214
63013,-7.205916898788452,-39.30157837385669
63016,-7.202980599858575,-39.3044329660242
63018,-7.211074450751229,-39.26986991289403
63020,-7.214509587793548,-39.311397815828265
63021,-7.2084098165912245,-39.28239696452235
63022,-7.222397684856051,-39.32834219091924
63024,-7.2299907848239044,-39.34651778299428
63028,-7.215955017528104,-39.299573438609414
63030,-7.225458648575103,-39.301058531356645
63031,-7.233854935851851,-39.29486561957478
63033,-7.231978158817648,-39.30476261256913
63034,-7.225023392673804,-39.3138989688139
63035,-7.217809017996828,-39.29520364822355
63036,-7.233839405610502,-39.27767291507338
63038,-7.230855931199587,-39.267834771696556
63040,-7.242487386065047,-39.32147729976322
63041,-7.225751164053767,-39.32587932878771
63042,-7.234737905358481,-39.32951970188382
63043,-7.245408313873195,-39.336913987563015
63044,-7.239312831100266,-39.34763601353764
63046,-7.244656743478457,-39.32650342798513
63047,-7.24321069620466,-39.30930451281167
63048,-7.246608792043811,-39.30376235162951
63050,-7.21599343220513,-39.32021940352677
63051,-7.234201235277311,-39.31472690648956
63100,-7.232095118636332,-39.41044306844997
63101,-7.234966430533564,-39.40576735447783
63103,-7.243656199535615,-39.41743306899728
63104,-7.24014157310126,-39.40849917638407
63105,-7.239339233799749,-39.41804940692089
63106,-7.25168111756088,-39.42159562079453
63107,-7.243233913591315,-39.4237729107124
63108,-7.256919103156733,-39.42987153224299
63109,-7.274225049557469,-39.43650931955671
63110,-7.2439993525981485,-39.42989042639277
63111,-7.24415709505635,-39.42863249566502
63112,-7.244204223095365,-39.43156600757292
63113,-7.230413999999946,-39.41799649941012
63115,-7.225251049216734,-39.42309736465348
63116,-7.227543581486084,-39.42005244800618
63118,-7.223162702463718,-39.41251920034736
63119,-7.225729572535036,-39.40949079304262
63122,-7.228445610572701,-39.39931271267958
63123,-7.211906789053898,-39.39043296094717
63125,-7.237030326362077,-39.39516068035979
63132,-7.225181442728761,-39.37610813571774
63133,-7.234524929616012,-39.36432152610071
63140,-6.873431578366453,-39.8714126056569
63145,-6.684456633790771,-39.75605208812144
63150,-7.076217864413508,-40.37389316534537
63155,-7.284689016551111,-40.45559483282916
63160,-7.092273525996401,-40.02954361364197
63165,-7.095482349891182,-39.67880714316803
63170,-7.212014253324816,-40.137431688446924
63180,-7.3103713859565165,-39.30044428587375
63185,-6.928743420386713,-39.57207987438205
63190,-7.186778790158063,-39.73606895441553
63195,-7.0005108185038605,-39.73884584171467
63200,-7.249209796467104,-39.14203725000001
63210,-7.386892660946056,-38.77444413691965
63215,-7.380811532754386,-38.77444413691965
63220,-7.041861958684928,-39.28431948271994
63230,-6.889939677635828,-39.2170471770587
63240,-7.359793676548152,-39.04884402341475
63250,-7.312662848968314,-38.94460767504994
63260,-7.490821579577301,-38.984600907713805
63270,-7.533753687475956,-39.11478587752277
63275,-7.68921042645958,-39.006049221275084
63280,-7.829225035932756,-39.07565591931012
63290,-7.58712144230463,-39.27823659217944
63300,-6.753351594328776,-38.96694518611535
63307,-6.966104945253509,-36.97883205893553
63310,-6.643636965657142,-38.70025286247731
63320,-6.730835913156227,-38.71584565970036
63340,-6.7908172902838855,-38.71837566533321
63360,-6.9431187643305226,-38.96628162493997
63380,-7.1757282742909885,-38.77914525852671
63400,-6.605441197858344,-39.06231279010353
63430,-6.40170958120032,-38.85758499984325
63460,-6.046185015391187,-38.46065021351673
63470,-6.031621115970989,-38.34871207775097
63475,-5.892556612270874,-38.62376875550513
63477,-4.9624733563413645,-39.0125151672579
63478,-5.948293215451628,-38.90256216920549
63480,-5.608763007178064,-38.764095626441886
63490,-5.453583981678744,-38.46299838290441
63500,-6.358034711350355,-39.297490501574124
63501,-6.354236469384574,-39.28813000372541
63502,-6.373941296523288,-39.29746252311102
63503,-6.37025881458125,-39.290263823212776
63504,-6.36995040094682,-39.30349975978964
63505,-6.374964249478835,-39.30954543899193
63507,-6.358075140632941,-39.31023317947884
63508,-6.352509610295487,-39.305307610295486
63515,-6.2523890933216055,-39.19842002744694
63520,-6.244523524319248,-38.91472635999276
63527,-6.245078288454222,-38.91514533294594
63530,-6.537598619511144,-39.4964993534232
63540,-6.791510263479926,-39.29751486377117
63560,-6.093368665785562,-39.45303385993127
63570,-6.775204859176947,-39.98784401478098
63575,-6.56786880896545,-40.121579811439496
63580,-6.521426222762358,-39.52598756929984
63585,-22.551254810991693,-47.898829557292736
63590,-6.538191047627718,-39.903212576266014
63595,-6.134503007315162,-39.877716306940094
63600,-5.5877728003976745,-39.37539415430142
63605,-5.806972883901228,-39.41790819598829
63608,-5.928246735588053,-39.42712070914688
63610,-5.745566457103231,-39.62817369377508
63620,-5.73153245686717,-39.007779817098935
63630,-5.453583917437864,-39.716963007712536
63632,-5.527701494234207,-39.5977276032925
63635,-5.676580228529606,-39.19440203164771
63640,-5.3961377214337425,-40.30889230524592
63645,-5.897480537592832,-39.2587338832103
63650,-5.8441258796469935,-40.70410999999996
63660,-6.002216911595636,-40.29379332541028
63670,-6.325763444167217,-40.156241060550286
63680,-6.210796299935822,-40.697304261382016
63700,-5.178471763311653,-40.6677930974478
63740,-5.537281082461732,-40.774138378916525
63750,-4.836746104870937,-40.32069266821935
63765,-4.942194167827474,-40.53816021377499
63780,-4.79265151578855,-40.065053001790176
63800,-5.196180839624436,-39.295610962783954
63825,-7.2064615237117104,-39.30997944532377
63860,-4.850886666110852,-39.573969205291206
63870,-5.125067805501191,-39.73084539599269
63900,-4.968839333770728,-39.01732033385776
63901,-4.958991594043445,-39.03185026617432
63902,-4.965899621066882,-39.02508002714395
63903,-4.973001429155113,-39.02293431182328
63905,-4.982077886497269,-39.0178861675105
63906,-4.99508244269121,-39.01231890854294
63907,-4.963953832719349,-39.00802520511448
63908,-4.966315728528781,-39.00901762939625
63910,-5.083127033247695,-39.04096206383959
63960,-5.306545045434191,-38.91986830178344
63970,-4.760013431688883,-38.75850430663296
64000,-5.085708577530167,-42.812231297251
64001,-5.091084598864381,-42.80713512506944
64002,-5.072204375956273,-42.81841197396408
64003,-5.073505597848579,-42.8202902657858
64004,-5.048137456417458,-42.8295542284836
64005,-5.052383097079531,-42.83117207720759
64006,-5.0502787322281595,-42.8127396816239
64007,-5.055651923514121,-42.81346280176951
64008,-5.038496103235838,-42.81701736784519
64009,-5.040067360477492,-42.81524424227719
64010,-5.064598315916959,-42.79576812478074
64011,-5.123939685268794,-42.75673609959755
64012,-4.987439722440297,-42.83381764281479
64013,-4.990111113089043,-42.83546958068997
64014,-5.093648289907358,-42.79330125662514
64015,-5.099089372579417,-42.79122784035311
64016,-5.1073528930213135,-42.79437488641383
64017,-5.109013806486496,-42.792412496091735
64018,-5.110412854532952,-42.80762944117393
64019,-5.113051123513964,-42.80813052605296
64020,-5.130292185838404,-42.800378955999975
64022,-5.135214683598769,-42.788141937886316
64023,-5.132296166993663,-42.78612033181152
64025,-5.142894705137812,-42.78564250545043
64027,-5.14711577186741,-42.79343014023034
64028,-5.156452376133897,-42.78535071260545
64030,-5.138120256236034,-42.774782517699805
64031,-5.133161767882626,-42.77497753742079
64032,-5.1472354673191205,-42.77416397849702
64033,-5.142543589263656,-42.75525344103827
64034,-5.175495861774538,-42.78885385308908
64035,-5.1830203725173645,-42.75864666818323
64037,-5.191040468489243,-42.74199835901919
64038,-5.200330499999993,-42.75548099999999
64039,-5.188290898540638,-42.76087047154216
64040,-5.067229602787885,-42.80769945271463
64041,-5.115754250396454,-42.73911823229359
64045,-5.085077066266716,-42.77309299401193
64046,-5.084434862818715,-42.775790722741064
64048,-5.072648546415491,-42.78932884938917
64049,-5.068836203867834,-42.78889640407801
64050,-5.058971846092383,-42.77574882475059
64051,-5.075369444413262,-42.775836446343384
64052,-5.066944379174299,-42.77710120439957
64053,-5.072404128818928,-42.75508291483097
64055,-5.067237170702925,-42.76537033543671
64056,-5.069287932711272,-42.76596858898085
64057,-5.046619174705837,-42.74083976826672
64058,-5.060438228937606,-42.75350666389886
64059,-5.049252214749246,-42.7555059117382
64060,-5.055214070321057,-42.780249589175845
64062,-5.035416160998752,-42.764585696367426
64063,-5.050955605856212,-42.77145195556501
64064,-5.03875651285082,-42.77111633846018
64066,-5.014329531566554,-42.776847064324365
64067,-5.00755960894508,-42.77855224341934
64069,-5.025939999999935,-42.74249999999995
64071,-5.037147789984121,-42.734705499231836
64073,-5.074014879786864,-42.748456158652445
64074,-5.063603676056504,-42.72151482809359
64075,-5.109639642038745,-42.77248517695711
64076,-5.117030999999992,-42.758554342481325
64077,-5.100559595096546,-42.751296330853506
64078,-5.102822175883848,-42.75267859784445
64079,-5.113239831333186,-42.75174538789214
64080,-5.109315528790358,-42.7474540904285
64081,-5.11022464803875,-42.739945150602345
64082,-5.105533499999999,-42.74075459757507
64083,-5.105839591584587,-42.73763352229378
64084,-5.096211691617503,-42.7331745
64085,-5.101079999999968,-42.72972485799994
64086,-5.115634192749708,-42.71972351069029
64090,-5.0842879992406855,-42.748033314465786
64091,-5.132300591888968,-42.75195996955543
64100,-4.244331979023022,-42.2947935676015
64105,-4.476650188397818,-42.30833007710929
64108,-4.408659438232506,-42.12100071382859
64110,-4.756884949474152,-42.57719125796686
64120,-4.587459711964078,-42.86409771595046
64130,-4.169207998809035,-42.89468951746522
64138,-4.512752302102799,-42.623818941454104
64140,-3.9823939647671,-42.6220097922699
64145,-3.894400200961311,-42.714633567050605
64150,-3.713844269206843,-42.555248409578255
64160,-3.460927992738546,-42.36989225295363
64165,-3.4967426377339335,-42.43473784701759
64168,-3.48451991815066,-42.5044701713218
64170,-3.506735865765622,-42.19278846124722
64175,-3.3222093475700696,-42.09070706159067
64178,-3.742338879019661,-42.310152131713
64180,-3.8958620399116377,-42.23425583998527
64190,-4.0248744768868,-42.07580556562742
64200,-2.9043345125485165,-41.776617411175046
64201,-2.8954367861858255,-41.787271230580835
64202,-2.906543036637033,-41.76111931956149
64204,-2.9074344581745772,-41.74967048098351
64205,-2.9251197701329605,-41.74282801172854
64206,-2.9007746595703447,-41.75602114649246
64207,-2.9160943551728344,-41.75066534298253
64208,-2.9193709959077765,-41.74640659240826
64209,-2.921121367104478,-41.73626787929823
64210,-2.9263847593963104,-41.74675521195426
64211,-2.927159857430944,-41.74936193713055
64212,-2.928834861711427,-41.75537063158185
64213,-2.9310254283156327,-41.75995557156357
64215,-2.915791897442954,-41.76124383179362
64216,-2.930395231389835,-41.762778232434556
64217,-2.937496800192125,-41.76645912912556
64218,-2.913302669980767,-41.779420851503396
64220,-2.882331570743441,-41.65753819613674
64222,-2.9292536939542786,-41.33738259112629
64224,-2.8527004394349413,-41.813432147622294
64225,-3.1890945489413034,-41.64084687872294
64228,-3.42026003871809,-41.89405656910353
64230,-3.177958932886267,-41.869604696767546
64233,-3.4769731326265494,-41.84254583642641
64235,-3.470861867158325,-41.554620442724385
64238,-3.601265423187134,-41.44991468677714
64240,-3.9288380091284014,-41.70894016054933
64243,-3.941371853903408,-41.26022815058864
64245,-3.811536441125165,-41.83259144397354
64250,-4.254459487283713,-41.27256869102799
64253,-4.70305718498977,-41.44855448725276
64255,-4.4263568799403625,-41.45370304292375
64258,-4.392026961078054,-41.59335864969289
64260,-4.276533783092853,-41.777567178763846
64265,-4.130638188553197,-41.778505119424246
64270,-4.457406797219454,-41.94249311244242
64278,-4.554619152346588,-41.9702504928953
64280,-4.828201581227291,-42.16764712937478
64283,-4.48533235878779,-42.11271221667127
64285,-4.915742162082587,-41.73287193624731
64288,-4.630764481477347,-42.17959865696123
64290,-5.037089246141122,-42.4586842154355
64300,-6.404498999999999,-41.73754936096953
64308,-6.515221614218458,-41.570513957537415
64310,-6.105346329212214,-41.78832315437302
64315,-5.802877640734254,-41.9544110482157
64320,-6.236225118708957,-41.42019953900491
64325,-6.205547548958661,-42.13971288733114
64330,-5.501742267827456,-41.32437492176845
64333,-5.865893536072304,-41.05116288968187
64335,-5.090599187693916,-42.20321237693925
64340,-5.319181407885172,-41.5516458940844
64343,-5.171154808493414,-41.70683064573488
64345,-5.314149486252718,-41.09448132522323
64350,-5.515893167491471,-41.89704268936386
64360,-5.252364654310874,-42.20801055021926
64365,-5.286123807429194,-41.93206878348626
64370,-5.665901932924851,-42.20555112078281
64375,-5.933497433354015,-42.11261169946273
64378,-5.8537655161806885,-42.210719282664
64380,-5.455832875376458,-42.358451704086
64388,-5.409658556365997,-42.64681246377987
64390,-5.359434566870133,-42.677484314215924
64395,-5.855600221937564,-42.43949154954959
64400,-6.245225895254157,-42.8535125699848
64410,-6.082774099763886,-42.73595617651903
64420,-5.973202928379057,-43.05806664023512
64430,-5.920016534803407,-42.719895062416704
64435,-5.997089408430462,-42.70296052611845
64440,-5.797040286515867,-42.66175403677563
64445,-5.681218315315021,-42.738174425979736
64450,-5.558418419709415,-42.61231693348276
64453,-5.620004256481491,-42.83116333952249
64455,-5.82045010979884,-42.51287731617333
64460,-5.892114280886089,-42.634283324827855
64465,-5.83736152435818,-42.6280274290776
64468,-5.846246889524823,-42.58037075008656
64470,-5.988779816540749,-42.560242561461536
64475,-6.622292320156217,-42.69508924078445
64480,-6.652628532481177,-42.5359311611498
64490,-6.231061238744403,-42.68935649893628
64495,-6.095649999999978,-42.63644999999997
64500,-7.016050318167189,-42.12473567262628
64510,-6.913474300936725,-41.86388675513923
64512,-6.599037708832212,-42.282637683874725
64514,-6.794131282002256,-42.39348579829666
64516,-7.226534864818586,-42.17846286387775
64518,-6.797075283931529,-42.2783482127004
64520,-6.395849231143864,-42.26092188834951
64525,-6.548064554885781,-42.25127145617813
64528,-6.521170650822286,-42.105497595034635
64530,-6.45076898850479,-41.92449013011539
64535,-6.666897987431215,-41.70789994927027
64540,-6.824867646643985,-41.74070508566805
64545,-7.180415601430608,-41.76558
64548,-7.235835746750697,-41.910421499179705
64550,-7.241409121242077,-42.53786857778833
64555,-7.494775716734682,-42.56666901363946
64558,-7.583426187095917,-42.37077806769642
64560,-7.4263352797389155,-41.911639855599304
64563,-7.467074383994395,-41.80032994122801
64565,-7.448466299545178,-41.48087363502417
64568,-7.60477358952083,-41.48049691640328
64570,-7.737995163302305,-41.67799018348847
64573,-7.465534531075945,-41.121317661004746
64575,-7.35499100911526,-41.13964238109581
64578,-7.133013965143998,-41.039578768879316
64585,-7.597181467347302,-40.818369200002685
64590,-7.732141060191587,-40.988422599667864
64595,-7.831613376353884,-40.90179154632432
64600,-7.085502699209726,-41.47023899679448
64601,-7.076751252917763,-41.47241182228451
64604,-7.0712579381926535,-41.449090333790494
64606,-7.088020642243812,-41.40331028488176
64607,-7.081773275715891,-41.43556274576379
64608,-7.086881922234708,-41.43537644963441
64615,-6.945932935876871,-41.51462070601737
64618,-7.103122178505773,-41.70312718066321
64620,-6.960137794256972,-41.673330470271864
64625,-6.872241667837374,-41.47649588805879
64630,-6.945900323516951,-41.3223721336496
64635,-6.818036093741583,-41.34643746634227
64640,-6.984503965356607,-41.22927567387507
64645,-6.9945766600233314,-41.134735010904166
64650,-6.997191488592299,-41.029115080008516
64655,-7.009409147100228,-40.93745462569119
64660,-6.83519043393653,-40.61361760691415
64670,-7.083379848176433,-40.83691210729428
64675,-7.242229233691043,-40.857230900552466
64678,-7.375997291112911,-40.96860887734235
64680,-7.353025293854988,-40.9083102641237
64685,-7.444191260009489,-40.66251082570541
64688,-7.142492844868905,-40.94060141040728
64690,-7.086173361261373,-40.61638633858043
64695,-7.332780646015498,-40.63693929501432
64700,-7.859680978304716,-41.91080775963509
64705,-7.972179533115574,-41.87149285067081
64710,-7.778301730415918,-42.25501761237191
64720,-7.864519881973609,-42.50340914816357
64725,-7.690896674229079,-42.71210934503554
64728,-8.06493952422563,-42.293646716369665
64730,-7.659708371744641,-41.88162294178604
64740,-7.880484952848661,-41.59260409820689
64745,-8.23574599630593,-41.688110336804996
64748,-8.220519005941386,-41.081004023802656
64750,-8.13603500221625,-41.14453114066718
64753,-8.14493320362046,-40.79571472350305
64755,-7.937482638438872,-41.2102510446086
64758,-8.580314458332701,-41.418740848020576
64760,-8.358095509418206,-42.252637111117444
64763,-8.496085880934887,-41.81770833607093
64764,-8.074864933538636,-42.04957966429256
64767,-8.377521277196188,-41.836442559380714
64768,-8.483035380662546,-41.532993012323786
64770,-9.014237570550552,-42.69234948148755
64773,-9.236208706764494,-42.96239684866926
64778,-9.169084034367527,-42.544389853520286
64780,-9.186523149773652,-43.048976946546475
64782,-9.220464493665624,-43.1291282650989
64783,-9.065175081712498,-42.99256483657498
64785,-9.341008978542066,-42.43672273874952
64788,-9.48162869482078,-42.78964754532636
64790,-9.001990172903392,-41.9730887971268
64793,-8.826232629471455,-42.47976066059053
64795,-9.281818923784456,-43.32789037693308
64798,-9.395735346249165,-43.68961386056345
64800,-6.77085367709954,-43.023950226791
64801,-6.773386847816928,-43.03468984315529
64803,-6.764217213542389,-43.0109412031166
64804,-6.771739537935958,-43.00913691404415
64806,-6.778232952452057,-43.0162150563076
64807,-6.787438629104427,-43.0121033592456
64808,-6.784373380797225,-43.03474974730645
64809,-6.772629980988072,-43.04354968008982
64815,-7.794385087806534,-42.924110287928755
64820,-7.601336324381058,-43.02680360894576
64825,-6.968437219431827,-42.67370907229079
64835,-7.777163626566641,-43.13636548212117
64838,-7.964657117340455,-43.22588306088984
64840,-6.7896637264532735,-43.56625607836828
64845,-7.122169999999926,-43.89051074841007
64850,-7.263910292425629,-43.93121372187002
64855,-7.220305569287085,-44.19548589019441
64858,-6.970124735382646,-44.19968020619058
64860,-7.235236079380787,-44.55470855958959
64865,-7.559956291495293,-45.24280782125927
64868,-7.864803509952608,-45.21117488286422
64870,-7.64084043778311,-43.95243184628344
64873,-7.570047212577284,-44.063227109671274
64875,-8.00853192026294,-43.87199402370352
64880,-8.097767498228166,-43.66004119822302
64885,-8.178634099682762,-43.79363223844991
64890,-8.110399182277417,-42.947595306708
64893,-8.401252761358954,-42.91263794033974
64895,-8.206469785023431,-42.834697752417874
64898,-7.856621999999996,-42.822557763800376
64900,-9.070808916283603,-44.36144736866907
64910,-8.953298244898939,-44.130157534463116
64915,-9.486171972562596,-44.58455181046884
64920,-8.816602615616041,-44.22092624542354
64923,-8.455556999999946,-43.978332499999965
64925,-8.726974021473067,-44.237086827949824
64930,-9.830169917276356,-45.34010854370314
64940,-9.75206622516459,-45.30505822226984
64945,-9.115584900608095,-45.921556088838436
64960,-10.034671499999996,-44.30187224999999
64963,-10.327402400500771,-44.23654363164904
64965,-10.139270355553858,-43.94772348718979
64968,-9.722471556601665,-43.89995932094595
64970,-10.22417964430682,-44.63593588345385
64975,-10.128415666690108,-44.954201364247695
64980,-10.43927647205241,-45.16444158366957
64990,-9.92338716711996,-45.47635168987134
64993,-10.030007402080914,-45.30435389220345
64995,-10.652307197176011,-45.18721141835517
65000,-2.5723484332719413,-44.20476621273573
65010,-2.5280248884240404,-44.30047988537892
65015,-2.533989968600126,-44.299164633014016
65020,-2.5279355692480787,-44.29132581204079
65021,-2.5307860399626425,-44.29155108224921
65025,-2.537230452680456,-44.292429715478896
65026,-2.539787623478772,-44.290581917638065
65030,-2.5443889219447797,-44.282361242714515
65031,-2.540054095475796,-44.28348999999997
65032,-2.5481749671658056,-44.22838076281172
65033,-2.540111488380642,-44.22518421687788
65035,-2.5288803859282116,-44.284652813838065
65036,-2.5392542875387045,-44.270437725229385
65037,-2.5344202577038315,-44.27647676172888
65040,-2.5479671043601018,-44.26551644409473
65041,-2.5518199611811783,-44.26569523393337
65042,-2.555920920602456,-44.268155020399334
65043,-2.5611616991505683,-44.26155099973013
65044,-2.5626539753014934,-44.2712435468225
65045,-2.5513266952507587,-44.248654011298946
65046,-2.545299481822365,-44.248319994864104
65047,-2.5444735721622673,-44.24273103181082
65048,-2.557431222444196,-44.24523936342501
65049,-2.5545890676095464,-44.2417252590355
65050,-2.546941500000002,-44.21229311518263
65051,-2.534740166801338,-44.21697541187291
65052,-2.548747914700294,-44.212096835943655
65053,-2.541703253678787,-44.20756800676495
65054,-2.5393671634983197,-44.207519810432295
65055,-2.5702678076634338,-44.22690099981613
65056,-2.561699102665884,-44.22489822814356
65057,-2.5615055964934945,-44.2306540217843
65058,-2.5709466947099795,-44.19881526979922
65059,-2.5579188753822972,-44.22864137086067
65060,-2.547501624661577,-44.231838087740556
65061,-2.5326300571810414,-44.25104447384872
65062,-2.531550400170206,-44.24330881894392
65063,-2.5337613272643673,-44.236417397035495
65064,-2.5353173517773753,-44.237547480129166
65065,-2.495484618096823,-44.22446715703588
65066,-2.508771458250371,-44.22273907823624
65067,-2.5124760906340446,-44.2333616871893
65068,-2.501043201720968,-44.221884082480585
65070,-2.5201039555946583,-44.26319300410271
65071,-2.4942325661350147,-44.262141710262654
65072,-2.50170334595348,-44.24605362962009
65073,-2.5125292456287127,-44.23762304964391
65074,-2.5112455011352193,-44.25572257816177
65075,-2.5000451929999485,-44.29190580599
65076,-2.513065302735678,-44.30189487133087
65077,-2.4938054310403737,-44.298702018570346
65078,-2.513100164031382,-44.26445149417162
65080,-2.5582846766332343,-44.304629999999975
65081,-2.5485664190951525,-44.25931165598129
65082,-2.5492798257691973,-44.31983859474606
65083,-2.5601353585896485,-44.216597975301504
65085,-2.5585160291419,-44.32872517262971
65086,-2.560807173466444,-44.335893489035726
65090,-2.5448429836730098,-44.24790387829648
65091,-2.54734346930743,-44.27462282987651
65092,-2.5682592572854763,-44.22830653621104
65093,-2.5728402900830023,-44.24248778889343
65094,-2.505691229969984,-44.31027913642785
65095,-2.543941613105164,-44.27924891301574
65110,-2.5526926054211727,-44.17069964663581
65130,-2.5361132782657707,-44.16482697094772
65138,-2.446676510488557,-44.10395383511551
65140,-2.92319248655288,-44.06273521723484
65143,-2.976483307536809,-44.318828047184326
65145,-3.1398111298291047,-44.324910322950686
65148,-2.8371738115912577,-44.054774451975845
65150,-2.941201106413407,-44.25017075340125
65160,-2.864573119524583,-44.04262299868353
65170,-2.7743934544506472,-44.05992773886371
65180,-2.605468147137394,-43.46340661457607
65190,-2.513092465881751,-43.44065826808492
65195,-2.499852000789883,-43.25351828224368
65200,-2.5227002663323583,-45.08398377744589
65204,-2.5970034516731,-45.40123429212481
65206,-2.968129657893153,-45.34851173676488
65208,-2.236980569328324,-45.300542064578345
65210,-3.321405084840822,-45.01279256380171
65213,-3.2908775493386395,-45.175694543540246
65215,-3.2122682902537463,-45.00188205197996
65218,-3.1008935824082604,-45.03177958957778
65220,-2.896353952252187,-44.880837757268
65223,-2.996036558725733,-44.9981246512292
65225,-2.958762776593132,-44.797129882705335
65230,-2.8763783486457166,-44.673720711599
65233,-2.70778070740857,-44.74003883695993
65235,-2.699952286492657,-44.83156884425073
65238,-2.648373078881917,-44.8956459208118
65245,-2.5778763574653656,-44.856665411120176
65248,-2.451112498088877,-44.78658621823799
65250,-2.405513250815945,-44.41769474127628
65255,-2.1330812140678623,-44.60451985057384
65260,-2.001347784213978,-44.53558797543362
65263,-1.8600037119818862,-44.58709666830239
65265,-2.066714188217697,-44.785463850087545
65267,-2.1948150066912238,-44.82799173786903
65268,-1.8279915146452763,-44.87043694006665
65269,-1.854240496904053,-45.113083062886986
65270,-1.7274566466744297,-45.14085717509382
65272,-2.544686537003723,-45.77650473320235
65274,-2.807199913220178,-45.70406334297901
65275,-1.5350686420427615,-45.08175953126883
65276,-2.2262160103812256,-45.30495599999999
65278,-1.6681280078793241,-45.36946681203226
65279,-2.3809630990251294,-45.82359654917417
65280,-1.453538321494786,-45.727930982763894
65283,-2.2443275243700582,-45.858584517296364
65284,-2.1295725987024587,-45.89123655953651
65285,-1.4134845264108455,-45.77169567117656
65288,-2.45000983027519,-46.03761183861147
65289,-2.0463877432014783,-45.95717809214692
65290,-1.3294921565114537,-45.89929002979697
65292,-1.7972490457936239,-46.307417332298144
65293,-1.6740152531915955,-46.01075156612798
65294,-1.879298142875148,-46.07207015168517
65295,-1.2048703943085473,-46.021387860079855
65299,-2.1412998881048457,-46.12782606689814
65300,-3.6601788347450475,-45.380192553698734
65301,-3.6518349076957217,-45.38772629795215
65302,-3.6564423476214585,-45.371615499392846
65304,-3.6648325855074715,-45.37028335408448
65306,-3.669415770183439,-45.38373778807791
65310,-4.164510871495693,-45.46696414784383
65315,-4.330462368659083,-45.58715125529508
65320,-4.28845973150471,-45.24565632730105
65335,-3.742219163376388,-45.25186935188345
65340,-3.839219777609032,-44.89370592299781
65345,-3.63865293999332,-45.185064264446005
65350,-3.4639218187974934,-44.87117158694287
65360,-3.4859879541431167,-45.25126967361474
65363,-3.427131429524291,-45.67295781698341
65365,-3.2758808645235242,-45.654438772596784
65368,-2.9505096665532777,-45.66542619168681
65370,-3.6090760349263444,-45.34172963166411
65378,-3.702622499999999,-45.50968125
65380,-3.5439098889262226,-45.607781352697714
65385,-3.554848369855872,-46.25696526326098
65390,-3.964174409169284,-45.66243206243938
65393,-4.316595730160598,-46.45818920462731
65395,-4.481930945094283,-46.8538832033006
65398,-3.6703518386714933,-45.84819223908624
65400,-4.459867627435386,-43.88987059052488
65413,-4.213659024600188,-44.448753191993866
65415,-4.131085193962522,-44.12592811770796
65418,-4.373524024361186,-44.3404859311921
65420,-4.255038015961045,-43.93871114364935
65430,-3.5433531435308483,-43.92003151557823
65440,-3.3313815772400313,-43.52747169817587
65450,-3.463938544701407,-43.90872328710947
65455,-3.406380830298146,-44.02416263022048
65460,-3.7279197415045777,-44.2281156466405
65465,-3.6345091552004245,-44.378010670511216
65468,-3.6272852204135684,-44.555883055408415
65470,-4.033497080473424,-44.466230314591385
65480,-3.4522390005140133,-44.77876789587211
65485,-3.3948583522489675,-44.355450672015536
65490,-3.2654232537474557,-44.616208963453765
65495,-3.5638797458182703,-44.58332973503095
65500,-3.741528499455223,-43.35704713387913
65505,-4.131822624144815,-43.325066576724936
65510,-3.622770087421804,-43.114514883990616
65515,-3.943334152766188,-42.91208325574576
65520,-3.679903180303572,-42.75190151952368
65525,-3.6742650906509224,-43.111868053744246
65530,-3.20834402879214,-43.403223918340544
65535,-3.1601182570384703,-43.50478237835407
65540,-3.5011899999999514,-42.56479444819326
65545,-3.580484233469485,-42.61271611102876
65550,-3.3637047968787446,-42.422699108658264
65555,-3.11795573681518,-42.412751408516186
65560,-3.3962112430153777,-42.20574156605351
65570,-2.8857589331449987,-41.90344630708628
65578,-2.8427630975686977,-42.119217354043926
65580,-2.7626796124878625,-42.27646066490725
65582,-2.8906151187756013,-42.310004354002686
65585,-2.71971071059894,-42.53893143094776
65590,-2.751518101723869,-42.82717316569671
65600,-4.858565981259882,-43.35320964411767
65602,-4.854911248636808,-43.359547500000005
65603,-4.838659715077385,-43.3528606496361
65604,-4.867356890836579,-43.34245091272906
65605,-4.871496356616694,-43.346885420629754
65606,-4.881957457500963,-43.35242484944471
65607,-4.869784722160611,-43.36836294922308
65608,-4.864180428592487,-43.378065542105794
65609,-4.876992891338499,-43.36513319843658
65610,-4.629506238847092,-43.47065135764226
65615,-5.1121176013049325,-43.81084018279628
65620,-4.254789561525037,-43.01518645717296
65625,-4.153444309494283,-42.94645538906886
65630,-5.1019748941548215,-42.82295362029518
65631,-5.091211795636596,-42.83459455647675
65632,-5.109211347976236,-42.83227363513391
65633,-5.129400463370919,-42.833984050393
65634,-5.110569732136288,-42.83320477083346
65635,-5.1165366885106565,-42.83672924494881
65636,-5.100435777300116,-42.837584426749416
65637,-5.116198152523384,-42.837185456811255
65640,-5.684132308572669,-43.09131718864158
65645,-5.520965173906345,-43.203422404981126
65650,-6.227290620371915,-42.99118254029041
65660,-6.753185880887946,-43.02428229358029
65665,-6.495122230802417,-43.70165101314601
65668,-6.413688667723884,-43.545261041488274
65670,-6.432253557772418,-43.988003024993546
65680,-6.180042380430037,-43.779205280832514
65683,-6.049807407469082,-43.526708367701275
65685,-5.839912802543517,-43.83432912655732
65690,-6.029673134758514,-44.24767895869013
65693,-5.818367879674888,-44.224600493904205
65695,-5.732550288018324,-44.1558765
65700,-4.2290561103919,-44.78418860670786
65704,-4.3733175315290325,-45.031829612746016
65705,-4.04043423428029,-44.93678036889406
65706,-4.141560246447639,-45.116088681322815
65707,-3.889927011993598,-45.170790301011
65708,-4.376730915181243,-44.67439922933147
65709,-4.037491491536464,-45.237718767347104
65710,-4.604339320717264,-45.05066990157131
65712,-4.6113398212331065,-44.97900254822562
65714,-4.620044054353246,-45.45997922732242
65715,-4.568487546989882,-45.130023257952075
65716,-4.448086458245717,-45.23970816999148
65718,-4.992621650667655,-45.3884790770274
65720,-4.661609056081906,-44.8532205553511
65723,-4.630079999999964,-44.76136999999994
65725,-4.571920109310255,-44.598449842575846
65727,-4.568291999999998,-44.61535777312005
65728,-4.520173753735583,-44.465377567852194
65730,-4.866641703192398,-44.359823250000005
65735,-4.728102310578403,-44.32689190471922
65740,-4.752511484851188,-44.9426205
65750,-4.875864733200351,-44.881622265944806
65753,-5.104648679121562,-45.08285470512421
65755,-4.983325765661615,-44.69845050000001
65758,-5.0219929145205064,-44.99301415188505
65760,-5.292299109072908,-44.49292895948638
65762,-5.048842827073133,-44.58615525
65763,-5.259920165562756,-44.644971225077214
65765,-5.03826737419775,-44.43825451724364
65768,-5.499676239882648,-44.56097147530943
65770,-5.025161200718165,-44.2705584451438
65775,-5.155471903108053,-44.29987277258448
65780,-5.322369574935613,-44.24318555753946
65783,-5.259708551103802,-44.0559895820248
65785,-5.408393556483855,-44.332606604018004
65790,-5.579634087283191,-44.38358201022786
65795,-5.480451529514341,-44.080406967987685
65800,-7.526855346197459,-46.040103527471025
65805,-6.965228017866944,-46.180079973536564
65808,-7.11922806213809,-46.26012174651058
65810,-9.111023961451401,-45.933131408663215
65820,-8.478827775378907,-45.74723765874397
65840,-7.023435091880407,-45.47840552613934
65850,-6.368891921447866,-44.36548497539201
65860,-6.477263019769857,-44.19108474045528
65870,-6.601149379637099,-44.08289176542564
65880,-6.738953375639314,-44.04398578913789
65885,-7.220023546986817,-44.55502150300355
65888,-6.815568611813747,-44.64250611006969
65890,-7.083945133335516,-44.81307950370379
65895,-7.08518970587049,-45.13760101670219
65900,-5.522594736960749,-47.486625105723334
65901,-5.526771857280778,-47.4837540672791
65903,-5.519468630133793,-47.476776772257566
65904,-5.483314785925648,-47.49228101131555
65905,-5.49107812811725,-47.48731665068482
65906,-5.484799713661053,-47.48782592850465
65907,-5.516035669938505,-47.48687721675502
65908,-5.49090746322154,-47.47861895937752
65910,-5.518143047190366,-47.47943731899754
65911,-5.517934797596787,-47.493953128776745
65912,-5.519897712131013,-47.45590558993503
65913,-5.529174640553093,-47.468568770318385
65914,-5.516045801520672,-47.46136337910824
65915,-5.5339436945666325,-47.46052421389181
65916,-5.540717057598469,-47.47821955460239
65917,-5.496161263534626,-47.4794213083782
65918,-5.559430199893766,-47.444819429023525
65919,-5.5078079144863334,-47.483490811671714
65920,-5.080766271332404,-48.429488014447365
65921,-5.172225913347798,-47.78605208030205
65922,-5.446567589386321,-47.40585426130691
65923,-5.568424029267769,-46.74751526427039
65924,-5.182932976906713,-48.13625921713533
65925,-5.879903523613863,-46.70404606861794
65927,-5.527044822311706,-47.39456221691398
65928,-5.750425107920427,-47.3614957760796
65929,-5.125076066905363,-47.38560835743813
65930,-4.950813248625312,-47.49535477722759
65935,-5.452257899393677,-47.2841969909762
65936,-5.8324440866598355,-47.0667222327113
65937,-6.1901704359155,-47.0371782533153
65938,-5.928939460871264,-47.38407520319015
65939,-4.453513396484853,-47.5283576317797
65940,-5.817178451726456,-46.14413600087782
65943,-6.438565745605303,-46.1879057134341
65945,-4.889073559438962,-46.00901468821803
65948,-5.143185112156532,-45.789737771018366
65950,-5.505053378572043,-45.24788965094855
65962,-5.365260896446586,-45.63356799732523
65968,-6.172610390463623,-47.36663594202633
65970,-6.345727868109312,-47.39516046482874
65973,-6.464728137171245,-47.05682827947891
65975,-6.559708900775186,-47.445010422277605
65978,-6.820902369272282,-46.53505640907994
65980,-7.3314281221450415,-47.47067989790986
65990,-7.361791329076543,-46.62537370127367
65995,-6.9625094807438,-46.68399085590911
66010,-1.4503886539307662,-48.49785505509548
66013,-1.4526032997575802,-48.47192072643717
66015,-1.4547371966601075,-48.498743235104996
66017,-1.4524922226603307,-48.49586412643538
66019,-1.4522149078424191,-48.49898710753658
66020,-1.4610311417710813,-48.50276842076858
66023,-1.4606660857522749,-48.49793840862653
66025,-1.464968871487166,-48.493569993520246
66030,-1.4702835950717614,-48.49020312698363
66033,-1.4636810563918683,-48.487649501789015
66035,-1.4544992329517672,-48.48792886164806
66040,-1.4564725713398756,-48.4797818756508
66045,-1.4623647274510845,-48.4798581829015
66050,-1.4370404557388836,-48.4875025433666
66053,-1.448419777684806,-48.49049750750183
66055,-1.4447018299960017,-48.484484623636746
66060,-1.4471085584175865,-48.47566073622278
66063,-1.4556238009983269,-48.472228444096444
66065,-1.4678822200934882,-48.47498449177704
66070,-1.4501524088233773,-48.460085137775
66073,-1.457325567012044,-48.46283285640125
66075,-1.4683820781093686,-48.464271
66077,-1.4562147327025412,-48.45191731057764
66079,-1.4657635645928668,-48.4523408475096
66080,-1.4276127921401824,-48.46850671161072
66083,-1.423493534407696,-48.4738712627676
66085,-1.4337330755091409,-48.46944262450211
66087,-1.4286807011077889,-48.46442096731301
66090,-1.4508774111893072,-48.46676078231589
66093,-1.4387278543191349,-48.46243740930715
66095,-1.4382414858330759,-48.454591246898126
66110,-1.3997033829655925,-48.47970768096827
66113,-1.4293287568527808,-48.48516739935964
66115,-1.3969063181759447,-48.48728201757958
66117,-1.4158083847560001,-48.48543330390946
66120,-1.4150699999999945,-48.47547913956923
66123,-1.4102549999999925,-48.47095219594324
66610,-1.4307280669914848,-48.44947635760868
66613,-1.4144895809769529,-48.44500122170078
66615,-1.4041531676380572,-48.44950326351787
66617,-1.395922625728545,-48.469621441022696
66620,-1.3988556618096764,-48.45909873319302
66623,-1.4002461618096758,-48.4402174565756
66625,-1.373444999999998,-48.43720384510427
66630,-1.3745520931629642,-48.45861651788917
66633,-1.4010908024516562,-48.45677992936916
66635,-1.3556039189652576,-48.45374911705526
66640,-1.3803117113821095,-48.44989717037183
66645,-1.4045511162934865,-48.43285456068321
66650,-1.361473731894481,-48.43326692091284
66652,-1.37059373609626,-48.42417651737935
66670,-1.3407424836257085,-48.44419862427145
66690,-1.4060509628080116,-48.3950284565756
66695,-1.3909038038453685,-48.473219301039
66810,-1.2977289117375712,-48.48169610834464
66811,-1.305752648883505,-48.47030779283268
66812,-1.3073054565612732,-48.48178659512955
66813,-1.2969889314444072,-48.470036233279465
66814,-1.316687860441924,-48.47135676089216
66815,-1.3004215965161066,-48.45897990550515
66816,-1.366393955126848,-48.47267085443472
66820,-1.3273701444740118,-48.44041031878527
66821,-1.3240511080256434,-48.45431100424729
66822,-1.309426617939372,-48.45872544714033
66823,-1.3311603913382355,-48.4376741046224
66825,-1.331736675710383,-48.47360162089507
66830,-1.3525956679367157,-48.46153240773553
66831,-1.3558068753822978,-48.46602787996992
66833,-1.3430619225576121,-48.4590974176534
66840,-1.265284770873497,-48.46449675721336
66843,-1.2497496397369097,-48.45619946765544
66845,-1.278198812705003,-48.474807662594436
66910,-1.163757510804725,-48.47202061663853
66911,-1.1677311766606175,-48.45983964749535
66912,-1.1477008921961693,-48.46249944295512
66913,-1.1534346150384038,-48.46652652582367
66914,-1.250106361522609,-48.448651310101965
66916,-1.4578593207589032,-48.49193007547432
66918,-1.1230385471224598,-48.43779483489941
66920,-1.2632245237462063,-48.47027967236991
66923,-1.0970280663716216,-48.41007202105992
67010,-1.395966177328535,-48.41817829311344
67013,-1.3856625066624428,-48.42553689569739
67015,-1.3694336117911656,-48.39723369515284
67020,-1.3898334432724553,-48.382855030912914
67030,-1.3587634345771091,-48.37543118885952
67033,-1.37617156000376,-48.37412839394205
67035,-1.3379402469868387,-48.37126019399658
67040,-1.3547799656112949,-48.38853810144391
67100,-1.3815477239232332,-48.424300544066185
67103,-1.3509015539844658,-48.39273384174923
67110,-1.3901238530552105,-48.41285809629305
67113,-1.3781661301189319,-48.4187954938057
67115,-1.3612107577585615,-48.41358212687068
67118,-1.386259373440644,-48.39844509276157
67120,-1.3488461957285132,-48.420210084359056
67125,-1.3383317204210916,-48.40517111782293
67130,-1.3692829148347776,-48.40656155179624
67133,-1.3597826127149786,-48.40255774660548
67140,-1.347603470146101,-48.39983544758347
67143,-1.352870982970248,-48.391857002205654
67145,-1.3500748612737503,-48.38562663245958
67146,-1.3607272834138184,-48.39092888914455
67200,-1.3667551836294922,-48.33861658731279
68005,-2.4241470488052883,-54.71304339549161
68010,-2.4324288501232467,-54.70488300576345
68015,-2.441503054372319,-54.697101209902556
68020,-2.4474627332673995,-54.708002190135964
68022,-2.467768499999995,-54.71291925
68025,-2.467370827601357,-54.71791790625444
68030,-2.439879662901709,-54.724381817400484
68035,-2.447021939469284,-54.74031351458592
68038,-2.4449873631548877,-54.75385553300573
68040,-2.427291190312044,-54.73064599506196
68041,-2.4239540049919683,-54.732853248913365
68045,-2.4590064033130186,-54.69911118086645
68047,-2.456018691965319,-54.74983623510777
68050,-2.4656555030160785,-54.7172099958253
68129,-2.681912354794702,-54.641634082926586
68130,-1.8070990004250707,-53.47944461445471
68138,-3.868147449176295,-54.21792404271855
68140,-3.7186778880894895,-53.7402704449966
68143,-2.6457101345037484,-54.92628799999996
68145,-3.452720806937529,-52.89003800794516
68148,-3.304641174429197,-52.53921608879203
68165,-4.099665157712469,-54.90828305636539
68170,-2.155184654762421,-56.0924915799629
68180,-4.264351088389869,-55.98577940341099
68181,-4.271288184063329,-55.99056401846731
68182,-4.266917471824709,-55.99039275
68184,-4.269944453477771,-55.98330175975004
68193,-7.038132527202683,-55.41757544244315
68195,-6.2212645762425725,-57.75772100264038
68198,-4.703299444793461,-55.99450411519466
68200,-1.9486761526224812,-54.737837506831625
68210,-1.8900644905310178,-55.117005627119156
68220,-2.00144797576012,-54.06969363333113
68230,-1.5278233341373055,-52.575631218833664
68250,-1.9089139086472169,-55.51565820491069
68270,-1.763879946325268,-55.863126213343406
68275,19.836718825465,-30.411009190088656
68280,-2.1734549865063064,-56.744427131921
68285,-2.105237557363219,-56.490571479267274
68300,-1.4070059700618307,-51.64735398443164
68330,-1.7528106334466926,-52.23575399499386
68360,-2.591829487657393,-51.95305148207294
68365,-3.4675690614849835,-51.2052490062351
68371,-3.2078705898341493,-52.2139415330218
68372,-3.219497234520301,-52.220296538043286
68373,-3.21396999051122,-52.22781450000001
68374,-3.2083190167414775,-52.225499231750696
68375,-3.1961570594387,-52.21689069761636
68376,-3.203513541514835,-52.18868515413227
68377,-3.192593513706255,-52.20784713068239
68379,9.049062717536653,-25.170903455030523
68380,-6.63980056988919,-51.977411363689654
68383,-2.8879642371193084,-52.01332507084293
68385,-6.753118023578605,-51.153455903906895
68388,-7.6447163443406,-50.35758793468894
68390,-6.751356880784805,-51.077331606399305
68398,-7.811085158673443,-50.7699585336144
68400,-2.24500135587482,-49.5010329604255
68415,-1.8956560164544762,-49.380940350578925
68420,-2.5814186545170275,-49.50662551905087
68430,-1.9813438175316973,-48.95788776227937
68435,-1.9676686641282155,-48.9544034192515
68440,-1.7238725902873018,-48.883484539935125
68445,-1.5083077482001164,-48.62326763813117
68447,-1.5125123014111037,-48.68187218864885
68448,-1.5651083016311684,-48.76079784775097
68450,-1.8899395720836818,-48.7668671504955
68455,-3.830890613731552,-49.67859260252079
68456,-3.7659855350040607,-49.67490189571237
68457,-3.755286606390389,-49.676082810256936
68458,-3.763496938719043,-49.66857220352006
68459,-3.7763120372185,-49.67250622442535
68460,-3.756015021559172,-49.66735830843385
68464,-3.755182011694471,-49.67262613747115
68465,-2.7925289692482536,-49.66846838514368
68470,-2.003182804135199,-49.85823793220211
68473,-4.25028282191143,-49.95083140995115
68475,-1.900318800771804,-50.21000424424058
68480,-1.9354285808179457,-50.81914517845118
68485,-3.836062826534272,-50.63627080918149
68488,-3.775111693044909,-49.566086520327126
68490,-1.806461744280166,-50.71512604535652
68500,-5.349989226250044,-49.13392355060744
68501,-5.379483833330163,-49.130968418661226
68502,-5.365305926224709,-49.1253432135192
68503,-5.368424365033576,-49.11887115257129
68504,-5.345906622632629,-49.08063279314662
68505,-5.342853477784683,-49.09941596806052
68506,-5.352050274867211,-49.07132919640009
68507,-5.35518935407223,-49.09109109332502
68508,-5.345139922731564,-49.11520311808928
68509,-5.350531206564843,-49.09870794289221
68510,-5.363902218317445,-49.101783982674505
68512,-5.348395190404365,-49.0994231824418
68513,-5.312032982085515,-49.07419472164935
68514,-5.367055329732242,-49.12499133553474
68515,-6.073779066882676,-49.89710469485494
68516,-12.521263887473877,-48.4034936003218
68520,-5.539552465534765,-48.73243102939585
68521,-5.70578385929867,-48.40659636188024
68523,-6.097004425231317,-49.60357103141348
68524,-6.105214700331858,-49.35680173701974
68525,-5.047117064658036,-48.59940722895477
68527,-4.951333922717291,-48.3964212897068
68530,-7.312838586495948,-50.04856097749095
68533,-6.803702070159428,-50.48285512753935
68535,-5.743818186212006,-48.31996260478912
68537,-6.531111862449625,-49.85194673393396
68540,-8.264525026482936,-49.265459328045395
68543,-7.5640391181177264,-49.70282728202562
68545,-7.83386403901651,-50.04157082744215
68548,-6.9433732517632105,-49.6992017561319
68550,-8.040156860129512,-50.027592799240345
68551,-8.041877692571804,-50.03437381890957
68552,-8.03793121847945,-50.036964676950184
68553,-8.027117049008648,-50.02871882493602
68554,-8.043371453011133,-50.0426629687651
68555,-7.101824951881634,-49.94154810980505
68556,-7.094398407096492,-49.941936775097986
68557,-7.098215380949121,-49.9393219240201
68560,-9.336213645666021,-50.340006782636465
68565,-8.868052786653424,-49.716316242915816
68570,-6.392984059182792,-48.564264805614485
68575,-6.4479839474696306,-48.86804212979701
68580,-5.134785384753941,-49.33237004985034
68585,-4.921410660315535,-49.07787216215181
68590,-4.448497644611599,-49.11483198697776
68600,-1.05811202825004,-46.76718735224199
68610,-1.0237206257946334,-46.63750379882687
68617,-1.7633869979249954,-46.54153000205609
68618,-2.268908693441573,-46.970159780865416
68620,-1.2012244294564798,-46.138742486144636
68625,-2.9964787336932384,-47.355050390116446
68626,-2.996194504410451,-47.35869154575542
68627,-3.0087940154254698,-47.357339030613815
68628,-2.9843430576291508,-47.34955874391642
68630,-2.9947243718476133,-47.34354494354462
68632,-3.751135781652344,-47.50083225
68633,-4.293532942614943,-47.554344292831516
68635,-1.6757700129163986,-47.77005994253089
68637,-2.558649030125477,-47.49883695514504
68638,-4.77671657620207,-48.06997195811469
68639,-3.8458719966480763,-49.09911832066307
68640,-1.5488957830419186,-47.11413562068216
68644,-1.525083322844742,-46.90304071691898
68645,-1.3648420571349449,-47.30768240523246
68647,-1.0775817424355298,-46.90421469930169
68650,-1.747497460429743,-47.062896007229874
68655,-1.77432890462424,-47.44293646251551
68658,-2.1337324246306575,-47.558806303585946
68660,-1.6169131489150297,-47.47837325396073
68665,-1.9323519650048009,-47.051469604275084
68670,-1.5155752009052486,-48.04225549485361
68675,-2.0455459007799743,-47.5550837648596
68680,-2.4170391526504167,-48.151937298665075
68682,-2.416025434817875,-48.24065130436382
68685,-1.9951217153233216,-47.94587756182241
68690,-1.9599034443852248,-48.198682837851976
68695,-2.944466675499303,-48.95248197643313
68700,-1.1928692385892263,-47.17718301409897
68701,-1.2004415591235975,-47.17539938172264
68702,-1.1974068591035367,-47.186682706976974
68703,-1.1887137987913903,-47.1874695586295
68707,-0.9395008251651253,-47.11699557257356
68709,-0.8976415200782392,-47.016034331458826
68710,-0.7715322315588853,-47.45086674184734
68719,-0.7724005236324718,-47.17835766162818
68720,-0.9306623862693522,-47.39280276247925
68721,-0.6251564431761176,-47.34908409391539
68722,-0.8004635229106666,-47.60093706294072
68725,-1.1294136866105209,-47.62124810775538
68730,-1.2062850405801566,-47.39118790769334
68734,-1.193290523192727,-47.31581364250289
68738,-1.347212062466243,-47.57350581075379
68740,-1.2979981595509518,-47.92627492248826
68741,-1.3002388137751146,-47.94031247213937
68742,-1.2904725436634243,-47.94023988291777
68743,-1.2842101819854257,-47.92733237764422
68744,-1.2786118434792837,-47.91459731825408
68745,-1.295414145624778,-47.91491043883139
68746,-1.297804677130974,-47.8979704954983
68747,-1.295252999999994,-47.978118
68748,-1.1686873640450128,-47.79644683641333
68750,-0.7349535301808279,-47.853152058125225
68760,-0.7105089140537066,-47.69706100548704
68773,-1.038966035138118,-47.91063258254747
68780,-0.8565975241194748,-48.1394343828176
68785,-0.9303611682731119,-48.285164233970605
68786,-1.1542195425805106,-48.13212829303847
68790,-1.29980783103529,-48.16088099999999
68792,-1.3071067045415337,-48.04169270069524
68795,-1.3605807340623342,-48.248745421971904
68797,-20.90514878251563,-51.36969582554069
68798,-1.2305180682644596,-48.29370779522394
68800,-1.6837753610394448,-50.47897365901618
68810,-0.9844207816989197,-49.93959918321393
68815,-1.8140312751962824,-49.79661251952385
68820,-1.7159217919779817,-49.53153469978126
68825,-1.534093748641217,-49.22569495054596
68830,-1.3973632373855533,-48.86885694522513
68840,-1.0132279577706589,-48.96197529268475
68850,-0.6645670520437367,-49.17397123901251
68860,-0.7563064705144429,-48.52075634091866
68870,-0.7299495400003296,-48.514338160001344
68890,-0.1586086240201406,-50.392702751632704
68900,0.034932350569315596,-51.06256620586277
68901,0.0322301480043576,-51.068562005667836
68902,0.018073346126472302,-51.069611654594944
68903,0.0018878590456775,-51.08630074488575
68904,0.0148096012597016,-51.081891347891926
68905,0.04966488872396585,-51.04782934227719
68906,0.03653982498138615,-51.090970333831336
68907,0.069916676324915,-51.050223044367854
68908,0.0535390516997954,-51.05768870673255
68909,0.0928571306322919,-51.05612937599791
68911,-0.0454312051210496,-51.114782457489554
68915,0.8575692585828143,-51.178807335209726
68920,-0.8423029982401011,-52.52048388623564
68924,-0.9293544523166704,-52.42070307009303
68925,-0.0451964550650017,-51.173304861278076
68926,-0.05557823894188315,-51.159710249999975
68927,-0.0437248266194874,-51.16490528782768
68928,-0.0259288029480369,-51.174184363294984
68940,-0.10695938974045235,-51.28635332989231
68945,0.7774094604439001,-51.95539376918561
68948,0.9013680122713784,-52.001564761253576
68950,2.0537900112566634,-50.792152054234904
68960,2.496281545182123,-50.9521241058562
68980,3.844979873673643,-51.83279547353373
68985,-26.40450771232784,-52.35250400618206
68997,0.7087304780808059,-51.41029959770701
69005,-3.1359714932320957,-60.022518548430384
69006,-3.053082040907844,-59.93214528414483
69007,-3.0920355,-59.92157474999999
69008,-3.091537906745909,-59.89393626089216
69009,-3.060450700208216,-59.84567436797273
69010,-3.129104419931882,-60.02523305453289
69015,-3.013847015263441,-60.01063424202203
69017,-2.990481543080083,-59.99111674085097
69018,-2.971300022503377,-59.99812404519432
69020,-3.126482746837207,-60.01548212315564
69021,-3.000384104736524,-60.03956082367142
69022,-2.981692556613817,-60.08790401526994
69023,-2.9754748109698217,-60.029312921508556
69025,-3.119930384379292,-60.02410188784899
69027,-3.1242123901092453,-60.03724862403021
69028,-3.0484617952587674,-60.00807199320729
69029,-3.116054419931875,-60.041714788649074
69030,-3.102966513339147,-60.05059224140922
69033,-3.1087020699405654,-60.03708898251486
69035,-3.1079339569444344,-60.062148660280464
69036,-3.092536723426041,-60.06458873397195
69037,-3.076686152559616,-60.082822995079965
69038,-3.073580053277962,-60.067811545941545
69039,-3.027221266720535,-60.01176188773155
69040,-3.0877671471577344,-60.03979329919499
69041,-3.0084552367733917,-60.04565167920258
69042,-3.077910000000003,-60.05015991618096
69043,-3.0756076239252064,-60.03839115889549
69044,-3.0658146654163647,-60.06030044114122
69045,-3.0641224710023205,-60.05201747821568
69046,-3.0631014196670567,-60.04525167467239
69047,-3.0572947821282046,-60.04460982361937
69048,-3.0691806410526343,-60.03160801530509
69049,-3.053760020387942,-60.029739183839126
69050,-3.0933290008380303,-60.02423125106835
69053,-3.107552547577676,-60.02116557285476
69054,-3.072838583819035,-60.002180865813855
69055,-3.0846827540250374,-60.011624654871326
69057,-3.097906690259092,-60.012564794477456
69058,-3.0605000762374606,-60.002105287915924
69059,-2.984553680824029,-60.01059827338563
69060,-3.0961354904666134,-59.99901037024641
69063,-3.117002162687834,-59.996279200386645
69065,-3.1245323564667973,-60.00537134719004
69067,-3.102441916599302,-59.989088103736165
69068,-3.125303496537552,-59.99704032361936
69070,-3.143844424415713,-60.00819119522273
69072,-3.154616999970336,-59.982887249919045
69073,-3.1348351049108527,-59.99353088926076
69074,-3.140989627531882,-60.00320246863639
69075,-3.1170383630568628,-59.970424589229054
69076,-3.114795059120531,-59.977773
69077,-3.1105107608921507,-59.9784922037192
69078,-3.113803697472453,-59.98708065015292
69079,-3.113148450772825,-60.00652042749148
69080,-3.0924822605809297,-59.98416554593456
69082,-3.083167089647404,-59.9712443842942
69083,-3.0768906976298216,-59.98022222630927
69084,-3.07565083236193,-59.94712901096428
69085,-3.070348658895497,-59.95440652192854
69086,-3.0656322917075007,-59.94437676089216
69087,-3.0549810856223747,-59.94392526802454
69088,-3.036462791909514,-59.933349884539865
69089,-3.090014753678791,-59.944457092907854
69090,-3.030451921172624,-59.99474068085883
69092,-3.002565101304172,-59.98751796468347
69093,-3.0177683619276494,-60.00335588895655
69094,-3.0415937391078174,-59.97813049624908
69095,-3.0253421101909783,-59.97679977921401
69096,-3.037795742714521,-59.971539577990654
69097,-3.016588255482109,-59.9686804985429
69098,-3.051578467939814,-59.964555728168904
69099,-3.026844576702999,-59.95055973980033
69100,-3.1414254620062287,-58.44624732582383
69101,-3.1330216731584564,-58.43963485595583
69103,-3.1317886291397716,-58.431686830492836
69104,-3.138846513295018,-58.436717792767425
69114,-2.836872510643824,-58.21290626058511
69117,-2.6980070415953223,-59.70082148627795
69120,-2.7454417100992186,-58.03089476958183
69130,-2.532660369632215,-57.7574845849654
69135,-2.5672933510834834,-57.87361521910396
69140,-2.192187978083454,-56.71420560952696
69151,-2.6296350346741044,-56.73872459383968
69152,-2.642357178801837,-56.74970778394235
69153,-2.6341669758489683,-56.730013202294046
69170,-2.864206591808358,-56.99802835222093
69180,-3.1290281963597573,-58.15597737093593
69190,-3.3932769481981646,-57.71492352234999
69195,-2.9666685102264383,-57.5852037378486
69200,-4.39108918961132,-59.5941327226554
69230,-3.8906259725717307,-59.09289694962044
69240,-3.5831051428903185,-59.12880882203101
69250,-3.820386468853714,-60.35981756601842
69255,-3.195967499999992,-59.82835274999999
69260,-5.121727269706565,-60.37113939908492
69265,-7.1959730394781385,-59.8887746901002
69280,-5.811219178166502,-61.29564084339675
69301,2.821374037729382,-60.67217999999997
69303,2.808801918199655,-60.67921699297883
69304,2.8239207764524505,-60.69071007334257
69305,2.8351098224276887,-60.67195186820219
69306,2.8342311721748974,-60.66438518697538
69307,2.8580783365107942,-60.66100251129764
69308,2.7966428442744005,-60.68447146630186
69309,2.812899284309057,-60.70156598733652
69310,2.8367109431194026,-60.7082583381393
69311,2.8499466900018384,-60.71288683060469
69312,2.812700196824092,-60.71489882325292
69313,2.831017541560085,-60.72398976794889
69314,2.823359939853128,-60.73436167624213
69315,2.823855555269141,-60.67843155093878
69316,2.7715950678918997,-60.73109948872563
69317,2.8170394364332667,-60.75540873264377
69318,2.760685000000024,-60.740591190999965
69340,2.4449102600885637,-60.9234188150825
69345,4.478428913138282,-61.146898612175775
69348,2.168780319712054,-61.05246226246004
69350,2.9939000961395577,-61.31164195141614
69355,3.8828375943958036,-59.62576292024082
69360,1.8158311670463774,-61.1336762529578
69370,1.0158405168497984,-60.03873886831102
69373,0.937550965384811,-60.42862680875469
69375,0.9501962672481024,-59.91267790929306
69378,0.8807916455585809,-59.69603512780987
69380,3.3613470000000034,-59.833974553403806
69400,-3.290076552065532,-60.62245918068057
69401,-3.2829445085700764,-60.63955065387317
69405,-3.2729738856831387,-60.19680230946194
69410,-3.328865403622226,-61.21001554046119
69415,-3.2743700517928933,-60.18801224887503
69425,-3.328865403622226,-61.21001554046119
69435,-3.4279350324079663,-60.45895377949924
69440,-3.7454147070764074,-61.658982864897396
69445,-3.5791632887343816,-61.4047788174341
69450,-3.8379518832253083,-62.070284828297034
69460,-4.088066558490977,-63.142895750345296
69470,-3.3498881695151503,-64.7131900003306
69480,-5.6240831586997,-63.186927304483675
69490,-1.8581995115176646,-65.59105927404983
69495,-1.8805494250335493,-66.99896726703783
69500,-4.87624844650598,-66.8948885677381
69510,-6.438327189154448,-68.24550293268693
69520,-3.471950855364625,-66.05940725904239
69540,-3.211018856387476,-64.80427013726734
69550,-3.3477330674257955,-64.70676825134979
69552,-3.3504929288214957,-64.71832924196974
69553,-3.354878033394607,-64.72594000305448
69555,-3.3742065457982298,-64.71184793165708
69557,-3.3506100011412263,-64.71107215309479
69600,-3.466221741644258,-68.9529235451489
69620,-3.3652825398141,-68.19734060856122
69630,-4.386519608544416,-70.02573929040307
69640,-4.235155791756133,-69.93936928393951
69650,-4.365330482354334,-70.19369008804968
69660,-2.749440624735905,-66.77056520177112
69670,-2.5191399007318664,-66.09165781533574
69685,-2.858382059585587,-67.77272062068286
69700,-0.9689128808194956,-62.92786850662672
69730,-2.6276415405535745,-60.94779303491244
69735,-2.051774112780165,-60.024227525710785
69750,-0.12996283538031062,-67.08373118148259
69790,-3.0823042317502454,-60.0674038956374
69800,-7.512912155325006,-63.028857334690606
69820,-6.530684341316176,-64.3873912690169
69830,-7.259899983651311,-64.78882653931676
69850,-8.75651275676724,-67.39062725970427
69860,-7.709502943297624,-66.99718699999997
69870,-7.436250048625629,-70.02775373319264
69880,-6.663313708498787,-69.86620950744054
69890,-7.047646099767244,-71.6922143966583
69895,-7.544770957032174,-72.58486095968426
69900,-9.966531906178584,-67.81201523757863
69901,-9.959996659339218,-67.8009214091672
69902,-9.943202896892483,-67.81403780244723
69903,-9.932676422427706,-67.81874322737896
69904,-9.981985725229377,-67.82874516388715
69905,-9.978420107287912,-67.80810049417161
69906,-9.992337579952082,-67.81178133646152
69907,-10.007297611924,-67.79515224375291
69908,-10.009721670581769,-67.78332046811606
69909,-10.03238143386627,-67.80076984584876
69910,-9.964001064112184,-67.7971270531479
69911,-9.981532924771638,-67.82718712023086
69912,-9.98717234265447,-67.84345650615455
69914,-9.978463593109868,-67.87219759325409
69915,-9.973390456997782,-67.84028839477443
69917,-9.946331947544577,-67.87943398612153
69918,-9.957234771856427,-67.82946869045988
69919,-9.954970504371286,-67.85242305264482
69920,-9.960358499999996,-67.82705406249782
69921,-9.93720655930666,-67.8277337498256
69922,-9.9289170875008,-67.84012717003617
69925,-10.154696445870485,-67.73469557518358
69926,-9.829006028359512,-67.9512868854405
69927,-9.595002404582806,-67.54378071549554
69928,-10.329355814949636,-67.1845121674587
69929,-22.86161471402476,-47.06430302666198
69930,-10.651853101113453,-68.5054428604644
69931,-10.571229718698472,-67.67442149448621
69932,-11.008821270686092,-68.74819146362037
69934,-11.026577012816935,-68.74092912205906
69935,-10.940921736719456,-69.5664951285209
69940,-9.065928474333417,-68.65909473333083
69945,-10.076679176010265,-67.05317089204081
69950,-8.83893545814722,-69.26237687665842
69955,-9.44061135861241,-70.4895545094152
69960,-8.165146918273518,-70.3543332540663
69970,-8.163434070708178,-70.76639936664411
69975,-9.191715863758818,-71.95081573907285
69980,-7.625858281078528,-72.67062115639648
69982,-8.26702135520469,-72.74327177966269
69983,-8.953612499999952,-72.78407674999997
69985,-7.737432241017586,-72.6504897939386
69990,-7.609208783792702,-72.90944364828704
70002,-15.790438613105168,-47.88065505785112
70037,-15.845993999999996,-47.92076549999998
70040,-15.790438613105168,-47.87760138481735
70041,-15.788286439912854,-47.87838798848746
70043,-15.798928499999992,-47.87092349999999
70044,-15.797781541531345,-47.8746815799425
70047,-15.797781541531345,-47.8746815799425
70048,-15.797781541531345,-47.8746815799425
70053,-15.797781541531345,-47.8746815799425
70054,-15.798200402581196,-47.87337064254048
70055,-15.797781541531345,-47.8746815799425
70056,-15.799445999999998,-47.86928549999998
70057,-15.790438613105168,-47.88065505785112
70059,-15.799445999999998,-47.86928549999998
70064,-15.797781541531345,-47.8746815799425
70065,-15.797781541531345,-47.8746815799425
70067,-15.799189500000004,-47.87010224999999
70068,-15.798428999999992,-47.872575000000005
70070,-15.784947821906343,-47.89325909574992
70072,-15.801015560521956,-47.882363416667054
70074,-15.801637600323229,-47.88247560268915
70077,-15.79076666296478,-47.8844391881036
70078,-15.801637600323229,-47.88247560268915
70150,-15.800387177373825,-47.86052700741183
70160,-15.800385768633804,-47.860526542200006
70175,-15.800386473003815,-47.86052677480592
70200,-15.817193164044802,-47.85127125111771
70210,-15.848599106565448,-47.92118752578113
70232,-15.805545160273535,-47.885913
70233,-15.808582966117733,-47.889026079047525
70234,-15.810803235146166,-47.89094379772743
70235,-15.813437430175442,-47.893508550018666
70236,-15.807179693029052,-47.88420074999999
70237,-15.810238117238969,-47.886338249999994
70238,-15.812943376915673,-47.88867364329853
70239,-15.815124746553538,-47.89129474410953
70252,-15.81563577411488,-47.89568147884441
70253,-15.817775911691117,-47.898386373501175
70254,-15.81995959027922,-47.9012253913027
70255,-15.81782471269512,-47.893682248304245
70256,-15.820663500000004,-47.89667151712289
70257,-15.822344249999997,-47.899570446281274
70258,-15.824087999999998,-47.902419
70272,-15.821661945259835,-47.90362949999999
70273,-15.82384424443314,-47.906676
70274,-15.825632830320075,-47.909440286244845
70275,-15.827738994296396,-47.91211565337951
70276,-15.825795056481306,-47.90496863786154
70277,-15.828108749999998,-47.90779623296296
70278,-15.82979263835193,-47.9099565
70292,-15.829956,-47.91454480649767
70293,-15.831436525679448,-47.91709658589651
70294,-15.833816999999996,-47.91995005438975
70295,-15.835248,-47.92318424999999
70296,-15.83208271302436,-47.91270599999999
70297,-15.834095999999995,-47.91571369685808
70298,-15.836091511052048,-47.91859650000001
70299,-15.837821999999996,-47.920696394405994
70330,-15.803100000000004,-47.89015200000001
70331,-15.802824808450657,-47.89672110837326
70335,-15.800597136315746,-47.88945379385659
70336,-15.803766000000005,-47.89373400000001
70337,-15.806415234697043,-47.89611441269883
70338,-15.801577778445989,-47.89163925
70340,-15.797852024153835,-47.89388125375781
70342,-15.805663445467369,-47.8918952122469
70343,-15.80838525,-47.89378125
70344,-15.8109075,-47.8963626555716
70345,-15.813021783444547,-47.89852650715959
70346,-15.814732474988237,-47.90135947376079
70347,-15.816538811558573,-47.904237
70350,-15.80775617752384,-47.90190150000001
70351,-15.811096674993257,-47.90562191264542
70352,-15.808663593492351,-47.89825824881639
70353,-15.810617807235422,-47.90070225000001
70354,-15.812455500000006,-47.90303747919663
70355,-15.814390549298045,-47.90564956823909
70360,-15.814878918331452,-47.910777751697225
70361,-15.819075391850548,-47.91706956806494
70362,-15.816370499999994,-47.90799166867679
70363,-15.818243698210306,-47.91115326940192
70364,-15.820093214062474,-47.91317625000001
70365,-15.822324000000004,-47.91657825
70372,-15.818541370177842,-47.90696399999999
70373,-15.82060574737714,-47.90937904437111
70374,-15.822458720037696,-47.91161475
70375,-15.824353500000004,-47.91451071670235
70376,-15.826349380670862,-47.91717224999999
70377,-15.828184833746915,-47.92035712499999
70380,-15.822531730245665,-47.92167561978375
70381,-15.82559744555977,-47.92683188679974
70382,-15.82452855495125,-47.919168000000006
70383,-15.825874499999992,-47.921501593802354
70384,-15.827650452464116,-47.92428380531554
70385,-15.830253000000004,-47.92270275000001
70386,-15.83207239534035,-47.9252886592373
70387,-15.829825500000004,-47.9273655529311
70390,-15.81457289733707,-47.9151248492211
70391,-15.796373425489346,-47.84895542548933
70393,-11.003213513105424,-68.74472282388545
70402,-15.802477586805972,-47.87471121064673
70406,-15.807898658030108,-47.87406381458834
70415,-15.823970999999998,-47.88720623106173
70422,-15.824901524310992,-47.8925856261604
70602,-15.748033023861783,-47.92424951664843
70610,-15.789323746581008,-47.91128271960153
70620,-15.776030210658432,-47.90937287246811
70630,-15.770966775333704,-47.92781022362949
70631,-15.769281260999946,-47.95934499999999
70632,-15.7628304790524,-47.93540865681801
70634,-15.747226502245312,-47.92512273645806
70636,-15.70992224441886,-47.91213065605976
70640,-15.786017739566963,-47.93586342032346
70645,-15.781713800046974,-47.93342033773479
70648,-15.78892453004903,-47.93625157266359
70650,-15.798233249999996,-47.94290324999999
70655,-15.797848499999994,-47.939555249999984
70658,-15.7944915,-47.9356785
70660,-15.806789438087652,-47.9429466433311
70666,-15.748866,-47.89393199999999
70670,-15.801507,-47.922192
70673,-15.799801500000004,-47.930175000000006
70675,-15.79075425,-47.93035837499999
70680,-15.78410999999994,-47.91691999999995
70687,-15.815976328611026,-47.907328086588976
70710,-15.762503841246756,-47.88975285095322
70711,-15.788459536211027,-47.88261003375819
70712,-15.78674432943603,-47.883975533028
70719,-15.783643775607336,-47.88839313136704
70720,-15.78103680379284,-47.88950930824837
70722,-15.782487901664972,-47.882833874999996
70723,-15.78174822099993,-47.88547576999997
70730,-15.775961422106592,-47.888997326673916
70732,-15.7784967205828,-47.8829720487045
70733,-15.776053335743017,-47.883054375
70734,-15.772371749999994,-47.88343354930144
70735,-15.778699796124185,-47.8859715
70736,-15.776146452495912,-47.88632249999999
70737,-15.772738806480465,-47.885888196017106
70740,-15.76851619295844,-47.891282625
70741,-15.763798484299448,-47.89227171420702
70742,-15.769552499999998,-47.88378675
70743,-15.766192416296027,-47.8844325
70744,-15.763995000000005,-47.88595575000001
70745,-15.769864813090479,-47.88659145026952
70746,-15.767448777550392,-47.88756248550116
70747,-15.764309999999998,-47.888637750000015
70750,-15.758680499999999,-47.894360021568126
70752,-15.760449,-47.886716250000006
70753,-15.757478605969846,-47.88720327171858
70754,-15.754067452498084,-47.88908766893247
70755,-15.760970982414923,-47.889452250000005
70756,-15.757357791359611,-47.89068074999999
70757,-15.755144490146574,-47.89153815030142
70760,-15.750946209727852,-47.896245846131706
70761,-15.745466250000003,-47.8991205
70762,-15.751248651366607,-47.88974491636785
70763,-15.747933625310187,-47.891236886918406
70764,-15.745335638273872,-47.89219380289144
70765,-15.751721299107704,-47.89285424999999
70766,-15.749180853470731,-47.89336048317128
70767,-15.745520250000002,-47.89451137500001
70770,-15.740344297199066,-47.899823625
70772,-15.741580499999998,-47.89302750000001
70773,-15.738239920278122,-47.894436
70774,-15.742570499999992,-47.89535952725598
70775,-15.739289916829557,-47.89688441420606
70785,-15.736693499999996,-47.89046024999999
70790,-15.754161956499985,-47.89851901897276
70800,-15.787583205529655,-47.85730225810252
70801,-15.793456499999998,-47.84897651276761
70802,-15.79433047573879,-47.85099240132595
70803,-15.79092595526734,-47.850401397524834
70804,-15.794110090195677,-47.84824331750252
70830,-15.777625500000005,-47.87400825
70832,-15.781897503741252,-47.878353441163895
70833,-15.778820250000003,-47.87870797393971
70834,-15.782028749999991,-47.875441248728194
70835,-15.778388250000003,-47.87550640144417
70842,-15.77595393284163,-47.87880962475384
70843,-15.771758273443425,-47.87974749999997
70844,-15.768966996631253,-47.88001156463501
70845,-15.774449106071481,-47.8760683222939
70846,-15.771641824490297,-47.87608919945296
70847,-15.767465774044648,-47.87752275
70852,-15.763760999999993,-47.881312875
70853,-15.762738058572538,-47.88126674999999
70854,-15.759340401293665,-47.88279451595592
70855,-15.764521499999995,-47.87847289636971
70856,-15.761540832330606,-47.87894805921881
70857,-15.758860499999995,-47.87957024999999
70862,-15.755557500000004,-47.88374961741052
70863,-15.752908505463047,-47.885211
70864,-15.749807615875124,-47.88589848085331
70865,-15.75504197166063,-47.88113625
70866,-15.751835999999996,-47.88252253340068
70867,-15.748245,-47.88312975
70872,-15.746201999999997,-47.88742643311506
70873,-15.743499334569304,-47.88765373102136
70874,-15.740515787043165,-47.88876294344742
70875,-15.73795734210448,-47.8899315
70876,-15.747798917387597,-47.88476687608139
70878,-15.739694999999992,-47.88671879070115
70879,-15.736905000000004,-47.88763199999998
70908,-15.76528459695353,-47.856663
70910,-11.01405584956228,-68.7466525794982
71009,-15.787326571209984,-47.88582780336425
71010,-15.815328337961944,-47.98782726011185
71015,-15.823058243679416,-47.98696322126982
71020,-15.817366616077903,-47.97563678343401
71050,-15.832943493159906,-47.9770040457455
71060,-15.834021286118627,-47.982818971764104
71065,-15.84252103899343,-47.97601521509549
71070,-15.847018615601783,-47.97307559821103
71090,-15.815613218565668,-47.995720718565664
71100,-15.808664249999996,-47.98939949999999
71200,-15.800121324065874,-47.95964620509277
71205,-15.795585524197527,-47.9490044415432
71215,-15.81777,-47.95696124999999
71218,-13.415010934863052,-58.352487133618396
71225,-15.794686849675548,-47.986945570046984
71250,-15.78008143090497,-47.998605221919725
71503,-15.715384800200251,-47.88547783028448
71505,-15.72680810101572,-47.86669525444695
71510,-15.727592004908468,-47.8797393957757
71515,-15.744128183883081,-47.84481544302038
71520,-15.737457646402,-47.865493294333234
71525,-15.74696015774284,-47.851590335411714
71530,-15.758788772588131,-47.83897241062672
71535,-15.75664514602668,-47.8318475869303
71540,-15.707155214290086,-47.87971172450595
71570,-15.780663275498489,-47.77828437093305
71571,-15.773523749999999,-47.77811437499999
71572,-15.76815265916268,-47.780583710362066
71573,-15.763033947507118,-47.7803136486287
71596,-15.6732451682613,-47.842286569013794
71600,-15.852161368024715,-47.88961833319865
71605,-15.858332526839327,-47.918130251370556
71610,-15.856151834045011,-47.923421211572304
71615,-15.847616374458745,-47.89691063216942
71620,-15.847716845129552,-47.9058319832542
71625,-15.835706560470792,-47.87542881960128
71630,-15.83072528219133,-47.876277445884
71635,-15.846310185368463,-47.87769269969415
71640,-15.84857568190893,-47.872449209352375
71645,-15.86454615838608,-47.87486976521242
71650,-15.846668999999991,-47.85653699999999
71655,-15.858929471334728,-47.860257767911676
71660,-15.841063735211128,-47.836937623788344
71665,-15.836034321671793,-47.83704618796527
71670,-15.817864988054778,-47.81465530613423
71675,-15.827147580904835,-47.80461824999999
71680,-15.851772723555943,-47.83803304683798
71691,-15.896879999999996,-47.77430470243189
71692,-15.900603080483661,-47.778750446137245
71693,-15.90936557618038,-47.76168560791925
71694,-15.909637103584313,-47.75259823658466
71697,-15.794197105804272,-47.84810123053413
71699,-15.7930968994929,-47.851615655761144
71705,-15.871652406908439,-47.9638794521266
71710,-15.86772419460808,-47.963652583601565
71715,-15.872588521220186,-47.9758212758625
71720,-15.874303500000003,-47.97595349999999
71725,-15.851147487704893,-47.9513632486553
71727,-15.857163062774209,-47.95187674804606
71730,-15.820453807803457,-47.8874767278792
71731,-15.845858793327205,-47.92025800366805
71735,-15.855547303210408,-47.9899058472318
71736,-15.868197000000004,-47.97233549999999
71738,-15.872279251202956,-47.977063952646496
71740,-15.900475985553962,-47.96349148129269
71741,-15.91662830501008,-47.95164649849665
71742,-15.891073771182452,-47.9306586641169
71745,-15.903023074292856,-47.95413427091
71746,-15.946029940743156,-47.97022728233169
71750,-15.919418433925246,-47.932229937321495
71800,-15.883454688832067,-47.99501922764447
71805,-15.88028660432818,-48.01676959540452
71820,-15.885072742380837,-48.01676701284128
71825,-15.88740288268962,-48.01678262451805
71880,-15.90311491576923,-48.046726467084525
71881,-15.89417949869662,-48.04952064186177
71882,-15.91410966572018,-48.04619571054198
71900,-15.832334737539538,-48.03880152367143
71901,-15.831489028073037,-48.01681511607659
71904,-15.83076844114536,-48.01802413235897
71906,-15.83098670198842,-48.01102633505107
71907,-15.83224802491746,-48.01007474999999
71908,-15.792593993916327,-47.85453457868314
71909,-15.834283517188016,-48.01824555947313
71910,-15.838357500000004,-48.02171624999998
71915,-15.838728642795322,-48.025083499999965
71916,-15.838563239155913,-48.027693516471615
71917,-15.836459230091172,-48.03215254735889
71918,-15.836737500000002,-48.03302950998332
71920,-15.830168867368837,-48.032795498701
71925,-15.842882222788113,-48.022438340400186
71926,-15.84137378355188,-48.02590214571617
71927,-15.842186999999996,-48.03003958618497
71928,-15.844533693418995,-48.03172193498892
71929,-15.840093542713497,-48.03641321604432
71930,-15.837821999999996,-48.036888000000005
71931,-15.837411330618202,-48.03971246448146
71936,-15.8387251423913,-48.02097928849828
71937,-15.838387228836044,-48.01149903877731
71938,-15.792503453812104,-47.854227996537546
71939,-15.83852571856428,-48.01683113030301
71940,-15.847587271744876,-47.92249899742668
71950,-15.839974444355102,-48.04327036252044
71955,-15.854445547796969,-48.03767828265821
71956,-15.85501330003892,-48.03708873085543
71957,-15.853708775417967,-48.036796238820905
71958,-15.853074442252783,-48.03607936119009
71959,-15.851569581760959,-48.035283671546466
71960,-15.851968229087902,-48.034328058528
71961,-15.854853629327826,-48.03180961044279
71963,-15.854833991567038,-48.03333984926204
71964,-15.859461723384172,-48.035726788580696
71965,-15.860328896452787,-48.02717573243456
71967,-15.864074216307769,-48.02626134561307
71968,-15.864761816563213,-48.025081557909644
71969,-15.865912139890668,-48.02576222659261
71972,-15.865289795818716,-48.0321721429269
71973,-15.860763341909458,-48.02445202370356
71978,-15.867910448059003,-48.0172995438546
71979,-15.869529671452048,-48.019198102306085
71980,-15.86901238019971,-48.01775426223924
71981,-15.868906252462242,-48.0162657314374
71982,-15.871969056221966,-48.0162465054994
71985,-15.87483688262724,-48.01512066767536
71987,-15.876806070209842,-48.01467109880535
71988,-15.876864406926096,-48.012102657280785
71989,-15.876791287308537,-48.00797273204321
71990,-15.875309233099914,-48.00033930006178
71991,-15.875033563658853,-47.9977643976645
72001,-15.791398232240027,-47.85698890190887
72003,-15.792503453812104,-47.84512683563065
72006,-15.791154734041342,-47.85672962141953
72007,-15.774815956743687,-48.0468055012082
72010,-15.831945457511615,-48.05458708679145
72015,-15.838067428009566,-48.05295581940567
72016,-15.84008108227065,-48.060002407360784
72020,-15.847574372158842,-48.04663368614405
72025,-15.859248597972591,-48.0411235084823
72035,-15.870976656614221,-48.03568450526309
72110,-15.824208754969968,-48.05786558138562
72115,-15.825719888759156,-48.061446199072975
72120,-15.806810283324856,-48.06186802464376
72125,-15.814855357177535,-48.06751850223198
72130,-15.800544565915237,-48.069882440671286
72135,-15.809953312526448,-48.07564814309697
72140,-15.814026053437084,-48.08416871940282
72145,-15.802825851868246,-48.09755317280041
72146,-15.795346007062001,-48.10652062219356
72150,-15.826028091985407,-48.08236484417757
72151,-15.827002296952045,-48.086787163424546
72152,-15.815304,-48.09093568335295
72153,-15.746432814328523,-47.92541839618565
72155,-15.829021995826631,-48.07603840656664
72156,-15.819904082500312,-48.07935806415517
72160,-15.832711636035278,-48.08788128231711
72161,-15.821968073745236,-48.091389867933664
72162,-15.813842095805573,-48.09530017803007
72210,-15.806947773331654,-48.10938474435314
72215,-15.827847959747162,-48.09745632302604
72220,-15.832536064581143,-48.1072287253636
72225,-15.810748111549028,-48.11949091988183
72230,-15.838524000000003,-48.122217000000006
72231,-15.841825937197918,-48.114955507041294
72233,-15.84777063762379,-48.11230111671739
72235,-15.842784867082427,-48.12495569948094
72236,-15.849558242119311,-48.11997223364208
72240,-15.8165711391133,-48.126900446573686
72241,-15.809857155962083,-48.13160406894028
72250,-15.794130075887418,-48.122921782368294
72251,-15.788938500613362,-48.12520847240455
72252,-15.8000457918174,-48.12604117959772
72255,-15.792624000000004,-48.12911837799663
72260,-15.799840559130535,-48.13570119750491
72261,-15.79090876553188,-48.13881418763289
72270,-15.805593736750257,-48.14359826270092
72275,-15.807476265267368,-48.153653639457616
72301,-15.886711012045634,-48.10871597896285
72302,-15.871834317056283,-48.07770136164972
72303,-15.893487791797329,-48.124897483701616
72304,-15.86744444999717,-48.058124497478445
72305,-15.885229301320077,-48.096278049946854
72306,-15.877667318315313,-48.07528499292852
72307,-15.889833345740191,-48.107887047398336
72308,-15.873977645677126,-48.06685496846099
72309,-15.896147978359467,-48.11999889530527
72310,-15.884275645459702,-48.078666733201246
72311,-15.889197494618262,-48.090644550247276
72312,-15.882195287570745,-48.07253920584907
72313,-15.891596746961923,-48.103052085630246
72314,-15.87999951550396,-48.06417682887744
72315,-15.8942828118756,-48.106504744462896
72316,-15.865189912121895,-48.07910576363432
72317,-15.898338054059376,-48.11819291285399
72318,-15.863821920691676,-48.08496719504126
72319,-15.870341598117616,-48.09687580718144
72320,-15.858295736099912,-48.07621731853535
72321,-15.878471551536546,-48.10814462771855
72322,-15.858195618731784,-48.08480257097322
72323,-15.880178236921536,-48.11429854292949
72325,-15.884404044999489,-48.12306555505241
72327,-15.887729487925204,-48.12756105349917
72329,-15.89370305236394,-48.14335232802108
72331,-15.873544444910884,-48.10957991803764
72333,-15.878919050540812,-48.123676812830006
72335,-15.889401661716526,-48.143515247287695
72405,-15.916189679805111,-47.949657577059874
72410,-16.035915275865175,-48.06324447430705
72415,-16.02426137256753,-48.07871939849957
72420,-16.015426860234413,-48.07377810379305
72425,-16.026929699477563,-48.07066446392435
72430,-16.009672011507742,-48.06629700416028
72445,-15.76893084540368,-47.93294424342135
72450,-16.008511777961637,-48.05001692124417
72460,-16.02294658397918,-48.05071815778448
72500,-16.04473655457968,-48.03878929919566
72501,-16.04341394074724,-48.0307317409116
72502,-16.040033367981682,-48.02788759673595
72503,-16.036952533864206,-48.03102346660325
72504,-16.033337132056456,-48.029382224723406
72506,-16.02813360629783,-48.03028159010715
72507,-16.02828167950004,-48.026874560870354
72508,-16.02525410836803,-48.02370371888488
72509,-16.023401155108395,-48.02199300368411
72510,-16.021340618200803,-48.01941607015941
72542,-16.012193093807763,-48.00516040493923
72543,-16.01002509737734,-48.0026909937974
72544,-16.008525585054905,-47.99956260967225
72545,-16.008196422800832,-47.99769292576576
72546,-16.007588654185724,-47.99412250456929
72547,-16.00676759963644,-47.99103268491282
72548,-16.008421830618914,-47.9871632204126
72592,-15.992871733656203,-47.99375692745792
72593,-15.996891316922875,-47.99688836335686
72594,-15.996671848403604,-48.00078241160519
72600,-15.90082003623503,-48.06413303924634
72601,-15.907322174631297,-48.08542408613916
72602,-15.912218347474465,-48.10084420978969
72603,-15.92264749506286,-48.106295079465646
72610,-15.905539362860228,-48.063365311434005
72620,-15.90883834585091,-48.07883118438191
72621,-15.916633297480876,-48.09789621923154
72622,-15.923445487005708,-48.10267792774522
72630,-15.910294061317352,-48.05991250377689
72631,-15.912151962538413,-48.06597125202511
72640,-15.916508364885061,-48.0584560795369
72641,-15.917993883123463,-48.06316496979385
72650,-15.921921255337326,-48.05279828543632
72660,-15.931576362109771,-48.10289141603147
72669,-15.793363257833736,-47.84922424340701
72705,-15.677151914032176,-48.19564372568827
72710,-15.68739447758306,-48.193414360218725
72715,-15.683196371150304,-48.19512497527296
72720,-15.683147803495398,-48.2016420099166
72725,-15.671787697716532,-48.20136104976735
72726,-15.667793597627048,-48.201636462990905
72735,-15.662712294865562,-48.19395975039113
72736,-15.663964160847808,-48.19579700993
72737,-15.663846100490492,-48.198471263648
72738,-15.66315930107565,-48.20120633990971
72745,-15.660532222476004,-48.193587947495885
72746,-15.65922812390139,-48.1951623983887
72747,-15.65944104750193,-48.19767395253082
72748,-15.659528865467212,-48.201492198126815
72755,-15.656230436861772,-48.193067858406444
72800,-16.254731948583913,-47.95405612055623
72801,-16.2616901022423,-47.95685184425948
72803,-16.255032984767062,-47.94428434433953
72804,-16.25386360951983,-47.91973642660889
72805,-16.263134111714088,-47.93882633315973
72806,-16.264264167195243,-47.92421267877974
72810,-16.250663481447226,-47.95897148917358
72811,-16.250430261533054,-47.96270249307013
72812,-16.246120630900467,-47.95116813716862
72813,-16.241183736342855,-47.94776608233917
72814,-16.25071096927898,-47.938424905457936
72815,-16.238592025140065,-47.931236209964965
72820,-16.25130479066359,-47.90766775754568
72822,-16.255927181886594,-47.928342566491054
72823,-16.245275257905682,-47.89877725504883
72830,-16.245040195739715,-47.91850149999998
72831,-16.241894537618805,-47.90609935937955
72834,-16.217701906804685,-47.91958048840525
72836,-16.210019476749263,-47.92963401356898
72850,-16.143056883915456,-47.95792074174709
72851,-16.133842166935803,-47.952130881686514
72853,-16.232122883305728,-47.93353984142569
72855,-16.175187388511944,-47.92836205077998
72858,-16.1401119089666,-47.98887717176466
72860,-16.054742777989773,-48.03469375785383
72862,-16.054012858837858,-48.03473917788986
72865,-16.091274999999968,-48.03174499999997
72870,-16.073796392887612,-47.99512465877923
72871,-16.056412355272265,-48.00124605617873
72872,-16.08930824630174,-47.98809526771883
72873,-16.07600211683982,-47.97225311636758
72874,-16.120382362462855,-47.970995561151696
72875,-16.074361480514703,-47.98930591292997
72876,-16.076482179727424,-47.97683882164296
72878,-16.057102500000003,-47.98023137843592
72879,-16.060499378999964,-47.96439999999996
72880,-16.090625805870594,-47.936469941324006
72883,-16.111509999999953,-47.92056217999993
72885,-16.106937742600373,-47.952014803830465
72887,-16.08274499999993,-47.93224123899995
72899,-21.46782908813674,-56.171869203037616
72900,-15.950438772767681,-48.26651224585576
72901,-15.934317230336294,-48.27699293416035
72902,-15.95631585119913,-48.30644121982255
72906,-15.941744385178378,-48.26093322265528
72907,-15.956927965601098,-48.26970729779953
72910,-15.723479008069456,-48.27793725000001
72911,-15.745670691999976,-48.24011244199994
72912,-15.704038264952073,-48.274295962319684
72914,-15.704046672603576,-48.27410936092569
72915,-15.719471315959778,-48.26847453859372
72916,-15.7032088669932,-48.2741568335525
72917,-15.696575974417282,-48.26956299012581
72920,-15.7052419770139,-48.279310256755956
72921,-15.724759999999948,-48.32085981499995
72922,-15.740445999999965,-48.33643610199994
72925,-15.747989271069994,-48.29744391199995
72926,-15.706009177982828,-48.2813184715604
72927,-15.762753983566178,-48.289882979049395
72930,-16.084118210022044,-48.50621697329844
72940,-16.193891738292695,-48.70962880793005
72960,-15.924743507102669,-48.80832684711064
72975,-15.778249814246369,-48.77049796519386
72980,-15.855459724618154,-48.959607138166156
73005,-15.644961539951211,-47.797708164748194
73006,-15.646153499999999,-47.79886272911118
73010,-15.64831869950891,-47.790066366313624
73011,-15.649674749999999,-47.7898605
73015,-15.657745549694786,-47.79591974293733
73020,-15.657411973329344,-47.80966466525378
73025,-15.651678930733793,-47.80128038671236
73030,-15.650202525175816,-47.80863759355205
73035,-15.641433218611718,-47.80604769389983
73036,-15.643277999999992,-47.80556774999998
73040,-15.644357782565063,-47.78553112798492
73041,-15.646059000000005,-47.78604899999999
73045,-15.643052999999991,-47.777497566020216
73050,-15.648208325326701,-47.776868594731596
73060,-15.638933580443268,-47.82388438658429
73062,-15.646894172159868,-47.824216096265445
73063,-15.644656735151806,-47.81738627944108
73070,-15.634745424807834,-47.845519969424544
73080,-15.628575585570688,-47.82818183221465
73083,-15.793451951210246,-47.84585219627235
73092,-15.666781499999994,-47.8204875
73100,-15.792112002885524,-47.84835240205671
73105,-15.65995222839004,-47.85722837432664
73150,-15.791400649460424,-47.84936509587982
73250,-15.57796552252159,-48.00730195946881
73251,-15.67044853931117,-47.81596285510468
73252,-15.688436407741648,-47.825667689729
73270,-15.792495491113193,-47.85048746218763
73320,-15.627955517206084,-47.654167767688186
73330,-15.620267938309702,-47.658764041865986
73340,-15.605016713216326,-47.64669624967559
73350,-15.616891160780384,-47.64693741003978
73355,-15.613427895490547,-47.634147022703516
73356,-15.619920971297837,-47.64015628616046
73357,-15.618355057299032,-47.63911773798415
73358,-15.618832836350386,-47.63968956777228
73360,-15.624228215246914,-47.64698043259533
73365,-15.749689954498129,-47.927246494460064
73366,-15.748649225633416,-47.9250662008776
73367,-15.746776995816395,-47.922967987823625
73368,-15.74972997671513,-47.92717447281999
73370,-15.64427622716595,-47.64501866968378
73375,-15.792337160069982,-47.85181154665325
73380,-15.61130694063455,-47.676773566296475
73403,-15.79291375965141,-47.85561995282468
73700,-15.164494009743628,-48.284932781858586
73730,-15.058871369808053,-48.162097409277266
73740,-14.151636965758804,-48.074117933673996
73750,-15.455866237336116,-47.605686180894914
73751,-15.441020249999987,-47.60578377718994
73752,-15.453773150644905,-47.60023195392617
73753,-15.454431446999886,-47.604162930937264
73754,-15.49434999999994,-47.63636545999998
73755,-15.482401380999931,-47.58963499999993
73760,-14.705935964436788,-47.52460365040033
73770,-14.135610993038688,-47.51753114447853
73780,-14.980008322372788,-47.78200885238313
73790,-13.795315585150297,-47.458334558617295
73795,-13.78140254565573,-47.266585803383585
73801,-15.54190547821569,-47.33692092576026
73802,-15.554841826309172,-47.33882250873619
73803,-15.547862289841309,-47.34589769881003
73804,-15.561773823952034,-47.34429194120347
73805,-15.535526403559471,-47.34338722446478
73807,-15.538726535548095,-47.325904308943606
73808,-15.536727952221092,-47.305391424163375
73809,-15.540659235686203,-47.326734140008945
73813,-15.55014492062437,-47.329879682638236
73814,-15.552938931500286,-47.31786007177045
73820,-13.741792111390412,-46.881914625901416
73825,-15.040665652539161,-47.056797824480654
73830,-13.258513961934028,-46.88898355796395
73840,-13.037752554390964,-46.76846170081028
73850,-16.77053267965896,-47.610708343893
73860,-13.403755636217738,-46.3125647545891
73865,-13.288653612135748,-46.39936882065889
73870,-15.805913329508641,-46.93033103374799
73890,-14.456132448590012,-47.03715211701909
73900,-14.087699653191699,-46.36362023542132
73910,-13.912892337043765,-46.45467364342091
73920,-14.10019975872411,-46.63351806353348
73930,-14.469371371947101,-46.48214620504478
73950,-14.483202087108006,-46.49698223295172
73970,-14.493484386827726,-46.11233291069874
73975,-14.455764796962804,-46.43602351126784
73980,-14.560567056402245,-46.17319751265265
73990,-14.803550900154235,-46.25499816728021
74001,-16.68033978701758,-49.25444399787117
74003,-16.68063891264967,-49.2566844522662
74005,-16.651334683021656,-49.26426303100399
74010,-16.674906286657514,-49.2579184312828
74013,-16.673202920845902,-49.259604953303125
74015,-16.678982999999945,-49.259498048294304
74020,-16.67286664188115,-49.25542694474323
74023,-16.67279841381432,-49.256916435120786
74025,-16.674376766446734,-49.26111849752505
74030,-16.676618178267553,-49.25344765386517
74040,-16.674044370032306,-49.25571299476866
74043,-16.67520970205496,-49.25987536917218
74045,-16.667264999999944,-49.26381358635746
74050,-16.66767826655232,-49.26054299740339
74053,-16.667647624825875,-49.2602848147495
74055,-16.666548597240133,-49.25691276844984
74063,-16.660319999999956,-49.26215429965684
74070,-16.669793999999946,-49.26915925099996
74075,-16.67355089871042,-49.26977915542324
74080,-16.68712315901975,-49.25766049999996
74083,-16.683969999999952,-49.25143412499999
74085,-16.69242026700393,-49.24786399999997
74093,-16.693481999999946,-49.25582899999996
74110,-16.68147664334368,-49.268922876403344
74115,-16.68487865468168,-49.26375462151954
74120,-16.689680075738668,-49.267750974709685
74125,-16.68252603865776,-49.27605276477886
74130,-16.686630299864404,-49.271890409024635
74140,-16.689496846414762,-49.27263404641363
74150,-16.696433138487855,-49.26707234762509
74160,-16.696446874943895,-49.26452440440847
74170,-16.695479999999947,-49.26211099999996
74175,-16.705432786499944,-49.26230674999996
74180,-16.701284999999945,-49.25618016676996
74210,-16.692439016588764,-49.27778366492143
74215,-16.699769228874455,-49.27545850086334
74223,-16.708392801044454,-49.26760801849514
74230,-16.715747407607672,-49.266965113688045
74250,-16.716830352132945,-49.28769177877893
74255,-16.708958249999974,-49.28906294052574
74265,-16.697063999999944,-49.28915918286594
74270,-16.701878500376814,-49.28378299999996
74275,-16.71415081852002,-49.28125918781387
74280,-16.715926044566096,-49.272564999999986
74290,-16.70875707749394,-49.27671796985152
74303,-16.700665356710676,-49.30641301616198
74305,-16.69482870644403,-49.29637849999996
74310,-16.704679806492678,-49.29930624999998
74313,-16.709016381141303,-49.30313358457637
74315,-16.701778970565265,-49.31022105200735
74320,-16.693965373083362,-49.31138999999996
74323,-16.696953922257013,-49.31646534449651
74325,-16.70906702712861,-49.31122409680752
74330,-16.714533214905956,-49.309856811662755
74333,-16.713265642959,-49.30144413680364
74335,-16.720250545448017,-49.30130880760396
74339,-16.713452012508288,-49.31626737925915
74340,-16.724168229439215,-49.30611593519207
74343,-16.73600057496822,-49.302848795035395
74345,-16.74477703115764,-49.29660486698273
74350,-16.741866057268986,-49.31707058839828
74351,-16.720206671247006,-49.312912086369465
74353,-16.743912643198698,-49.328240531544765
74354,-16.764523122975934,-49.353466092171885
74355,-16.780706965328875,-49.35954592433936
74356,-16.78866712805793,-49.371294881404815
74357,-16.77161914378701,-49.35459957754591
74360,-16.732136236712964,-49.31869430503073
74363,-16.723266061111985,-49.3217506821365
74365,-16.72040484252564,-49.31605890933481
74366,-16.71428411039886,-49.327974856303626
74367,-16.709152794238854,-49.328748441657616
74369,-16.745915999999944,-49.34570217193724
74370,-16.726429213059603,-49.34079240452032
74371,-16.734190750800433,-49.34398108292092
74372,-16.747747986411394,-49.367400162285314
74373,-16.708883164575298,-49.32359513873914
74375,-16.694958957899207,-49.32432354702945
74390,-16.71709399362336,-49.37015583166945
74391,-16.706206570778598,-49.35377038829818
74392,-16.709762373308124,-49.366920896918224
74393,-16.72731749999995,-49.37018749999996
74394,-16.729540158203633,-49.403001349496954
74395,-16.723268164734257,-49.36352534378556
74403,-16.676800408390193,-49.298404499999975
74405,-16.680250616462015,-49.29574774548646
74410,-16.686698470264933,-49.296869344349496
74413,-16.68351261383198,-49.3000761757253
74415,-16.688915169919905,-49.31456377981816
74420,-16.680520327537987,-49.318558239983595
74423,-16.684466854632912,-49.31433028406804
74425,-16.676839218443614,-49.30986183547233
74430,-16.671433510062457,-49.307390435105134
74433,-16.66342237314388,-49.31177916868919
74435,-16.6650381348812,-49.30509735882637
74440,-16.657705753036932,-49.303422151476575
74445,-16.651801741957236,-49.31202739687366
74450,-16.657052805100367,-49.32456849258869
74453,-16.65967049031515,-49.33150608999078
74455,-16.664892844187747,-49.331164537725996
74460,-16.66147142254572,-49.34026334194776
74461,-16.657827234559292,-49.3505258868385
74463,-16.649840761628663,-49.3398981123871
74464,-16.656118968680975,-49.358818499999984
74465,-16.643900196190334,-49.3230055456672
74470,-16.63171181230376,-49.36044064024421
74471,-16.625184672684274,-49.35495149999999
74473,-16.621143422623334,-49.31855060387575
74474,-16.60828978199993,-49.31139711490871
74475,-16.61309034821446,-49.32354375000001
74476,-16.61032755468738,-49.34744430637364
74477,-16.58780924999997,-49.347381882510504
74480,-16.612517999999945,-49.343122249999965
74481,-16.601493953999352,-49.33355770667846
74483,-16.688315999999947,-49.35347080825042
74484,-16.700287398199006,-49.35272299999996
74485,-16.685600487348133,-49.33414637399583
74486,-16.67909977326128,-49.33234173793596
74487,-16.704058528003387,-49.37476172831792
74490,-16.68341474747877,-49.406801198739515
74491,-16.67176000128188,-49.4185637255033
74492,-16.67921608343081,-49.34549934707302
74493,-16.660580999279546,-49.38475971373013
74494,-16.689673695479684,-49.3953808586461
74495,-16.680790499999972,-49.382630594726926
74496,-16.65211928666634,-49.38309310927644
74503,-16.6705149727955,-49.29632088702782
74505,-16.66805811536692,-49.293814704531
74510,-16.6702812330687,-49.29213227510451
74513,-16.674520923393015,-49.2907859063054
74515,-16.673392460576835,-49.29567859072401
74520,-16.66409955082923,-49.29553023869719
74523,-16.65813650543202,-49.2920000523112
74525,-16.6692291182703,-49.29010011347318
74530,-16.682308246079636,-49.289272535851
74533,-16.682330999999948,-49.28153749999996
74535,-16.68060085444609,-49.28133049999997
74543,-16.670087740144268,-49.278202218311066
74550,-16.66498294969052,-49.28283999999996
74553,-16.660492787103827,-49.280257758954406
74555,-16.656854653014317,-49.28221072457219
74560,-16.65914311743257,-49.27218320058373
74563,-16.650735482220078,-49.268908910213554
74565,-16.64044495308618,-49.27442732112983
74573,-16.638122965217203,-49.281556060990624
74574,-16.64600174841837,-49.27921538545668
74575,-16.651289249999994,-49.28677446291516
74580,-16.647521723246307,-49.29569488008731
74583,-16.640022007145816,-49.30206831268626
74584,-16.634939037163956,-49.2953231997932
74590,-16.611427415697364,-49.29658732724919
74591,-16.617106977087026,-49.28765806809001
74593,-16.620287622891365,-49.29335212690818
74594,-16.622779069777074,-49.308471077149264
74595,-16.625071781291485,-49.29675842459416
74603,-16.68481456726801,-49.24026190089958
74605,-16.675488,-49.24656357406661
74610,-16.67471437422195,-49.237582056384795
74611,-16.67515266619978,-49.23302802843983
74615,-16.677395503617973,-49.23416099033801
74620,-16.666606645484578,-49.226478750000005
74630,-16.663017103936475,-49.22876824999996
74633,-16.66827899999999,-49.23527678136345
74635,-16.66105642815813,-49.24088899999997
74640,-16.665988269034166,-49.24213999999996
74643,-16.670990315591258,-49.24635503248841
74645,-16.661857087133086,-49.24624933973738
74650,-16.65466298487673,-49.24270319190117
74653,-16.656496380455636,-49.25242928595651
74655,-16.652610240908544,-49.25344155026421
74660,-16.648461829766337,-49.25963417382378
74663,-16.630335572125382,-49.25239177577319
74665,-16.621091846690952,-49.25277985636113
74670,-16.641649273712147,-49.2400215
74672,-16.63371734875744,-49.233750750000006
74673,-16.648552929527504,-49.23451517251526
74674,-16.641323303158096,-49.22831701791168
74675,-16.621429999863373,-49.21815348699994
74680,-16.611706494912575,-49.2001672425532
74681,-16.62117773767219,-49.19626121859417
74682,-16.507687500000003,-49.43732399999999
74683,-16.611140999999947,-49.21965799999997
74684,-16.59833794712177,-49.207432529485985
74685,-16.61633270778188,-49.249405294654366
74686,-16.55617790399998,-49.244785999999976
74690,-16.606897214908606,-49.25328076410665
74691,-16.587485694870324,-49.26972049999996
74692,-16.591248157301635,-49.2599701827165
74693,-16.543064855999944,-49.282899999999984
74703,-16.661791632588393,-49.20676797624329
74705,-16.669020150160826,-49.21744476957424
74710,-16.674888101874362,-49.2145812505269
74711,-16.670714833295307,-49.2254149651166
74713,-16.67929633687629,-49.22653413545997
74715,-16.68922415291496,-49.22638562818079
74720,-16.685788500000005,-49.22005725
74723,-16.696045587046555,-49.222250591686745
74730,-16.692534086963956,-49.211148107940005
74735,-16.681673326831945,-49.20417647705613
74740,-16.687337100351947,-49.20372418021665
74765,-16.665527912003746,-49.19096568958659
74766,-16.666598999999945,-49.18094899999996
74767,-16.66791325704835,-49.194271798773954
74769,-16.653986707680428,-49.18478883802797
74770,-16.6606937772537,-49.18717733306822
74775,-16.651486255996982,-49.211564743844406
74780,-16.650643958535284,-49.192170735992306
74781,-16.650868483667892,-49.19975864437387
74783,-16.647080423202723,-49.29001995680617
74785,-16.644838379033065,-49.18621399999997
74786,-16.64607923805344,-49.17970301386586
74805,-16.69187444218529,-49.2390087987865
74810,-16.702597527222828,-49.23963799999996
74815,-16.71150149288615,-49.24177999999996
74817,-16.713202794269563,-49.24377138265976
74820,-16.707962217899865,-49.248017339334375
74823,-16.71555102181082,-49.26021996469721
74825,-16.717403984094773,-49.25353849999996
74830,-16.721986686994622,-49.260491975878224
74835,-16.725975991785834,-49.2725205
74840,-16.73716245925572,-49.2780573034553
74843,-16.733318931186894,-49.28915379640812
74845,-16.721662488200973,-49.24272263726685
74850,-16.725431049044403,-49.24091096521617
74853,-16.729351061075057,-49.24774098350092
74855,-16.72592803952965,-49.22648832669891
74860,-16.734167999999997,-49.22267594497928
74863,-16.731297667535337,-49.24403506863787
74865,-16.72004323868864,-49.21775312053997
74870,-16.729261499999946,-49.218155261656975
74883,-16.699041,-49.217312412890415
74884,-16.710610988240468,-49.201734530611446
74885,-16.72866322321251,-49.208647499999984
74886,-16.725834098545064,-49.21222893336587
74890,-16.74641799999995,-49.199469818081965
74893,-16.741377005278977,-49.20198478750604
74905,-16.73810480804164,-49.25964177607302
74910,-16.747669264686326,-49.24817576699863
74911,-16.73687999999993,-49.24506982297813
74912,-16.73624975765297,-49.23670188755467
74913,-16.759931787681033,-49.25417466333671
74914,-16.753987701801215,-49.2597862063008
74915,-16.74154865069706,-49.270203391194265
74916,-16.752939936140713,-49.28071984923809
74917,-16.759388999999945,-49.27218075
74919,-16.770621440004412,-49.25073825
74920,-16.761936581540787,-49.275031535034884
74921,-16.75101124568619,-49.20771716368581
74922,-16.748519701616576,-49.22543777258919
74923,-16.777587457634016,-49.22672399999993
74924,-16.78527803904488,-49.21484413177647
74926,-16.756449664380895,-49.20888677777376
74927,-16.757578173757565,-49.2060735
74930,-16.767131583732123,-49.34287978593004
74932,-16.76249997205978,-49.33619595565743
74933,-16.754593664527867,-49.31616984599998
74934,-16.766866999999934,-49.313808807999976
74935,-16.750920581507707,-49.29662045798359
74936,-16.762920606465215,-49.29501158299996
74937,-16.77332779211548,-49.29358724240177
74938,-16.753107665187756,-49.28720607783448
74940,-16.789783492008862,-49.2952414294894
74942,-16.7843246504188,-49.311321152880225
74943,-16.776025085667214,-49.331348991477235
74944,-16.784461787936404,-49.32691292337334
74945,-16.78901393022305,-49.33328275863178
74946,-16.77349310611216,-49.34635228754584
74947,-16.797950249999968,-49.34620474999996
74948,-16.80968541241407,-49.348443928538
74950,-16.780232999999946,-49.27464225
74952,-16.77855716657858,-49.2769541197932
74953,-16.784570259623543,-49.2904125
74954,-16.793042407618344,-49.276026926664215
74955,-16.805706659318226,-49.2825026171938
74956,-16.80063625621522,-49.294368458686805
74957,-16.80365689908629,-49.31034869550346
74958,-16.80164393648743,-49.31714048011501
74959,-16.81945712986239,-49.309630541702916
74960,-16.799168999999946,-49.32950299999996
74961,-16.81031084130952,-49.320923072943536
74962,-16.816163989722117,-49.34134672668443
74963,-16.82113132671378,-49.36069509727262
74965,-16.832468999999946,-49.365966660589855
74966,-16.824556064251567,-49.29733759163605
74967,-16.816629027589105,-49.2895813980122
74968,-16.81994803732957,-49.26330970352247
74969,-16.8160352379311,-49.28186274416623
74970,-16.826233353386804,-49.29024254594421
74971,-16.832328297864045,-49.27616720525608
74973,-16.8250208418553,-49.25791183106381
74975,-16.837919999999997,-49.24989205426351
74976,-16.82837647848848,-49.24735539715281
74980,-16.823090347239436,-49.24624206423233
74981,-16.809685756322775,-49.24135756674025
74982,-16.800556828824995,-49.244074505527145
74983,-16.78888140201312,-49.24411882967572
74984,-16.79147307862693,-49.243051528513725
74985,-16.79511510610258,-49.25892986653896
74986,-16.817254912116454,-49.234839750000006
74987,-16.822606829305983,-49.23297000000001
74988,-16.832965499999993,-49.22466401716799
74989,-16.84420959620698,-49.23727566482552
74990,-16.826687232778063,-49.23769568374608
74993,-16.81167000734951,-49.21878999999996
75020,-16.326599015525844,-48.95346664776578
75023,-16.3339544353204,-48.96018064440855
75024,-16.32890780871043,-48.958330810057326
75025,-16.328478351965003,-48.95648884587898
75040,-16.313110846016897,-48.956399158122494
75043,-16.319168766533977,-48.959179852886805
75044,-16.320271499999997,-48.96497576726801
75045,-16.315311960508836,-48.962144708658045
75050,-16.30022141883518,-48.97035006209427
75053,-16.280747578709224,-48.97727420744706
75054,-16.26805028434157,-48.99436770562203
75060,-16.301250866446065,-48.95872808067442
75063,-16.285441499999994,-48.95617399999996
75064,-16.288559180800885,-48.97081564850285
75065,-16.282975126888417,-48.96443296951818
75066,-16.27596842133797,-48.977354250000005
75070,-16.2908930438033,-48.947478315528414
75071,-16.281624993107584,-48.94172042955604
75072,-16.277500041908052,-48.93505392606887
75073,-16.263760746231995,-48.944189200556366
75074,-16.281234447544588,-48.930338250000005
75075,-16.303891399425904,-48.93930439067794
75076,-16.303634999999993,-48.92667750000001
75080,-16.31681172964377,-48.94752669277048
75083,-16.30284930283915,-48.94579117475208
75084,-16.31106870084655,-48.938923233383946
75085,-16.285332740446517,-48.92223294015574
75090,-16.302960749317982,-48.897585151923
75091,-16.314828249999984,-48.9031827049598
75093,-16.32525940942858,-48.91647501952549
75094,-16.320791439297466,-48.931101111063384
75095,-16.335819,-48.92045633297474
75096,-16.329278999999946,-48.92652493830629
75097,-16.322742376495544,-48.92109566785528
75100,-16.355772887999933,-48.939911832194696
75101,-16.33461527512225,-48.9038412543222
75102,-16.373440887999948,-48.82239499999997
75103,-16.351103152397283,-48.90590592949232
75104,-16.355041227799724,-48.912590899428636
75105,-16.36503158994369,-48.94116362254441
75106,-16.369597033629848,-48.94866729256318
75110,-16.333040851685464,-48.94066945526677
75113,-16.32473051308362,-48.9413139646348
75114,-16.344226499999934,-48.9368073351362
75115,-16.345174223982937,-48.946806
75120,-16.341855032845757,-48.9605016054832
75123,-16.341194249999997,-48.953972681787924
75124,-16.356473577202603,-48.96577249999996
75125,-16.353269331311225,-48.95328894241873
75126,-16.360750472777326,-48.956961333847715
75130,-16.36961157707195,-48.96695839739985
75131,-16.37425825917739,-48.97618388348653
75132,-16.38545704099994,-48.92483499999997
75133,-16.381062497867987,-48.95810028940292
75134,-16.35656439728892,-48.98166061833788
75135,-16.386669542631125,-48.98064619044944
75136,-16.374242597574206,-48.98564369519714
75140,-16.332137135476483,-48.96637807775572
75143,-16.337632499999927,-48.97147134871928
75144,-16.3273872830025,-48.985414278685525
75145,-16.34664795056472,-48.97267244342935
75154,-16.869901333564314,-49.855601858840714
75160,-16.297807907723765,-49.08749420254372
75165,-16.217600462636685,-49.19644775576628
75170,-16.50610096854512,-49.02023172409402
75175,-16.480907484174715,-49.093675057287065
75180,-16.662047959752538,-48.60971643016634
75184,-16.45214225695801,-48.69927463842185
75185,-17.054465538168852,-48.66469837841943
75190,-16.62177781648658,-48.74287418649165
75195,-16.61626887632268,-48.95962699269174
75200,-17.303805146025503,-48.282677752546064
75202,-18.19924451457095,-47.94180082070517
75210,-17.325272031396345,-48.42609017048485
75220,-17.31577140249432,-48.483549591674674
75230,-17.197652522403153,-48.70549197388667
75240,-16.972622626168977,-48.95308817677393
75245,-16.71399552877359,-49.00098257069741
75250,-16.69548143875909,-49.11276499999997
75251,-16.71273437606217,-49.10015952166491
75254,-16.689794254607275,-49.15178349399997
75255,-16.66782132536086,-49.17218949999997
75256,-16.653657249999966,-49.15627512499998
75258,-16.675430331939737,-49.11049756106671
75259,-16.68736215926141,-49.10341017271016
75260,-16.74210307864382,-48.5216121921794
75261,-16.69922962255734,-49.09609794292106
75262,-16.71482512233968,-49.08600424209884
75263,-16.715704999999957,-49.09516999999994
75264,-16.68883840173823,-49.08938127130625
75265,-16.744471878861734,-48.51462382317262
75280,-17.03334612784542,-48.30128430721502
75340,-16.965813508379142,-49.22824307867434
75345,-16.766377164880446,-49.43502000000001
75350,-16.836856878905255,-49.535842831978655
75355,-17.04630294549333,-49.63006470021328
75360,-16.91096334835114,-49.4490970983203
75370,-16.499765103343684,-49.42298179744336
75375,-16.492677118213948,-49.31236359278636
75380,-16.636300551587148,-49.39806952230043
75381,-16.591110006577367,-49.39672987127025
75382,-16.631368730471127,-49.40606253680831
75383,-16.640800060462585,-49.41896939842371
75384,-16.63810501577901,-49.436251099099294
75386,-16.65100379159203,-49.46967432414427
75387,-16.64303809727917,-49.49302577370568
75388,-16.652918883642084,-49.48861428012519
75389,-16.669398203892108,-49.48553731486918
75390,-16.66261956356493,-49.49530866017159
75391,-16.654188582501952,-49.50186673207772
75392,-16.644661456447636,-49.4907936026446
75393,-16.639287775543107,-49.50233536571922
75395,-16.469319048544172,-49.75679948007876
75396,-16.762699452853532,-49.69590057519049
75398,-16.575635347520624,-49.696199046655266
75400,-16.36197659608247,-49.49748612196842
75410,-16.353879052519602,-49.685644908469484
75420,-16.25414062178931,-49.36818734074622
75430,-16.44515664754625,-49.496281777988216
75440,-16.43220074533091,-49.38608963924567
75450,-16.20391438207291,-49.60724064044678
75455,-16.083595048224456,-49.49373816261336
75460,-16.40625569170689,-49.22246127942491
75470,-16.372543729933078,-49.31659067811212
75480,-16.102197626098498,-49.33416033734329
75490,-15.933537818678813,-49.26187290328915
75495,-15.955318898315726,-49.37770641632478
75503,-18.417311265805168,-49.216480877937535
75510,-18.411512656862882,-49.22061253306079
75513,-18.40268792313799,-49.21679880646915
75514,-18.38360281796381,-49.21675339401205
75515,-18.381226867768824,-49.21716964048813
75516,-18.398400709334325,-49.20912770485795
75520,-18.393519179320222,-49.197136252934826
75522,-18.411276948987506,-49.2000537417145
75523,-18.40873815540604,-49.20559792827292
75524,-18.429838665646948,-49.216310721071196
75526,-18.425271553198208,-49.22888382289741
75528,-18.397779845327104,-49.24084516971623
75530,-18.416713954022626,-49.22676162815814
75532,-18.410610361127134,-49.23635011432808
75533,-18.409284120520272,-49.23857310608611
75534,-18.419180064533588,-49.24572990527757
75535,-18.41157128224408,-49.26967971133864
75536,-18.411526157251924,-49.24724577228057
75550,-18.4873602483325,-49.99033145459527
75555,-17.734148721750223,-49.804525165447096
75560,-18.493744371752015,-49.476710769115975
75570,-18.21567111502769,-49.73669640300342
75580,-18.1820611244289,-49.35329409221058
75600,-18.013405751652652,-49.36570961205814
75603,-17.814224573032334,-50.16295336389114
75610,-17.805629689338225,-49.62192645437982
75615,-17.730324000000003,-49.47684935577093
75620,-17.51806752053548,-49.44935444685551
75630,-17.29738943590023,-49.49351161709288
75635,-17.28935256979773,-49.37400431448015
75640,-17.303515082892655,-49.02353672010906
75645,-17.252881170676233,-49.24534871064125
75650,-17.73298919128804,-49.11066528546312
75660,-18.137822682892264,-49.04109922430479
75665,-18.0762912573516,-48.76172287545543
75670,-17.97936998872595,-48.645236482830526
75680,-18.142815736847837,-48.56261926572755
75690,-17.742845378364226,-48.62161380291885
75695,-17.807073092670127,-48.75915676949084
75701,-18.16972792951116,-47.94656300201507
75702,-18.16334620581536,-47.95291894390455
75703,-18.162054020543565,-47.94089134838284
75704,-18.15850765335557,-47.93478280962904
75705,-18.146433258383517,-47.92703999999998
75706,-18.162749999999946,-47.92906756623737
75707,-18.170896086040724,-47.93580345593492
75708,-18.16980499999994,-47.92400434599995
75709,-18.18029055459334,-47.94568427563185
75710,-18.20069556791441,-47.93962871274836
75711,-18.16843384220114,-47.9687831468642
75712,-18.16634285046357,-47.95821742960578
75713,-18.170358424257344,-47.96122904604402
75714,-17.943432717035293,-47.471544195549015
75715,-18.234426586685636,-47.834931272556176
75720,-18.359190711185715,-47.781839897411835
75730,-18.154240237479677,-47.561250764857306
75740,-18.13518279624109,-48.086859833568354
75750,-18.057946021325208,-48.25600635729133
75760,-18.26476419536713,-48.14927679873251
75770,-18.339832546002228,-48.21937149616647
75780,-17.718543189482133,-48.15907238891024
75790,-17.465463136315954,-48.20269906065075
75795,-17.6358820315807,-47.77655263252516
75800,-17.884914004714012,-51.71739043271518
75801,-17.894154385113055,-51.71690793425291
75802,-17.903213264789485,-51.729525560201004
75803,-17.89221179963492,-51.73328148710192
75804,-17.878102593939154,-51.73267508492417
75805,-17.87563329391236,-51.72760499291556
75806,-17.868245101310073,-51.71325916493767
75807,-17.87999140973948,-51.702961128171694
75810,-18.763014384799668,-51.34783149488232
75813,-18.56344412090821,-51.1352668705714
75814,-18.556726926338065,-51.13539197885099
75815,-19.064987310936296,-51.549269724673934
75819,-19.183508182855753,-51.39968801717305
75820,-18.306771228800983,-51.960031518246424
75822,-18.31162116776641,-51.95409706915569
75823,-17.528054744288504,-52.064258556916144
75825,-18.96222958952667,-51.92712563924055
75827,-18.296783551396818,-51.15016650465628
75828,-18.396813522025983,-52.665206949213896
75830,-17.557348265047686,-52.54867687068612
75831,-17.567935136551597,-52.56577260015549
75832,-17.55896404016903,-52.555230600142366
75833,-17.5543253370321,-52.55150227442005
75834,-17.540958294409982,-52.54212468412518
75835,-17.355508378401346,-52.678770523465005
75836,-17.569433620436183,-52.535772774447565
75837,-17.554280486061565,-52.54291349739289
75838,-17.57953908677334,-52.549003961211255
75840,-17.326456660949937,-53.202903437088
75843,-17.357162303098534,-52.67826404549904
75845,-16.74627382508306,-51.5303661587261
75850,-16.957055498263056,-51.81224144762295
75855,-16.721166206487254,-52.31534457821609
75860,-18.44560494103362,-50.4495867438444
75865,-18.44059474570269,-50.13909849735598
75870,-18.75896655990547,-50.94497184372787
75880,-18.910843844482937,-50.65095726325239
75890,-18.99880629960122,-50.54818757417452
75893,-17.651346555377803,-49.754098958462116
75900,-17.788278049171137,-50.91048129039628
75901,-17.794927198984293,-50.93103662187096
75902,-17.783735197493026,-50.929316528327824
75903,-17.784010767521345,-50.91797688979276
75904,-17.773023983374436,-50.91291425098201
75905,-17.7955083897996,-50.913765746375205
75906,-17.80407325678862,-50.92357372336196
75907,-17.812417269215395,-50.93581341492627
75908,-17.799617999999946,-50.94471499999996
75909,-17.791595359224715,-50.949274173203136
75910,-17.759017525482456,-50.90936890508729
75911,-17.768277281510247,-50.898593921214825
75912,-17.82316422675853,-50.93466075
75913,-17.809825529907982,-50.92959508746598
75914,-18.100147725066762,-50.56140015748238
75915,-17.44761189426545,-51.17538048773612
75920,-17.81445608266391,-50.59814294980508
75925,-18.08902206212069,-50.22129993400378
75930,-17.97230390649245,-50.33895969540263
75935,-17.55941196989887,-50.63601245366762
75940,-17.338959721951813,-49.93018245202688
75945,-17.425009863956998,-49.66405289186558
75950,-17.045505735081832,-50.146866178164785
75955,-17.14534415702844,-49.99189342133974
75960,-17.398576928855167,-50.375125271476726
75970,-17.851364102811043,-50.30565961177566
75980,-16.95092063255164,-50.44392842575336
75985,-16.816585730881034,-50.40752804308044
75990,-16.79428682599757,-50.163996260971885
76100,-16.51774926114731,-50.374070683021785
76105,-16.579559282405956,-50.30610758799373
76110,-16.609983849658374,-50.13344464480648
76120,-16.678929924742345,-50.46366427849526
76125,-16.667409369495473,-50.64624161982714
76130,-16.605753501077007,-50.79241769057591
76135,-16.543536737307285,-50.740082768609234
76140,-16.618085165029335,-51.096776918459256
76145,-16.294219910784815,-50.54986259630623
76150,-16.125432176358853,-50.21559308817943
76152,-16.184675762509098,-50.43456970891854
76155,-16.416402723430952,-50.16669222951595
76160,-16.201062420775393,-50.311306420885636
76165,-16.253502859943545,-49.981934537152455
76170,-16.461333553743916,-49.96132102440178
76180,-16.580650160804723,-49.88290605459118
76190,-16.805608838130567,-49.921788205606745
76195,-16.97083247633617,-49.77247446252315
76200,-16.440566630521335,-51.11744925900564
76205,-16.31622596914525,-50.90403411990401
76210,-16.18300806942621,-50.95312994403947
76220,-16.18442469781677,-50.77986339629902
76230,-16.431934423339424,-51.81877747624986
76235,-16.3860611269411,-51.559553767296734
76240,-15.90532773684437,-52.24310063761939
76244,-15.897244499264438,-52.23386549288963
76245,-16.201452163863255,-52.17402408729853
76250,-16.200375508864134,-52.544147699130235
76255,-16.005335464064476,-51.39837852170166
76260,-16.233485770516886,-51.258154077393
76265,-15.769746110959787,-51.10267123716223
76270,-15.86893494882732,-50.86758787459017
76280,-15.24383853951635,-51.16329695567277
76285,-16.035020999999993,-50.71215434417811
76290,-15.820316369060022,-50.61014350949811
76293,-17.804908238584307,-50.92344964685184
76300,-15.309132457359855,-49.60341807706228
76304,-15.172089251885993,-49.67272575
76305,-15.149425920396993,-49.57446408937376
76310,-15.317314943699383,-49.5792994326897
76315,-15.448969783440354,-49.511426663832346
76320,-15.302299825356116,-49.423904726426564
76330,-15.753048184499555,-49.33007611096755
76335,-15.50043825364852,-49.68597327439014
76340,-15.356483745783189,-49.701684838364955
76343,-15.350557363712937,-49.81882690247089
76345,-15.020283020253917,-49.89609240961383
76350,-15.162775198754051,-49.80287744268647
76355,-15.316822725317579,-50.05742035908003
76360,-14.955480192928585,-49.54694047576256
76365,-14.861035578140392,-49.33059144235238
76370,-14.763706893877927,-49.5798961985632
76372,-14.763079310778604,-49.5783391154851
76374,-14.733128005201412,-49.7038753126389
76375,-14.722953294404697,-49.46867447830396
76380,-15.315310237752977,-49.11843752087812
76381,-15.304724482314136,-49.11630999999994
76382,-15.329732329170572,-49.11744057697122
76383,-15.33517722542918,-49.10479889900748
76385,-15.306391135433053,-49.131778006227066
76386,-15.979336333909298,-49.19469684667589
76387,-15.305171322248482,-49.126376720982186
76388,-15.315054507999946,-49.13487102499994
76390,-14.969650545573192,-48.91874232500435
76393,-15.448191320342204,-48.88132053717239
76395,-14.913344999999946,-49.05967849999996
76400,-14.524558972222868,-49.14295729593409
76410,-14.313360067559042,-49.15273533872011
76420,-14.468850676218622,-48.459056140699964
76440,-13.791798686397893,-48.56763991488782
76450,-13.530056901640416,-48.21897110447438
76460,-13.511588471280422,-48.743765956515375
76465,-13.353154205541037,-48.68993822630988
76470,-13.653840031338042,-48.879050250529225
76480,-13.716383089208776,-49.01631522200527
76485,-13.868317800022169,-49.06941042553333
76490,-14.018849335865498,-49.17906999999997
76493,-13.926284840433128,-49.29855705800639
76495,-14.288154597373056,-49.38727242706784
76500,-14.434922282426419,-49.712313156425935
76510,-14.54232154016025,-49.96852769937588
76515,-14.272669842664076,-49.65642180681843
76520,-14.096309831146185,-50.3359672822194
76523,-14.09910989868462,-50.32988648196841
76525,-14.284240653466394,-49.918222594041055
76530,-13.772712794490864,-50.27949624970709
76540,-13.729901274069464,-49.27606920660137
76550,-13.440824356803244,-49.14717110867687
76555,-13.649574880407954,-49.830496503203904
76560,-14.196018949778942,-49.33560113823958
76580,-13.239024879248795,-49.50804022528571
76590,-13.274311423804331,-50.16244972293519
76600,-15.939617743463684,-50.14292554496714
76630,-16.022739684947002,-49.8017237257634
76640,-16.053903889835336,-49.60238577490256
76650,-15.92097218846128,-49.60506897107029
76660,-15.76185191449147,-49.633328250000005
76670,-15.719869043741394,-49.82657408453354
76680,-15.560941989010123,-49.94857925141775
76690,-15.631984726978175,-50.03059481321799
76700,-14.748970654631222,-50.57094465838587
76710,-14.927038357031478,-51.0803076758241
76720,-15.09393811835534,-50.62764836765611
76730,-15.435666293086667,-50.745194034366
76740,-15.447936597201574,-50.3619835532542
76801,-8.753905804137618,-63.90628954048712
76802,-8.729249477577474,-63.90940844405914
76803,-8.744975057182971,-63.89591537791901
76804,-8.765998858024522,-63.89325965174008
76805,-8.777447265589275,-63.9071573183207
76806,-8.780552035689812,-63.8807133880498
76807,-8.790837779782123,-63.88286368173189
76808,-8.793644485544622,-63.88961693889227
76810,-8.807265161029267,-63.88522651192675
76811,-8.799396959636884,-63.86875859777713
76812,-8.773978517730978,-63.85377708815588
76813,-8.77367696116926,-63.81892798326547
76814,-8.780607195758705,-63.805764375
76815,-8.80048457634174,-63.71981599557018
76817,-8.80798951470407,-63.80607085713321
76820,-8.75551913360181,-63.87394492223423
76821,-8.736170472807165,-63.875183507652594
76822,-8.724120895580539,-63.876979332827545
76824,-8.750933095147083,-63.85894499039496
76825,-8.746289625108579,-63.84624549996029
76828,-8.754778152960725,-63.823281133061926
76829,-8.764297745204502,-63.839846937148536
76840,-9.254669125631318,-64.40469866855508
76842,-9.29542574867182,-64.54390662200464
76846,-9.656042105948607,-65.73848496097509
76847,-9.289788650493062,-63.792127595969184
76848,-9.763415752971646,-66.61942506212684
76850,-10.78071026459307,-65.32715344103234
76857,-10.40699328947502,-65.33288908762691
76860,-8.7946620500589,-63.70127547911522
76861,-9.183771006137183,-63.18583459591268
76862,-9.718396338768557,-63.31810754936188
76863,-9.705618,-62.89989150651899
76864,-9.36406694760771,-62.583897903188095
76866,-10.247257866458803,-62.34858456374418
76867,-9.858186358531105,-62.174340922688486
76868,-9.425312037904558,-62.002725292797436
76870,-9.912076427856167,-63.04059094856349
76871,-9.891841499999993,-63.04183120766418
76872,-9.905995805903018,-63.03353320051468
76873,-9.908706622332788,-63.02759527257384
76874,-9.88952731078628,-63.02247084097615
76875,-9.912788722489216,-63.01489103052077
76876,-9.92583256326458,-63.036106108538846
76877,-9.914957097381809,-63.05717538826364
76880,-10.209157229582747,-63.82927918809585
76887,-10.570333879386762,-63.62009185542456
76888,-10.255637904326354,-63.29834666535932
76889,-10.340893426723463,-62.89846463795537
76890,-10.434771947906166,-62.47283468715352
76898,-10.610537182979968,-62.733638925441106
76900,-10.878859913934782,-61.95841491768151
76901,-10.872087470453412,-61.97506551358018
76904,-10.84191675016744,-61.993061845081485
76906,-10.857236962048848,-61.95563056163115
76907,-10.86658461590005,-61.94855224776178
76908,-10.885300473006453,-61.92062328996821
76909,-10.8794735856172,-61.902316154547904
76912,-10.897601072180699,-61.89573019220759
76913,-10.898627659725749,-61.91535648787057
76914,-10.895924256779047,-61.93529040035534
76916,-11.171086215674176,-61.904960843983474
76919,-11.19815999999999,-61.51993749909266
76920,-10.720357340204565,-62.25714126335961
76923,-10.426589999904008,-62.13093214982546
76924,-10.914371836001798,-62.553753048806165
76926,-11.030709021705125,-62.67163048929676
76928,-10.932003953024402,-62.25697641483576
76929,-11.129341086323516,-62.3700990580654
76930,-11.349213446907596,-62.284948382980765
76932,-11.696186932018117,-62.71717809487473
76934,-11.768931194761294,-63.03454070452226
76935,-12.061380705857928,-63.570925514108964
76937,-12.436164252284229,-64.22742616074173
76940,-11.722950220338216,-61.77802825009362
76948,-11.42813146130598,-61.95094415874613
76950,-11.90497405150159,-61.779636748460746
76952,-12.132683999999998,-61.85555952453228
76954,-11.92729770672256,-61.99410829562855
76956,-11.710551638878094,-62.00020802163517
76958,-11.72603948708134,-62.31588025486252
76960,-11.423035101580892,-61.47395663790475
76961,-11.426646832863414,-61.466559908900976
76962,-11.429644496755655,-61.45987385866161
76963,-11.434792382970684,-61.441614822974856
76964,-11.439247801294972,-61.443711199983895
76965,-11.436540668837113,-61.433224956455575
76966,-11.438347500417402,-61.42997245588644
76967,-11.442893140994599,-61.45101554718899
76970,-11.679459775501186,-61.17799603416593
76974,-11.528564211052108,-61.01520841929919
76976,-11.832120873740127,-61.31892743247201
76977,-11.908075658683707,-61.51286078718337
76979,-12.181873035428682,-61.60122009410709
76980,-12.741952945809155,-60.13777192855357
76981,-12.740955569558919,-60.14707056049292
76982,-12.72294234593581,-60.13595003201799
76983,-12.720796159170364,-60.144586282406415
76985,-12.732694269420994,-60.11391361810655
76987,-12.740569824204956,-60.11627298303883
76988,-12.74661339627486,-60.12700514480176
76990,-12.555418852363328,-60.90321992216517
76993,-13.123409719745773,-60.543140499593335
76994,-13.492100403210594,-60.54387983147828
76995,-12.997539564721912,-60.94379386724307
76997,-13.19159482024924,-60.820021602045365
76999,-13.481465456985331,-61.04479323220152
77001,-10.167595150073762,-48.34231320063856
77002,-10.162821182616597,-48.34204166687765
77006,-10.177278342813034,-48.32004242026044
77015,-10.19945428134863,-48.345770740552055
77016,-10.219379078838633,-48.34641635115993
77017,-10.229455468648288,-48.34332555056342
77018,-10.24689176490081,-48.34676997833252
77019,-10.256909512052331,-48.33979794136064
77020,-10.189765345608574,-48.3207720407684
77021,-10.207730854065767,-48.32736837278152
77022,-10.224476764992456,-48.3228404962027
77023,-10.237359310403958,-48.32164768562289
77024,-10.253493011467741,-48.322325818646135
77025,-10.26863966850916,-48.32281210193194
77026,-10.154228038108592,-48.31450204139296
77059,-10.29347825846093,-48.317150493121375
77060,-10.31644313545141,-48.30259816744879
77062,-10.315339865529698,-48.31772470725281
77063,-10.342876017642148,-48.334734473018514
77064,-10.339150237260371,-48.29350810864729
77066,-10.340568470593869,-48.28157121703904
77080,-10.317661245712978,-48.15353024151072
77300,-11.625399532762296,-46.82171981873243
77303,-11.371631163859025,-46.82181525105284
77305,-12.219799613895976,-47.29607162815961
77308,-12.192317149902745,-46.99154609637422
77310,-11.566925044328528,-47.168738091484954
77315,-12.090051318657029,-46.47911968537169
77318,-11.82025791170446,-46.62593163287648
77320,-12.40225882930282,-46.43545226538135
77325,-12.710645817650953,-46.40737399999995
77330,-12.926238406074326,-46.94381012986025
77350,-12.815299213565698,-46.54854204525618
77353,-12.914392789145461,-46.57347405787643
77360,-12.61737622366928,-47.87831595493658
77365,-13.042120413236404,-48.4131880121788
77368,-12.74889317984065,-48.23607869135319
77370,-11.706316711365378,-47.72532792005673
77375,-11.44840707089297,-48.113535818665625
77378,-11.61781043385302,-47.75103782717146
77380,-11.136895788631303,-47.57758481444616
77390,-11.97131865538941,-48.23430892321234
77395,-11.607347710370766,-47.04808692792923
77402,-11.726304144979716,-49.07381721676321
77403,-11.726843114313125,-49.075777932076825
77405,-11.730251178609155,-49.06681405507567
77410,-11.728885629972405,-49.06178501608251
77411,-11.737851764601505,-49.04826890765127
77413,-11.717812276013843,-49.07989332994299
77415,-11.74685394792947,-49.06835047679959
77416,-11.7196089806169,-49.08634839695171
77420,-11.71765283155138,-49.06828854149235
77423,-11.725266078999937,-49.06424974341267
77425,-11.729839258338952,-49.09528497323779
77426,-11.72750399986925,-49.06589369238505
77430,-11.71702225345842,-49.09291766551384
77433,-11.738527165698766,-49.06616061323968
77435,-11.725164169991698,-49.07924969012365
77440,-11.715434348072698,-49.05137626626807
77444,-11.708938978518574,-49.05553896390653
77450,-12.652598393201686,-48.59283766328183
77453,-11.916045581854561,-49.17071931098785
77455,-11.304679684148978,-48.93751542705336
77458,-11.987787319646108,-48.91297239157187
77460,-12.032118457708911,-48.53848066649441
77463,-11.103223561131127,-48.91839140847343
77465,-12.134863132973663,-49.17080155627614
77470,-11.808951580968749,-49.5242140059722
77475,-12.928162312137216,-49.82641566233482
77478,-12.539691400461646,-49.92660204399803
77480,-12.480042118075056,-49.12182771726464
77483,-12.799110875281409,-49.09185547607767
77485,-11.342061430005698,-49.269924463924
77490,-10.60329867384707,-49.19479096399103
77493,-10.788473240106198,-49.62187929677525
77495,-10.567133365266685,-48.912133508128164
77500,-10.70556871514803,-48.40571521186125
77555,-10.761103955124561,-48.90288564427392
77558,-10.707088579991682,-48.9056175510056
77560,-11.015845107794975,-48.56702660191019
77570,-10.441230484585047,-49.17927389719306
77580,-11.15337794953285,-48.172351154064174
77585,-10.763398336074602,-48.10383901760471
77590,-10.745578707093353,-47.53676175671616
77593,-10.545333745711073,-46.419317949689855
77600,-10.174359798782648,-48.88828337734686
77603,-10.421498999999947,-48.92569099999996
77610,-9.966054378632972,-47.6783158361431
77613,-10.295713784689084,-47.5637294926062
77615,-10.283361418013058,-47.80900716698315
77620,-9.950409822060305,-47.975271675045946
77630,-9.594945102105715,-46.67512984433543
77635,-9.346917545658155,-47.89613683431806
77640,-9.567552735466545,-48.3753798112381
77645,-9.754577767604635,-48.35481792633079
77650,-9.565953129885031,-48.40290584749788
77655,-9.342800318746187,-48.53467417154051
77660,-9.531578377233046,-48.59125110380906
77665,-9.83521114808075,-48.72604155349957
77670,-9.801105445984025,-49.21466965441084
77673,-9.980865746375567,-49.02969899782954
77675,-9.79685561595735,-49.65711334558421
77680,-9.270713557756487,-49.95787833782586
77685,-9.25705715702368,-49.06555173267937
77690,-8.808075363857471,-49.55598787993791
77693,-9.622442657403376,-49.149720300911845
77695,-8.774210204018221,-48.93520450581853
77700,-8.8411018797477,-48.51068724413237
77704,-8.971492110091262,-48.18839114762814
77708,-9.075926999999949,-48.52275199999997
77710,-8.978963861200612,-48.1726239236656
77714,-8.965545990706262,-48.16566688556878
77716,-8.775461250117413,-47.74881760375942
77718,-8.384581645976935,-48.108092308907764
77720,-8.393801959186327,-47.770927028685335
77723,-8.957655244319064,-47.33776091055705
77725,-8.734176838719852,-48.75282407904941
77730,-8.596002743132457,-48.935191826183534
77733,-8.734055457713946,-47.24227204544005
77735,-8.390726857955158,-48.48629915902558
77740,-8.57142651321795,-48.68939610050141
77745,-8.531084209571869,-48.50722113288076
77750,-8.360108898148313,-49.18224054001672
77753,-8.119290888390063,-49.1010242369731
77755,-7.879329369542398,-48.895844093301925
77760,-8.05618307137424,-48.47731746690889
77770,-7.713258285460559,-47.3163372136154
77777,-7.972532639116138,-46.80347884812205
77780,-7.656641320837519,-49.06459380043834
77783,-7.758556775500446,-48.57709039064408
77785,-7.5414514622100075,-49.369567407045416
77790,-7.630892831752231,-48.4231706322424
77795,-7.341128778025081,-47.494858099829
77803,-7.194533011069669,-48.21094791228212
77804,-7.189193229415322,-48.20843622395894
77805,-7.19066842190255,-48.208389362617
77807,-7.196510193804817,-48.19814460880188
77808,-7.2078398677879,-48.18846815735121
77809,-7.209710603376886,-48.20417600473292
77813,-7.19985522486469,-48.21009528584226
77814,-7.221406399037042,-48.239013504728256
77815,-7.219177192808738,-48.23533294913993
77816,-7.204035773543266,-48.23474452047879
77817,-7.197917304717098,-48.224215735470295
77818,-7.192326257778128,-48.22063568196732
77820,-7.200925260955546,-48.21755982828797
77823,-7.180893255005204,-48.21492676909082
77824,-7.180449139955716,-48.20618056763635
77825,-7.166829371150275,-48.2017818655454
77826,-7.190748656088294,-48.18787312901942
77827,-7.188073756680156,-48.190703761955405
77828,-7.20370426290191,-48.17549710409808
77829,-7.223606204301429,-48.23619582810993
77840,-7.032577758848273,-48.395965294848665
77845,-7.169251159234467,-48.531825100410906
77848,-7.1545766098904,-48.689486212124464
77850,-7.142396255000323,-48.60718823437544
77855,-6.582162811833276,-48.64295366012805
77860,-6.8494875953881165,-47.96608084291137
77870,-7.203132040226133,-47.75895967997296
77880,-6.410122899818367,-48.53426516349895
77885,-6.435113156654684,-47.66814937903093
77890,-6.367664315189942,-48.07201421456309
77895,-6.374278028637143,-47.66159400501382
77900,-6.324528061667317,-47.42489702656732
77903,-6.191153913385008,-47.85542231170752
77905,-6.393836189483075,-47.86587407257603
77908,-6.561381765688909,-47.47517846048372
77910,-6.708127885906302,-47.75158979235327
77913,-6.609152264707425,-47.54633551866118
77915,-6.120011612921714,-47.920325801633
77918,-5.9551251029946695,-47.50686819768744
77920,-5.775566025936765,-47.47894461515902
77925,-5.552675999999991,-47.57681865700381
77930,-5.617372561672872,-47.76976565198042
77940,-5.602017042533675,-47.64205685759899
77950,-5.650590200584109,-48.122571777248254
77958,-6.028402928204897,-47.9230226560381
77960,-5.468678346452408,-47.887631166000546
77970,-5.395737737391552,-47.81029455314858
77980,-5.352366461804333,-47.87448868314256
77990,-5.260425873896027,-48.20497485983
77993,-5.3668865189480215,-48.541267477329335
77995,-5.3181568153949454,-48.22577118326196
78000,-15.649532289581389,-56.032901248457
78005,-15.591127499999994,-56.09504162337965
78008,-15.592212129557765,-56.08508159615454
78010,-15.600271165204672,-56.08937892930102
78015,-15.610189668414328,-56.09100245716651
78020,-15.602646210396294,-56.10278204417668
78025,-15.610609446581316,-56.11042969533509
78028,-15.614444295504228,-56.12992071751788
78030,-15.6077316740397,-56.1232551952709
78031,-15.603222075174056,-56.113943145392966
78032,-15.597202572190255,-56.10616512921544
78035,-15.59761027715841,-56.13178998633657
78040,-15.584885747486027,-56.11805426360431
78042,-15.592011904061273,-56.118600299193744
78043,-15.587290369509065,-56.10809773992932
78045,-15.59234017444668,-56.10466591652366
78048,-15.576776066951957,-56.08465857582221
78049,-15.543461454418049,-56.09468999530903
78050,-15.583442679407526,-56.072941407300476
78051,-15.586814757526245,-56.04723880945901
78052,-15.583650569258642,-56.025494327565866
78053,-15.571647,-56.05588349999999
78055,-15.555284973034443,-56.05223400175248
78056,-15.585133000566367,-56.03775251753597
78057,-15.668276752588463,-56.04205805426913
78058,-15.565383328365199,-56.03455386341359
78060,-15.605914944448973,-56.07221945306173
78061,-15.605346829344912,-56.06541180012637
78065,-15.619391670928271,-56.08089936043387
78068,-15.613527274392714,-56.05170302669732
78070,-15.623967793099762,-56.071960510113286
78074,-15.559817864484383,-56.03302683659103
78075,-15.609923818165626,-56.0317086130793
78076,-15.625750499999995,-56.03739638163262
78077,-15.604482273802677,-56.041254416280175
78080,-15.627324921836962,-56.049190536128535
78085,-15.637104,-56.05865252888458
78087,-15.61468612559578,-56.05174307708076
78088,-15.630808268843063,-56.01310993518919
78089,-15.64331917184694,-55.996373999999946
78090,-15.647085175376212,-56.03101363582997
78091,-15.62045968342205,-55.99035154768323
78093,-15.612731999999994,-56.0386228916346
78094,-15.644019064965027,-56.04536828603024
78095,-15.663347293083813,-56.052260210664414
78096,-15.615617719345748,-56.04118514499815
78098,-15.642024962596619,-55.97885897980344
78099,-15.632387211325128,-55.95560701916948
78104,-14.633329999999944,-57.06666999999993
78110,-15.648440408895485,-56.13387439033893
78115,-15.62998868913073,-56.108493
78116,-15.638021968636396,-56.1048735910324
78117,-15.619777132895676,-56.15755991159171
78118,-15.648797999999946,-56.10269888342778
78120,-15.66715429350766,-56.09125165084541
78125,-15.6610314902516,-56.12550552359499
78128,-15.672475342310848,-56.12366530775052
78130,-15.668221804384672,-56.135156875036046
78131,38.81681628638297,-9.394624510957431
78132,-15.67337258534824,-56.13428693672452
78134,-15.662816583156864,-56.13396916780732
78135,-15.656161100599151,-56.14153774584726
78138,-15.654485501577843,-56.158412317442966
78140,-15.642284280925738,-56.14860862406944
78141,-15.640775355661086,-56.15063366034893
78142,-15.629462741041799,-56.1609784058023
78143,-15.647588242941858,-56.1474829718598
78144,-15.639186471481306,-56.15493474835466
78145,-15.664524959594576,-56.13866598607558
78148,-15.673507350423094,-56.15686265122449
78149,-15.676982601345411,-56.18480003939804
78150,-15.654338478608702,-56.17132774279381
78152,-15.664304999999946,-56.17658553837534
78158,-15.635973853473217,-56.17129136162616
78165,-15.62491394580218,-56.14790736450545
78170,-15.772984536163161,-56.347811894317374
78175,-16.26510706232958,-56.62715720290693
78178,-23.001848731339503,-53.86035161121112
78180,-15.865089840231,-56.078298037523176
78190,-16.19543385236072,-55.951225309969416
78195,-15.460729504588702,-55.74653844952429
78200,-16.07121957793775,-57.68203438195014
78237,-15.609939999999938,-57.92017575079121
78240,-15.854227452287804,-58.46813301740127
78243,-14.475514800390698,-59.58704055047643
78245,-15.006121763502149,-59.950292209512575
78250,-15.23212373046938,-59.33272740832851
78253,-15.291742191245136,-59.06568210046142
78254,-14.540184874367917,-59.54149243517876
78255,-15.338732835279885,-58.87364938557886
78260,-15.470424997479324,-58.347610008346834
78265,-15.12109594507744,-58.38588762505091
78270,-15.128619604842395,-58.13046713356553
78275,-15.239953927555142,-58.113116545140095
78278,-15.319695545078,-58.00521969789711
78280,-15.675629774567298,-58.08901526085319
78284,-15.771533959036402,-58.12140979662527
78285,-15.626649187496298,-58.181548684576484
78290,-15.447224480392585,-58.73818965275309
78293,-15.77003247377927,-58.31200926727889
78295,-15.49822178347054,-58.57802969836324
78300,-14.623136386130115,-57.490694666963954
78307,-13.721173638735763,-59.26008757801371
78310,-13.657242882196574,-59.784549949778096
78320,-11.418948530872214,-58.762399327571856
78325,-10.174992484275958,-59.45023062130475
78330,-9.901932527420556,-58.56441514187463
78335,-9.45554092854625,-59.22013846445304
78338,-10.846564864982078,-61.45962979483172
78340,-10.328780330028657,-58.494285138507976
78345,-11.13904139229583,-58.61026325890029
78350,-12.120650817032958,-58.00365706984616
78360,-13.659718166967933,-57.88912259575866
78361,-15.594053802773432,-56.11643428485359
78365,-13.54505214566176,-58.81812866262217
78370,-14.782140454004974,-57.28519981673881
78380,-14.72812060329419,-57.049809409213196
78390,-15.068878101639047,-57.18186817122422
78398,-15.329733818345165,-57.20163668267246
78400,-14.40493941138365,-56.437521076588965
78402,-14.376537462312836,-56.39170571210482
78410,-14.513417788548043,-56.4827304079323
78415,-14.365721251758902,-56.972973515592216
78420,-14.460066587956298,-56.842839048693364
78425,-14.494113472389898,-57.00099827610577
78430,-14.452701257339633,-56.80503595863324
78435,-13.451945171982215,-56.72192200385536
78445,-13.025627791830255,-57.09192672982226
78450,-13.81743532192186,-56.08317239436819
78453,-13.809830690094715,-55.27282543688258
78455,-13.07055690797275,-55.918909171390496
78460,-14.720341499999964,-56.33042838244035
78470,-14.831046725375385,-56.42822458600111
78480,-15.199589388505151,-56.36694095815544
78490,-15.236441086638711,-56.49170533787348
78500,-10.807521745709389,-55.457671130695545
78505,-10.598831274811818,-55.11794316468327
78508,-10.311944025528785,-55.40612085673237
78510,-11.007718083937531,-55.24439511247161
78515,-10.630172124803062,-55.7149709308936
78518,-10.477499999999964,-56.07805999999994
78520,-9.951702156728677,-54.908507559080384
78525,-10.175965377328891,-54.9326639332773
78528,-9.976517815490345,-55.17707471150499
78530,-10.239260864895371,-54.9958886633138
78535,-11.080959004838018,-54.52029196508874
78540,-11.503395862628585,-54.87522303069973
78543,-11.532293390877568,-54.36834373891618
78545,-11.972740549619312,-55.28006638691756
78548,-10.85167562992054,-55.18301210351397
78550,-11.85460773976204,-55.50363081642479
78551,-11.8268110023152,-55.48027379381627
78552,-11.835901169010288,-55.50803613497868
78553,-11.822189081553228,-55.51658559362402
78555,-11.847696327112017,-55.51936214330746
78556,-11.865640466987323,-55.516526920514345
78557,-11.877389627713956,-55.5016926584192
78558,-11.942075838921888,-55.51163624491589
78559,-11.894724881795991,-55.50580871648583
78560,-11.535775326024376,-57.40895402812748
78563,-11.305576607537429,-56.81860332717578
78565,-9.85823681473585,-57.80833279319348
78570,-11.39163626281033,-57.319237490461546
78573,-12.736337989973077,-56.51570677487405
78575,-11.255128530589372,-57.51366259641301
78578,-12.241318302620188,-56.149237592005335
78579,-12.234061731132568,-56.643690682927925
78580,-9.878972690166604,-56.08235812254893
78587,-9.96652384293981,-55.82319538280898
78590,-9.668694425775255,-56.474542644235086
78593,-9.982321594349818,-57.46882194291666
78595,-9.562518509383102,-57.39432474887978
78600,-15.88654591798552,-52.26665264865533
78610,-16.76475820562825,-52.83649362697564
78613,-16.489404294257042,-52.69291792304641
78615,-16.857970619748713,-53.03406110356588
78620,-15.70720229078673,-52.75740854242396
78625,-14.913478024197197,-53.01927829015219
78628,-14.801541146287661,-53.61037905265643
78630,-14.537608799991007,-52.79665830215811
78635,-14.053955339367668,-52.15990695274592
78638,-13.989457725919248,-51.79670870925487
78640,-13.554457026627489,-52.27097002411871
78643,-12.594597260423871,-52.20205206431288
78645,-10.014813509183835,-51.11502885924856
78650,-10.465926012651384,-50.51222786114839
78652,-10.651382999999996,-51.570334832607
78655,-10.879543665367963,-51.63397476802362
78658,-11.051334804202789,-51.83155395341007
78660,-11.22052499563532,-50.66585110610039
78663,-10.803684565492324,-52.73829868359459
78664,-10.156153936285806,-52.39332832359914
78665,-11.67521016873129,-51.37800603054782
78668,-12.090835499999972,-51.40000082093485
78670,-11.618698516129147,-50.6702475906998
78674,-12.292547123021528,-50.969667352047665
78675,-12.938648257811591,-51.82509924625323
78678,-12.175453398053358,-51.508162500431006
78680,-14.393759158607258,-51.00253001123052
78685,-15.724460941471161,-51.83556842670405
78690,-14.66436528580766,-52.35517684099554
78695,-16.19729424088149,-52.55778383667457
78698,-15.89659387932377,-52.256321913530925
78700,-16.467799283582686,-54.63121098695826
78705,-16.459985431300172,-54.64923116625308
78710,-16.455780419095163,-54.63956176103638
78711,-16.440095056159034,-54.66283262360666
78714,-16.441595188037397,-54.63250190159036
78715,-16.436276957816354,-54.638929245463345
78716,-16.44091451457095,-54.6440679962149
78717,-16.441750760723735,-54.634554435752555
78718,-16.454146499999993,-54.62769825
78719,-16.43237012989782,-54.626050377604
78720,-16.44137190501484,-54.624485263113854
78721,-16.43227312642104,-54.62274582111093
78725,-16.44563922054047,-54.615369459691806
78730,-16.460426682209018,-54.608717341797
78731,-16.455672848127755,-54.59168409256159
78734,-16.478125252818348,-54.61882846303847
78735,-16.474830322926874,-54.594664613892405
78736,-16.470374647238728,-54.57044400874257
78739,-16.465359710782746,-54.63856287301302
78740,-16.477123117952598,-54.61674182708181
78744,-16.485865742714523,-54.643157355675456
78745,-16.480592758859288,-54.64511477185643
78746,-16.48720613106002,-54.63474799558525
78747,-16.439950886590307,-54.6746621519744
78750,-16.458528797156227,-54.67058587122735
78752,-16.14474999999996,-54.66108499999996
78760,-16.345087511063944,-53.76255103738038
78770,-16.94649236396377,-53.53014144221321
78773,-16.514101321752285,-54.27714725414908
78775,-16.079480683863068,-53.55402909204888
78780,-17.315975308145457,-53.2200900617006
78785,-17.8308328779219,-53.28270534407534
78790,-17.206222865568588,-54.14623559736019
78795,-16.621317379193684,-54.474397482703814
78800,-15.827765215863815,-54.39610875644156
78810,-16.05367271542334,-54.88805469512813
78816,-16.162099101704502,-54.79512577540118
78820,-15.96221402385939,-54.96900382865118
78830,-15.808832443050862,-54.92139691980222
78835,-16.002523336847563,-54.9189955352813
78840,-15.549402936948384,-55.16711626153689
78850,-15.556403414932635,-54.29881678898777
78855,-14.661181084633675,-54.77569973025384
78860,-14.926536040425486,-54.973245656086526
78870,-14.429003374193966,-54.0516094700758
78875,-13.181713230677744,-53.25578755637032
78880,-12.285723247702393,-55.29686827714313
78885,-12.383392294652605,-54.938114414892596
78888,-13.035167189786986,-55.25155496324786
78890,-12.546521302658102,-55.72511418448163
78896,-15.624375451744411,-52.207832868000025
79002,-20.46084786369688,-54.61188792991519
79003,-20.469486959552825,-54.5970504970858
79004,-20.474464964384968,-54.60965132610086
79005,-20.472559743536912,-54.62518192209548
79006,-20.48266835746448,-54.63875691508444
79008,-20.459563361897384,-54.624082146199996
79009,-20.452606260892157,-54.628635475015045
79010,-20.443636215101833,-54.60852616763806
79011,-20.43166242215358,-54.60736325769607
79012,-20.422146300031713,-54.60273363814776
79013,-20.4185709998701,-54.5896440470454
79014,-20.40623662724343,-54.594798792016746
79015,-20.400639014574683,-54.58525835053983
79016,-20.40784351956261,-54.57503696404876
79017,-20.391102651052954,-54.56877089969328
79018,-20.385783711911422,-54.551472259611955
79020,-20.45741496364473,-54.59757311792394
79021,-20.451111905894862,-54.588708863414695
79022,-20.44205850051855,-54.5915757761289
79023,-20.43096296973291,-54.584294508747135
79031,-20.44900987046115,-54.56955572483033
79032,-20.43698404190951,-54.571644868630756
79033,-20.4225878005144,-54.57222202302506
79034,-20.420561597293464,-54.562073590835865
79035,-20.419728794549822,-54.556318141554584
79036,-20.43298555897629,-54.56122106889078
79037,-20.43669473036013,-54.537047323526735
79040,-20.462654501028624,-54.580450396524014
79041,-20.474705778971995,-54.58058598176248
79042,-20.484270891993827,-54.57099401347443
79043,-20.471206620866784,-54.56261544934791
79044,-20.471741753365503,-54.54848820537831
79045,-20.460799131049644,-54.5365975477407
79046,-20.48257271022573,-54.55192723853092
79048,-20.49346980183505,-54.60776132610087
79050,-20.4857752958481,-54.60573881389584
79051,-20.487601437079924,-54.593158157020035
79052,-20.50175513367686,-54.58548336511052
79060,-20.513167000142285,-54.59379892033591
79062,-20.513780820185573,-54.568610919021616
79063,-20.5255378709389,-54.59071049936672
79064,-20.550147003606686,-54.58506543900402
79065,-20.55416956287144,-54.57507344477462
79070,-20.51760241736481,-54.61575246168283
79071,-20.530211715496726,-54.60741068541167
79072,-20.54484140383172,-54.60661786614865
79073,-20.550189773996898,-54.62090237681326
79074,-20.532277251327194,-54.63953326423788
79075,-20.553028964337194,-54.650207994753856
79076,-20.53728748066495,-54.65969471867959
79077,-20.550433054677125,-54.66232587572855
79080,-20.488387068988278,-54.6224490908277
79081,-20.499199428530225,-54.631182510675806
79082,-20.510303322782654,-54.641863319738555
79083,-20.526013386622022,-54.64395978244234
79084,-20.518885069103852,-54.648864932006994
79085,-20.521693341652767,-54.65726588259566
79086,-20.49960675327476,-54.64796897100233
79090,-20.47595921842005,-54.649373400369264
79091,-20.48262732347296,-54.66619391341101
79092,-20.49777277796729,-54.65643962868207
79093,-20.498036753471045,-54.68115131356393
79094,-20.5172293164843,-54.66340372229266
79095,-20.526105912364226,-54.665687380470885
79096,-20.519197400316685,-54.68537216094079
79097,-20.537265372236217,-54.67003790181203
79100,-20.457344031652056,-54.64621869054756
79101,-20.462586058862776,-54.65303413254894
79102,-20.453488470439734,-54.664366458090484
79103,-20.446730245628714,-54.67479778740833
79104,-20.462807707954365,-54.68991649999997
79105,-20.466743696739726,-54.702553846782905
79106,-20.446459096789003,-54.690520269634725
79107,-20.432532946437732,-54.67222397573968
79108,-20.47842521361219,-54.74309670129452
79110,-20.452487738285186,-54.63757501245044
79112,-20.44247183207348,-54.65485647475324
79113,-20.4414247533665,-54.666891473913125
79114,-20.417513626421037,-54.6624070233713
79115,-20.42958042542727,-54.653584488631694
79116,-20.4180531460513,-54.64138136688071
79117,-20.41902671948491,-54.629271
79118,-20.43122171066797,-54.623417676957544
79125,-20.980792538850324,-54.50364919235629
79130,-21.80063106067972,-54.54281860978261
79134,-21.6540803657286,-54.4308726064171
79140,-21.45787083729985,-54.3762118119673
79150,-21.623566652178457,-55.16321379406524
79152,-21.726511906928483,-55.49931101095336
79170,-20.93486947500235,-54.96298105792654
79180,-20.450460775314767,-53.75994949560546
79190,-20.440124071349878,-54.86560406094054
79200,-20.468768825022067,-55.78497880718807
79208,-20.126883258376388,-55.3891012991125
79210,-20.487885465575864,-55.80516852946949
79215,-20.689297127632308,-55.27838775443635
79220,-21.158504634260083,-55.829111095486496
79230,-21.459065229544624,-56.10871795880121
79240,-21.480380122971113,-56.14875419908586
79260,-22.106913615897128,-56.530489556650565
79270,-22.015560778650162,-57.028118691201556
79280,-21.69893964288364,-57.88384494181034
79290,-21.12717351623222,-56.48628570088109
79300,-19.000504111547684,-57.65231058368053
79301,-19.003579708907026,-57.65003273682001
79302,-19.001442589595648,-57.64776507813293
79303,-19.00230076636018,-57.64336368551973
79304,-19.003159643285308,-57.63635209640445
79310,-19.01381417159478,-57.632941293152726
79311,-19.021748933354573,-57.64284516045102
79320,-19.019425986138536,-57.65457878312597
79321,-19.03667569483513,-57.65176929825651
79330,-19.00090086862776,-57.654949776564926
79331,-19.002347509068613,-57.65971017304773
79332,-19.01160065606471,-57.6563954070572
79333,-19.00491381963773,-57.66823389901684
79370,-19.00773274260913,-57.6038174506333
79380,-20.240143216497653,-56.380958561629626
79390,-20.55081031525624,-56.67547900606177
79400,-18.506232175460756,-54.74747526950908
79410,-18.099458632583534,-54.55252890583316
79415,-17.584414770298434,-54.75447329071779
79420,-19.53252663971081,-54.04188667725087
79424,-19.014033253287685,-53.90088877459383
79428,-18.67890465265409,-53.63860066824073
79430,-19.91935757127704,-54.36576987441828
79440,-20.101134286565724,-54.43519823736848
79450,-19.956398821651423,-54.88969504996387
79460,-19.82945025,-54.83078873234825
79470,-19.44807532781713,-54.99086624808225
79480,-18.91656935929109,-54.8450022100873
79490,-19.392402350341314,-54.578623319225585
79500,-19.677285642421285,-51.187344946272894
79530,-18.32589059825699,-53.71043638453371
79540,-19.11545756517606,-51.735138252454576
79550,-18.542542774383232,-53.1309413572676
79556,-19.022029891883495,-53.01210985723819
79560,-18.793731367048064,-52.622100840860426
79570,-20.08426868502787,-51.10260066372595
79580,-19.732111987462332,-51.92827408695857
79590,-20.360952601186973,-51.4232080553445
79600,-20.780574680884907,-51.70905394681934
79601,-20.78713786951075,-51.70621898138608
79602,-20.78776742874313,-51.70159107396491
79603,-20.79468082049482,-51.69742443714085
79604,-20.78558121635287,-51.6920921966431
79610,-20.79089101253986,-51.678184624828376
79611,-20.80432211354525,-51.6798135
79612,-20.7917990738896,-51.66374399283132
79620,-20.798451323481697,-51.70372991801934
79621,-20.805864878734074,-51.715329141194445
79622,-20.810149517293667,-51.68362584842995
79630,-20.79772927417544,-51.72836693978738
79640,-20.78222641508443,-51.7216134740945
79641,-20.769882354392355,-51.70422338150409
79645,-20.773318791154782,-51.693952240124005
79648,-20.44128437611791,-51.41671453055946
79654,-20.78833288880478,-52.06038271529206
79670,-21.25627217046732,-52.03722375747813
79680,-20.441771740247383,-52.87790914530842
79690,-21.303217719745582,-52.82598911823397
79700,-22.37931624823652,-54.512425676548325
79710,-22.40692233790099,-54.43870641287784
79712,-22.493329751103225,-54.46305520752318
79720,-22.480214475177174,-54.307879349930076
79730,-22.41868114498138,-54.23224062396069
79740,-22.306388320169255,-53.822223238858484
79742,-22.385330182396338,-53.59466428729488
79745,-22.65523171243624,-53.85788925079596
79750,-22.248896550800296,-53.346529308254524
79758,-21.757988776500703,-53.26856664727548
79760,-22.2966031181503,-53.269729938554185
79765,-22.486070857995777,-53.35209150228543
79770,-22.183528632090322,-52.717954022357574
79780,-21.715165040665905,-52.42316227821754
79785,-22.159522698603176,-53.77280585171219
79790,-22.272374086130764,-54.16835945385207
79792,-22.264701751063523,-54.22534331988147
79800,-22.22661200900069,-54.81212483862944
79801,-22.228458971383503,-54.80777460614868
79802,-22.231599640892657,-54.81033432544396
79803,-22.226689610734823,-54.81966100071826
79804,-22.226159130082785,-54.812700285400126
79805,-22.224859826210484,-54.80690380183621
79806,-22.225496262018336,-54.804465677866055
79810,-22.234262032166704,-54.80250616811157
79811,-22.238836523139742,-54.80358725029642
79812,-22.24675160790749,-54.81029201532803
79813,-22.25496219122065,-54.8127753437826
79814,-22.241900499688832,-54.82215611013269
79815,-22.241391725736825,-54.74929124574227
79820,-22.22987838264866,-54.826615436529686
79821,-22.21467186660031,-54.853950083004506
79822,-22.22871010399636,-54.83806373089456
79823,-22.216285032284613,-54.83475917213403
79824,-22.219076062263213,-54.81920697291642
79825,-22.220128688951828,-54.81392013330416
79826,-22.211520684007237,-54.80753230041283
79827,-22.213913304863368,-54.81125684979176
79830,-22.22127789129153,-54.7918280920704
79831,-22.21515657504101,-54.78507240988292
79833,-22.21803163968181,-54.76730892494933
79837,-22.26143472176388,-54.7703979398071
79839,-22.25247080446073,-54.787544271999934
79840,-22.237701215263076,-54.7862100285808
79841,-22.229001301130115,-54.76413300252271
79842,-22.238468914103727,-54.75266256553504
79843,-22.24574349930511,-54.73671299597034
79862,-22.13196983102069,-54.615227011818845
79864,-22.086201486731355,-55.35035128760521
79878,-22.134252745586316,-54.61852778088129
79880,-22.040982716565367,-54.60594717326292
79890,-22.07976164329762,-54.78978784597351
79894,-21.981649507710284,-54.6766397800554
79896,-22.03351742001585,-54.7444936723457
79900,-22.50262271061461,-55.735891832980016
79901,-22.49973035782981,-55.73269808618123
79902,-22.51236456590567,-55.72313601967622
79903,-22.51324646984338,-55.70627165682659
79904,-22.534024800526495,-55.725727747530996
79905,-22.55302553911371,-55.70977372890397
79906,-22.56392420875106,-55.690207540453365
79907,-22.577228048746605,-55.67917527842659
79909,-22.620252432503314,-55.62833176241239
79910,-22.189396335804155,-55.95040083164008
79920,-22.555525049441457,-55.15128164786178
79925,-23.890546970773354,-55.429066459240744
79930,-22.95304495165001,-55.62768514100288
79932,-23.025169999999942,-55.58860999999996
79935,-23.97561141173352,-55.04054363207626
79940,-22.631997270485687,-54.82324818490181
79944,-22.498654407657632,-54.758225623587904
79950,-23.061054375095345,-54.200132582793415
79955,-22.85804837678807,-54.60451564148723
79960,-23.68028830585323,-54.56275825413181
79965,-23.478948708935025,-54.18145311269147
79970,-23.78362405571986,-54.28554144907461
79975,-23.63522870904823,-55.01753180209116
79980,-23.939174659366536,-54.288138577998055
79985,-23.891783234579563,-54.407404470996504
79990,-23.10273512911501,-55.22956964163475
79995,-23.270678766807823,-55.53011731224787
80002,-25.439563467107185,-49.26196284595192
80006,-25.43398273327946,-49.25992700083673
80010,-25.433778879244187,-49.26983822958893
80011,-25.431450820156908,-49.26958203704776
80020,-25.43021984263371,-49.27112024621904
80030,-25.41761084263372,-49.25982439661836
80035,-25.406809973079792,-49.252261180131555
80040,-25.418234032716864,-49.24827248889149
80045,-25.426059370246406,-49.25460367874656
80050,-25.434964467107186,-49.242802270183
80060,-25.4303283455479,-49.261267749379634
80061,-25.433617337497832,-49.26025220621504
80101,-25.436594661665453,-49.266187356079485
80210,-25.43990022814357,-49.2462196629093
80215,-25.4478977783432,-49.25427158868981
80220,-25.45673191393862,-49.264445823619354
80230,-25.441516037740243,-49.26703903358531
80231,-25.439563467107185,-49.26196284595192
80240,-25.4493420133302,-49.288181133504494
80249,-25.449381724104207,-49.293209063563936
80250,-25.442939713572613,-49.27663153566278
80310,-25.45781550929083,-49.309207968492174
80320,-25.460046014384595,-49.29482697661437
80330,-25.470015066333886,-49.3056982872641
80370,-25.435891498470788,-49.3013223502511
80410,-25.428394791563264,-49.279379945467085
80420,-25.437243910956433,-49.281272814112185
80430,-25.42994371412088,-49.28580315999202
80440,-25.443335776299826,-49.29659365139366
80510,-25.422294750216345,-49.27871521357261
80520,-25.411359761036383,-49.277317421316866
80530,-25.41435468692937,-49.26845193518099
80540,-25.406798247736937,-49.260972132667774
80610,-25.46929184102663,-49.28936984917429
80611,-25.563293797027168,-49.313129428106585
80620,-25.459071007247765,-49.286086690198545
80627,-25.563189041184824,-49.31288867937343
80630,-25.46977595337296,-49.2744638829997
80710,-25.426110802511804,-49.29772478559066
80730,-25.4335612739339,-49.29737010214088
80740,-25.441735086953223,-49.311134222815554
80810,-25.416716373124252,-49.290116966833054
80820,-25.40848669220503,-49.29530678840723
81010,-25.479294266717815,-49.28003068013153
81020,-25.491433055225386,-49.286456400389
81030,-25.48597267359485,-49.273060080356586
81050,-25.490001510259013,-49.30177853009011
81070,-25.479157744277394,-49.30123606803939
81110,-25.50028449287073,-49.29012168665242
81130,-25.505852479271105,-49.30023553899532
81150,-25.51801525173122,-49.30143354482371
81170,-25.51419370399333,-49.32480759552931
81200,-25.43691051067581,-49.33321284717839
81210,-25.443410323330905,-49.32942299999999
81220,-25.46001052345776,-49.32471900769265
81230,-25.461089809345957,-49.33992866225668
81240,-25.47534923216861,-49.33580491485376
81250,-25.48045162876795,-49.34502041909517
81260,-25.48482900360667,-49.35267191467243
81265,-25.474661999999995,-49.36140297792691
81270,-25.454938165546256,-49.35035325776161
81280,-25.43894017369158,-49.35455735429047
81290,-25.44045190980432,-49.366304840983
81295,-25.431636703993327,-49.38115550805007
81305,-25.50648089272963,-49.32525933980422
81310,-25.49780828804063,-49.31839223348557
81312,-25.505123353209928,-49.31249651511921
81315,-25.50602443411453,-49.32295206786309
81320,-25.476261143572373,-49.31920502469851
81330,-25.485719898695827,-49.32841053250522
81350,-25.50039868575736,-49.33545165889549
81420,-25.438035961134567,-49.276961376219006
81450,-25.49555306411219,-49.34807914585374
81452,-25.50427521235872,-49.35378744071543
81460,-25.54207715514458,-49.33820011562999
81470,-25.567747973628055,-49.33625095399333
81480,-25.560835088392334,-49.32728247899913
81490,-25.589571437038927,-49.332339482376014
81495,-25.593551031667907,-49.33656113582667
81510,-25.46919998473655,-49.243274544098526
81520,-25.462920875130468,-49.239786871631374
81530,-25.460201987486798,-49.2308831805574
81540,-25.466546193385962,-49.221651193375294
81550,-25.480871709663294,-49.20962880107045
81560,-25.488021854947085,-49.218186361013366
81570,-25.48165023353333,-49.2305591441768
81580,-25.49639516139132,-49.219787540524536
81590,-25.48480148528482,-49.20212492461589
81610,-25.478370230913526,-49.24598570299844
81630,-25.482585637094225,-49.254742043150245
81650,-25.493531621559278,-49.23601867647244
81670,-25.49708472041295,-49.24943647266722
81690,-25.589280612457575,-49.3150984696385
81710,-25.498545165798276,-49.26360099649509
81720,-25.510806718145922,-49.25557074681167
81730,-25.508273530461327,-49.227027158679135
81750,-25.517042391835602,-49.241341952319885
81770,-25.528526586040734,-49.24107094515132
81810,-25.507023511382634,-49.27655776879155
81820,-25.518555453690063,-49.277454108243404
81825,-25.525200896177147,-49.27336169000509
81830,-25.5173900237727,-49.265360994864096
81850,-25.532757041909512,-49.247073658004574
81860,-25.53667891993188,-49.24040348195226
81870,-25.52739677240468,-49.28872351105811
81880,-25.53814385095793,-49.29272273167811
81900,-25.540250282743646,-49.27774800721337
81910,-25.531944815843413,-49.26588392747562
81920,-25.541435385750624,-49.25478596365984
81925,-25.548403118613216,-49.266074300161605
81930,-25.558288459893816,-49.28023353136359
81935,-25.554630110461417,-49.25331373994457
81940,-25.56793755486956,-49.291774231984085
81945,-25.5997088755122,-49.31224966457964
82010,-25.42517941326677,-49.325122095879806
82015,-25.416689144324536,-49.33759422453689
82020,-25.40212490203128,-49.32508668611461
82025,-25.414174556912922,-49.313836110465104
82030,-25.396958519980974,-49.324254459982015
82100,-25.396999810008587,-49.29616485651217
82110,-25.389773835757573,-49.28866482814357
82115,-25.382065345409465,-49.292233119755934
82120,-25.39308443989852,-49.279092244791975
82130,-25.379519711062457,-49.27644379670356
82200,-25.397596477927227,-49.26674424424373
82210,-25.38806855760868,-49.26341368670977
82220,-25.366234762277134,-49.26850403504239
82250,-25.4433609955566,-49.27948462003007
82300,-25.421953232586965,-49.3474970470938
82305,-25.43067957999488,-49.35096705231955
82310,-25.423923939768624,-49.35832962010218
82315,-25.412645871487165,-49.356387724234246
82320,-25.404808855812814,-49.34621617908658
82400,-25.394165749206394,-49.34226952118236
82410,-25.38267022315191,-49.330900120462736
82500,-25.391583500935138,-49.26079744885495
82510,-25.39991397196895,-49.240479897003226
82515,-25.39420707015413,-49.230161403975686
82520,-25.415524864836385,-49.23065764230485
82530,-25.428398327486263,-49.2349104955566
82540,-25.393769988317665,-49.25141129134694
82560,-25.38531472583083,-49.24698375193482
82580,-25.3863342717122,-49.23610973299099
82590,-25.38905602605743,-49.193960455910094
82600,-25.39287982278264,-49.218027821527556
82620,-25.38374355008949,-49.22214319954993
82630,-25.38101406688215,-49.21327604025039
82640,-25.37691965244959,-49.23456675155658
82650,-25.375773202490784,-49.24535069552781
82700,-25.37530348278899,-49.25820654557461
82710,-25.358931773701546,-49.25679422078597
82720,-25.363547175727703,-49.229302065922965
82800,-25.434459117223987,-49.22660864513806
82810,-25.43713426105805,-49.211675788432736
82820,-25.416729084915552,-49.20527063232153
82821,-25.42292801352412,-49.21508366429119
82840,-25.401853016100162,-49.2051086685469
82860,-25.384826775338404,-49.19786343331987
82900,-25.445980681516524,-49.22453840320635
82920,-25.44897981404007,-49.20600846820474
82930,-25.45798427699232,-49.20650243115594
82940,-25.456823224181633,-49.21758088474276
82950,-25.45225822909289,-49.216896875520675
82960,-25.46631483582439,-49.20850331446409
82970,-25.472627670594342,-49.201830055571634
82980,-25.47055348514058,-49.19417983749781
82990,-25.46331632653356,-49.197133432618514
83000,-25.53746611766413,-49.20187273743439
83005,-25.53850873775408,-49.199211815350495
83010,-25.543616071325555,-49.18256358811821
83015,-25.55922308797397,-49.17084729873101
83020,-25.55874002069342,-49.19551998257684
83021,-25.605881615814354,-49.25221325883797
83025,-25.559113337223696,-49.20788348528481
83030,-25.538124111575947,-49.21418196627047
83035,-25.524069105401324,-49.205103242498176
83040,-25.52000436223029,-49.192403542876136
83045,-25.511593558884066,-49.18631851030164
83050,-25.499377069652105,-49.1768075263366
83055,-25.4798156337674,-49.17039507438397
83060,-25.49113503798356,-49.14108186645545
83065,-25.51166622380492,-49.16173799407731
83070,-25.517403556466142,-49.12582699056494
83075,-25.533339867939226,-49.09002591825843
83085,-25.54396702400601,-49.154004351232054
83090,-25.608199253678787,-49.16758404717532
83091,-25.64774351148683,-49.1753719726532
83095,-25.69865518476562,-49.147259171819385
83115,-25.70067113354757,-49.14698171189292
83116,-25.662771489327056,-49.09909248635859
83190,-25.92326793761781,-49.178891280413126
83203,-25.516900822785303,-48.510443735396635
83206,-25.526515082133404,-48.523249713706065
83209,-25.544045549028695,-48.533369943356476
83212,-25.55740413742497,-48.55678619726199
83215,-25.56617687141416,-48.56557353848776
83218,-25.576743178514647,-48.57705947099306
83220,-25.528513967960983,-48.51849383081414
83221,-25.520832202987854,-48.53458523646673
83250,-25.5534229350904,-48.62752422974045
83252,42.18400274298598,-8.723762147513938
83255,-25.645223999999946,-48.44359033118287
83260,-25.818383673660698,-48.53965731833911
83280,-25.88189704986116,-48.58099739928745
83301,-25.448420999999943,-49.07277899999998
83302,-25.451604067454056,-49.10357454635631
83303,-25.437800296016043,-49.094945789010005
83304,-25.434047784161944,-49.05953557695496
83305,-25.44852577143452,-49.0526285405915
83306,-25.456526056871915,-49.06592759740477
83307,-25.463425331932903,-49.063212044549005
83308,-25.484392511612363,-49.12243282812258
83309,-25.521347673788668,-49.091307987768985
83310,-25.452296684625185,-49.1415021497644
83311,-25.46343926056218,-49.1378378165532
83312,-25.464642619041182,-49.15015888135961
83314,-25.451362030442805,-49.153186132231724
83320,-25.433196003606685,-49.1770583225085
83321,-25.4466444007516,-49.17688251832186
83322,-25.45815697989751,-49.18571979770876
83323,-25.43775330199361,-49.19498945884075
83324,-25.425232732442744,-49.18931295920135
83325,-25.413046512349243,-49.17901428726409
83326,-25.400980340007987,-49.185223460949
83327,-25.40129799030513,-49.16098338536562
83328,-25.418015940489774,-49.149965747778296
83330,-25.43163958342038,-49.15832684471119
83331,-25.441211387197626,-49.16063388530784
83350,-25.478564539491988,-48.83133923840881
83360,-25.354419800752265,-48.8792488743464
83370,-25.43394142704004,-48.71411163799314
83390,-25.29830408765774,-48.32405235282253
83401,-25.318962874334865,-49.232068106904606
83402,-25.34596960871168,-49.22255984665216
83403,-25.34802398618472,-49.20988566518079
83404,-25.363071342739147,-49.20472477794817
83405,-25.36224902170549,-49.19413785169919
83406,-25.352447774800105,-49.18987349721506
83407,-25.34412230384615,-49.182275318085814
83408,-25.366866849942102,-49.18400779173741
83409,-25.37484129400529,-49.182483836945316
83410,-25.356043717503177,-49.16224534191339
83411,-25.327035609941472,-49.14814890452838
83412,-25.37031799726664,-49.141832248797385
83413,-25.38376210048954,-49.16750819242297
83414,-25.290824070276948,-49.22452459235871
83415,-25.28071135516381,-49.216562158400016
83420,-25.37064577521113,-49.07592537603855
83425,-25.39280747683691,-49.03263861169045
83430,-25.357914677681944,-49.10118077751419
83450,-25.2118243700817,-49.1121162298366
83480,-24.975368952781402,-49.086347908179135
83490,-24.658627939480752,-48.99261749467413
83501,-25.31267341020836,-49.292626258814686
83502,-25.320346386346568,-49.27875530016162
83503,-25.33155587039065,-49.27556999694157
83504,-25.33358448542905,-49.267208548502495
83505,-25.34462877480336,-49.24778677629981
83506,-25.342849000966623,-49.273952348462096
83507,-25.345536621703506,-49.29581448029316
83508,-25.375454999999995,-49.30781826683543
83511,-25.34907132236428,-49.30198608860868
83512,-25.317035580904843,-49.30934156979633
83513,-25.29213119789081,-49.30158198695826
83514,-25.259750958364613,-49.30157494670784
83535,-25.373720488563343,-49.37945080570276
83540,-25.18651087615948,-49.31550547707947
83560,-25.220188210080682,-49.34709106057655
83570,-24.825951567638487,-49.2625755250401
83590,-24.566072686228345,-49.41996147522892
83600,-25.46054078166854,-49.53037085384862
83601,-25.460669401557983,-49.52774303931798
83602,-25.47164652514315,-49.54067933881614
83603,-25.496191596501006,-49.54227050139343
83604,-25.463105339083807,-49.563286683138806
83605,-25.450402201221433,-49.56040541360136
83606,-25.44642525029652,-49.5294716259371
83607,-25.451560546343725,-49.512105720488144
83608,-25.445723897713847,-49.45433445100223
83609,-25.46187467002695,-49.39252929109122
83648,-25.330219244708697,-49.49161180767325
83650,-25.577468002117826,-49.62871688299001
83660,-25.581093162340828,-48.354020791139256
83700,-25.5949515,-49.41524474999999
83701,-25.59853376714044,-49.38928730261951
83702,-25.591250149187264,-49.40164796878736
83703,-25.580703352851,-49.40417630678293
83704,-25.573048672454004,-49.40696927039448
83705,-25.567200393928,-49.39490417681819
83706,-25.54606196181706,-49.387678435205515
83707,-25.548271014242697,-49.35936528673991
83708,-25.5877845143086,-49.382765431102946
83709,-25.6143465,-49.37119949441728
83730,-25.680124410474992,-49.53595511364074
83750,-25.766121391674723,-49.7202092188725
83760,-25.50943247821568,-49.298553
83800,-25.77494629330313,-49.325877197713616
83810,-22.673175857589307,-49.343943594543646
83820,-25.64568891301799,-49.30310465492914
83823,-25.658788630435712,-49.301017114416936
83824,-25.675471185860506,-49.3051393564434
83825,-25.700698334955213,-49.30571533014643
83829,-25.656264880393607,-49.3254078159172
83830,-25.671852,-49.32745099267186
83833,-25.64393522552642,-49.32253223211926
83840,-25.871670721190902,-49.4991442713846
83850,-25.989887509015553,-49.33512191299081
83860,-26.100042976928822,-49.42763408456355
83870,-25.983469589597014,-49.68174685912331
83880,-26.093600041863127,-49.791677331109696
83900,-25.867995172130463,-50.385360507291374
83980,-25.98529205291981,-50.19883627154622
84010,-25.09401432889011,-50.160957435552675
84015,-25.075439120023944,-50.159039740077844
84016,-25.067766635856096,-50.14286513100532
84020,-25.080935055095487,-50.13349895863085
84021,-25.07476737456279,-50.13334440870849
84022,-25.064091422763717,-50.11216638504373
84025,-25.09097028925924,-50.13696826873953
84026,-25.100822660397977,-50.14528967042463
84030,-25.08717687034119,-50.11382039221611
84031,-25.09863024424373,-50.11776098410209
84032,-25.106010099407715,-50.10814214317662
84033,-25.120001147657092,-50.1088734806894
84035,-25.109382356715052,-50.152652778139384
84036,-25.12712960219942,-50.14540378282069
84037,-25.136263604931557,-50.14170590971685
84040,-25.10943530436279,-50.161612012767606
84043,-25.168951444918847,-50.14334445279974
84045,-25.125680337523978,-50.157456090892296
84046,-25.142245412574283,-50.1682554380234
84050,-25.110638129966866,-50.169856908549235
84051,-25.098574566926594,-50.17708762336261
84052,-25.098022690629595,-50.19413302553522
84053,-25.08599722890416,-50.18302921540901
84060,-25.112608251749485,-50.20705324728492
84061,-25.09630786668572,-50.20448217193724
84062,-25.083708427419445,-50.20453855078198
84063,-25.067337275607333,-50.20885374577294
84064,-25.051181536917856,-50.23182440161766
84065,-25.04880862254023,-50.26939040689014
84070,-25.078805194365447,-50.17594759893824
84071,-25.065282006665104,-50.17792821080265
84072,-25.051440394396657,-50.17261769248079
84073,-25.05793935858965,-50.165065236193634
84130,-25.423094510651666,-50.001558329574934
84140,-25.548030846371574,-49.895693141418334
84145,-24.95104706594046,-50.11792832739764
84150,-25.684201075177008,-50.29814051126344
84165,-24.79076042236977,-50.00854191257773
84168,-24.777870769873484,-50.00842421083882
84172,-24.793390880693167,-49.99413582841703
84173,-24.793481312647337,-49.99174644618548
84174,-24.80492021775928,-49.9911639806343
84178,-24.80658890418798,-50.001060313987914
84190,-24.771485959275367,-49.70829122034072
84196,-23.7028527233944,-46.401558774842776
84200,-24.256334952133855,-49.716684389935196
84220,-24.114376499826413,-49.46282000569879
84240,-24.533728096140507,-49.93901605352255
84250,-24.448641407788863,-50.756775388901744
84261,-24.3279564837759,-50.618907911778926
84262,-24.32280755443475,-50.62252684673265
84263,-24.3252823759501,-50.61360481210749
84264,-24.338882159687508,-50.6145214256416
84265,-24.335608533584654,-50.625750268016546
84266,-24.332627904148872,-50.63542735010478
84267,-24.32719682727494,-50.6408796975656
84268,-24.322969100767807,-50.63290070028654
84269,-24.33303575065159,-50.655942805291446
84270,-24.31845955251807,-50.64787716930329
84271,-24.31756440639886,-50.658050651901604
84272,-24.31579071712134,-50.63017309496178
84275,-24.25225507155181,-51.67606617575963
84280,-24.038314294041577,-50.45593320153324
84285,-23.8497548298987,-50.40311655104754
84290,-23.910713999999995,-50.582574907703446
84300,-24.514779575351493,-50.41236861389068
84315,-24.623004499999986,-50.64059112499999
84320,-24.6519448068956,-50.849877652747146
84345,-24.244987750159822,-50.24526839235591
84350,-24.20969870609428,-50.92791837261868
84400,-25.211267957541942,-50.979083676573666
84430,-25.229957016699487,-50.60312215134704
84435,-25.191441,-50.809088707931
84450,-25.026069033325367,-50.58246856983652
84460,-25.00807725187404,-50.85537013441188
84465,-25.029845816815577,-50.80340415548995
84470,-24.56845149508484,-51.339137976676525
84500,-25.47030153085868,-50.6506542194439
84530,-25.37451421641795,-50.46162608763973
84535,-25.41466742060176,-50.549713318262235
84550,-25.624155331088197,-50.69300774191103
84560,-25.726712999297387,-50.78990306468253
84570,-25.88421842543694,-50.827446933773984
84600,-26.22947697030672,-51.08919410496143
84601,-26.257607975886422,-51.09980014966582
84602,-26.243842242759563,-51.12172232887957
84603,-26.230065656191062,-51.06197356233635
84604,-26.22911184444648,-51.03328461138939
84605,-26.20317643536689,-51.08642238003571
84607,-26.225249357127908,-51.06043748698822
84608,-26.20241089981077,-51.05518149373981
84615,-26.164044599931156,-51.224692610722684
84620,-26.017394846169402,-51.34972656816398
84630,-26.20845268691997,-50.936547440151976
84635,-26.042776191159486,-50.83203763332909
84640,-26.15861906066285,-51.55376953132108
84660,-26.422180821379136,-51.31472670713028
84900,-23.8469062773746,-50.18964076289453
84914,-23.70714707697101,-50.22457281407284
84920,-23.81240937522637,-50.141028479421664
84925,-23.789713766993874,-50.058388291393186
84930,-23.741869096131847,-50.07329715482693
84935,-23.77778680241168,-49.955011662182486
84940,-23.68776128056705,-49.82910744319588
84945,-23.606231782916876,-49.62874898334898
84950,-23.8775985,-49.802749209673856
84970,-23.754709586101946,-49.62796392822738
84980,-23.917829015702868,-49.65165829437156
84990,-24.14545809290218,-49.82230576205552
85010,-25.392330638141324,-51.4671252165765
85012,-25.40233584070048,-51.46068687249543
85015,-25.40362409963074,-51.46976813226794
85020,-25.408739902850765,-51.48762331486449
85022,-25.41518704579033,-51.47368558477131
85023,-25.41924695734816,-51.48139381018059
85025,-25.39611052510254,-51.49048433971952
85027,-25.40284040345784,-51.49828436501781
85030,-25.38921275160132,-51.50540841038238
85031,-25.403412330572927,-51.51964004697374
85035,-25.38453639259332,-51.47792653975993
85040,-25.3767455209476,-51.48886255438868
85045,-25.36897048514059,-51.481526429601786
85050,-25.356064336675438,-51.47358569588491
85053,-25.351953299271237,-51.49063116343681
85055,-25.37128847806511,-51.46923875134901
85060,-25.3694326688684,-51.46046838175893
85063,-25.359987678313868,-51.456390873160586
85064,-25.3545905903399,-51.433890492209706
85065,-25.382019557721215,-51.45530900979564
85067,-25.37792716665711,-51.44426574916328
85070,-25.39255994813737,-51.45024444558267
85138,-25.53495725335863,-51.50634312648354
85139,-25.583515022448136,-51.09859512870409
85140,-25.571079259854805,-52.048875562881534
85145,-25.73655341788416,-52.118031093302974
85148,-25.10832611373112,-51.80797505607903
85150,-25.044398305017342,-51.53828461816885
85155,-25.5756019887757,-51.07765053924112
85160,-25.377036926181265,-52.12272863197491
85162,-25.198623212361817,-51.99405892921273
85168,-25.113970939304792,-52.25535523272909
85170,-25.696000944310256,-51.65961930101729
85174,-25.691744707885743,-51.66317663470837
85195,-25.821541961353525,-52.030794212672305
85200,-24.75896913944369,-51.763468962476615
85225,-24.880486318384463,-51.54408124769012
85230,-24.939372446375337,-51.8717140804895
85240,-24.704700272657888,-52.14889159203102
85250,-24.439401656989617,-51.94845263220456
85260,-24.51980161329974,-51.66898385040216
85270,-24.885294277352234,-52.21093709474273
85275,-24.89006801342847,-52.47338531278709
85280,-24.80004256455994,-52.71550754024809
85301,-25.40731198592476,-52.411587133727316
85302,-25.408983414194093,-52.41806731364494
85303,-25.39388019479215,-52.40324007539145
85304,-25.41181840990558,-52.405815742027066
85340,-25.492140617055494,-52.52703646756953
85345,-25.548690217355496,-52.40863128838755
85350,-25.308761589833864,-52.53740277063798
85390,-25.381561091109617,-52.20548709540694
85400,-25.099406057821685,-52.86887888222241
85408,-25.044255483168506,-52.6808763714682
85410,-24.5275832852515,-53.258900471285614
85415,-24.620402449402107,-53.32124580322714
85420,-24.79748259451397,-53.29933294596695
85422,-24.63890787732064,-53.21154257358018
85423,-24.712629683745533,-53.08776910773133
85425,-24.644877754414473,-53.13421499030035
85430,-24.81838612704581,-53.11853406284183
85440,-24.542552757769915,-52.98893852763931
85450,-25.03324944988801,-52.99124821040643
85460,-25.45392415305573,-52.90965480935814
85465,-25.424646934024423,-52.83850508558672
85470,-25.207399703695703,-53.15270735708191
85478,-25.11766125578769,-53.016522408227736
85485,-25.42263282102492,-53.184912491740455
85500,-26.253352251292466,-52.67281541486762
85501,-26.22580808081601,-52.674226842242085
85502,-26.23186904413592,-52.68492914170159
85503,-26.2092012691326,-52.68609755209527
85504,-26.21863944795276,-52.66694111188944
85505,-26.23130013451076,-52.66485772848249
85506,-26.24404333534348,-52.67447734176714
85507,-26.25567982370826,-52.67782912680016
85508,-26.26596381800927,-52.68329393366812
85509,-26.241903320996183,-52.701681265490514
85514,-26.09265661503097,-52.64537621741132
85515,-26.073898953260382,-52.83483257742574
85520,-26.265109103266493,-52.779201190620284
85525,-26.355186449904767,-52.55424788406981
85530,-26.407354534858314,-52.35518138668692
85540,-25.941166826552763,-52.1750289572432
85548,-26.145793773242787,-52.385735202763605
85550,-25.98209858280038,-52.565943889424354
85555,-26.48511752522071,-51.99011790988678
85557,-26.2246534415055,-52.03029601507497
85560,-25.855039997791,-52.52810451031096
85565,-25.69957560054652,-52.72086043265472
85568,-25.69578996866945,-52.61876796448511
85570,-25.82644954985043,-52.72740540279608
85571,-22.726561488473585,-43.449195474265736
85575,-25.70777268127929,-52.91841870686645
85579,-25.608283898808665,-53.005908491441794
85580,-25.96247597389693,-52.81566958549916
85585,-25.879169951906647,-52.907901569330825
85598,-25.61403606862062,-53.12920721762557
85601,-26.079745651148887,-53.05370736304795
85602,-26.068761418756672,-53.068336647934046
85603,-26.047651219699567,-53.054291648942154
85604,-26.06635963474334,-53.05216150833154
85605,-26.072931653269592,-53.04214041893327
85606,-26.035223432760006,-53.053439112475985
85610,-26.15756817710574,-52.97089842353846
85615,-26.149502121951716,-53.029534561412305
85618,-26.258398339268904,-53.307060829829716
85620,-26.17391308899373,-53.36175838769878
85628,-26.14388352442686,-53.30937474560909
85630,-25.945677823459594,-53.16194976025179
85635,-25.90175218109339,-53.26079917322426
85640,-25.91926249551429,-53.47350476229
85650,-25.818277118358292,-53.48201829447274
85660,-25.748382017065463,-53.05909495770327
85670,-25.783682748027367,-53.308710402094405
85680,-25.63508410200525,-53.21463185184897
85685,-25.636727682759226,-53.344785331243095
85700,-26.25323689734021,-53.634501
85708,-26.193760686947783,-53.59804638235171
85710,-26.071611809245447,-53.7259714602808
85727,-26.03031041048116,-53.48554130731305
85730,-26.018469087619884,-53.73942510721381
85740,-25.826963190223214,-53.74156345609367
85745,-25.88008979686283,-53.66672853576205
85750,-25.71915453253306,-53.76676137469623
85760,-25.669803912028623,-53.80723948304333
85770,-25.771780786739306,-53.53301270253499
85780,-25.436080558528303,-53.40739795831209
85790,-25.488741950528542,-53.607492462805276
85794,-24.188910853239225,-52.68736571698068
85795,-25.407410692412437,-53.56845671420429
85801,-24.9581290065352,-53.461862999899225
85802,-24.965460105048876,-53.467657278767
85803,-24.981471921735217,-53.46030562993369
85804,-24.986287256188955,-53.49424601610016
85805,-24.963179019418387,-53.48368743326208
85806,-24.959261252293818,-53.50639621510182
85807,-24.9461937608548,-53.48799337649314
85808,-24.951207073979944,-53.515127573359564
85810,-24.95220567247579,-53.46646322243076
85811,-24.943347507775947,-53.470336527574304
85812,-24.95027635916657,-53.44852016564232
85813,-24.937641619193347,-53.450305680910475
85814,-24.920266967091976,-53.42525122632591
85815,-24.93419346681872,-53.42550743672453
85816,-24.95257062708839,-53.42525018913391
85817,-24.940627500432687,-53.41024327367409
85818,-24.96867905661036,-53.410157458941526
85819,-24.977342566203987,-53.445471747980314
85820,-24.91021793532405,-53.4408259059092
85822,-24.82693999999998,-53.646109999999965
85824,-23.195195878494275,-47.28888539756496
85825,-25.05379214966129,-53.61934399999996
85826,-25.260406330556417,-53.57525385622262
85830,-24.29601073646984,-53.313639374821705
85833,-24.429099906632054,-53.3559042403122
85835,-24.38231624843599,-53.38629885308596
85840,-25.14793464343881,-53.85024917240442
85845,-25.06113427797272,-53.87787342733173
85851,-25.54191275085702,-54.585401584609116
85852,-25.538428246620228,-54.57597131944655
85853,-25.55383889419798,-54.56992597159524
85854,-25.5695432677028,-54.568166874590474
85855,-25.578128182823864,-54.57295350468919
85856,-25.54050658540279,-54.55330801876316
85857,-25.5321815179748,-54.557286723236416
85858,-25.52959877769424,-54.54152841306036
85859,-25.51410235322669,-54.5359586911306
85860,-25.499897926858466,-54.56993922436014
85861,-25.50094370108935,-54.55814850918777
85862,-25.486452404024234,-54.51687250230704
85863,-25.52643013748792,-54.57248756078653
85864,-25.521340158590284,-54.58615398380725
85865,-25.511624644869606,-54.58611186108152
85866,-25.501273352950943,-54.57884793285002
85867,-25.47648176245112,-54.58519619381453
85868,-25.489297485577985,-54.5769071818593
85869,-25.49100307421184,-54.55859065433622
85870,-25.452960846624443,-54.57250048832518
85875,-25.440893383871263,-54.40078556444748
85877,-25.346333608076883,-54.240875214764
85878,-25.368938982586084,-54.158713248406784
85880,-25.142939654339568,-54.29899300138354
85883,-23.16312249096764,-53.30779728967368
85884,-25.296366392966913,-54.09571717707084
85885,-25.41151006430522,-54.04056505241371
85887,-25.241091912594833,-53.97846175835177
85888,-25.119338960894165,-54.02840153264639
85890,-25.091246611860683,-54.245318018001406
85892,-24.86023365732334,-54.33545250008981
85896,-24.943217074143682,-54.103262509488516
85898,-24.83620723831876,-54.059278914363205
85900,-24.728834559652107,-53.73952215240398
85901,-24.73647145303754,-53.7396210227535
85902,-24.73259805674383,-53.7519247629706
85903,-24.719836484194673,-53.75919514810005
85904,-24.71177822577816,-53.746740029578895
85905,-24.71391118525345,-53.73457633467363
85906,-24.721286369469176,-53.722027660059126
85907,-24.74428777492247,-53.70906990740404
85908,-24.735885901931837,-53.70600272573152
85909,-24.740483259702117,-53.72283983848257
85910,-24.749566880387135,-53.72276643395681
85911,-24.761223003301946,-53.734217731432
85912,-24.765401405667248,-53.7356563217552
85913,-24.752752345973715,-53.743166477065536
85914,-24.74618524522161,-53.74426464768716
85915,-24.76269634330191,-53.74310716601102
85920,-24.678575287070093,-53.915973964668304
85925,-24.62605999999994,-53.75866999999994
85926,-24.576509999999928,-53.80033934522629
85927,-24.56233602959428,-53.90230320542211
85929,-24.931836965045303,-53.85909795019674
85930,-24.46688504921312,-53.95453143145832
85933,-24.774198001767857,-53.9047506592704
85935,-24.40537244235813,-53.513550683265564
85936,-24.41829108904158,-53.65571595002756
85937,-24.60767710126728,-53.61644568480025
85940,-24.571737619037478,-53.97748432311569
85945,-24.5860941437454,-53.51239168000351
85948,-24.626037294730494,-54.225560365341394
85950,-24.28382107029367,-53.83736115153222
85952,-24.19128916837611,-53.91280226571417
85955,-24.41834081786266,-53.83047833129837
85957,-24.47957153041861,-53.79608646469049
85960,-24.557593707724664,-54.05625021025181
85976,-24.488822632390608,-54.30449431529456
85980,-24.085551215965108,-54.25095463528506
85985,-24.251427225193655,-54.26580452472821
85988,-24.70190875307913,-54.2435539144552
85990,-24.16556139746018,-54.09813209989855
85995,-24.368934350446597,-54.01547244998455
85998,-24.450933967834345,-54.16563131851747
86010,-23.317785,-51.157601568238455
86015,-23.327729084966116,-51.16143461308029
86020,-23.312730703719197,-51.167732603035404
86025,-23.297832335276127,-51.16500242397124
86026,-23.303877496249083,-51.1532553055573
86027,-23.300971491257428,-51.14326384872189
86030,-23.29492831919092,-51.1333479220164
86031,-23.28478113962133,-51.12266141133353
86032,-23.290407109447898,-51.09660497444202
86035,-23.31009053318128,-51.13526332944775
86036,-23.317939212716396,-51.12432782963134
86037,-23.32089048262075,-51.11282308408891
86038,-23.327179607536586,-51.122454800161606
86039,-23.32116052510254,-51.14229042105706
86040,-23.33895857827911,-51.13716395382448
86041,-23.35523648229381,-51.140132526703866
86042,-23.363292425760253,-51.14527730169082
86043,-23.369110376074786,-51.13368501681463
86044,-23.387757943087813,-51.132358032877576
86045,-23.365791390937616,-51.157128434285084
86046,-23.347345247897678,-51.14819221284061
86047,-23.34835004995272,-51.168017976999124
86049,-23.370329167523533,-51.15292581977461
86050,-23.332389267644963,-51.17614007545184
86055,-23.33092810062541,-51.19143611485004
86056,-23.327617077933787,-51.22440199506264
86057,-23.322420790505493,-51.21044426722522
86058,-23.350960363359363,-51.208663451299515
86060,-23.308984906745906,-51.17493375000001
86061,-23.312247296150893,-51.17952352651616
86062,-23.304558503051467,-51.18634487787813
86063,-23.31165375229382,-51.19643116687345
86065,-23.303445245340246,-51.20314567464942
86066,-23.312434938597423,-51.211871230773404
86067,-23.292606159449733,-51.22343259993553
86070,-23.296335984771538,-51.18337286014199
86071,-23.292431957268096,-51.19748681616368
86072,-23.28626854982969,-51.20382054662704
86073,-23.281249138496158,-51.18802207867873
86075,-23.285974692557822,-51.16730819797655
86076,-23.286006,-51.17700928069005
86077,-23.27764939967678,-51.1671935487045
86078,-23.27718416515656,-51.15522418551929
86079,-23.28662436979194,-51.15581539032724
86080,-23.276888717179293,-51.17984270370486
86081,-23.266111867372015,-51.18200677106379
86082,-23.257429009160923,-51.171213039723874
86083,-23.26555551788917,-51.17049399391713
86084,-23.25927107576896,-51.15655491016128
86085,-23.25288579990181,-51.14614427712626
86086,-23.257643829843914,-51.138921527145584
86087,-23.27254255287357,-51.14281066452186
86088,-23.26210258673322,-51.14576005438866
86089,-23.25130161183701,-51.20975385471277
86112,-23.52858409402684,-51.08333863424432
86125,-23.72550622875052,-51.09497300353909
86130,-22.9954917263333,-51.19397923348078
86140,-22.85236377019201,-51.025667858453915
86150,-22.7784737822959,-51.23027968695193
86160,-22.75357549787364,-51.38008721433067
86165,-22.86692628677177,-51.39074954388773
86170,-23.05940028066881,-51.03787531551679
86181,-23.2783758727512,-51.28239146918465
86182,-23.27331924785041,-51.28119894699632
86183,-23.273905473772285,-51.25442571003805
86184,-23.265739163468794,-51.279372041361256
86185,-23.290122053984632,-51.24313990362971
86186,-23.296932593564346,-51.23957804066382
86187,-23.306601572306505,-51.21721093352188
86188,-23.30752698029315,-51.22578553817294
86189,-23.300373643705463,-51.25217241424981
86191,-23.283970433548053,-51.26632863142704
86192,-23.286497356913422,-51.27509502199082
86200,-23.26920398596825,-51.05202228657039
86210,-23.257241761959794,-50.969929068335404
86220,-23.37593504169808,-50.8454902817178
86225,-23.518734575422474,-50.78264314347953
86230,-23.33103016686766,-50.71783667257293
86240,-23.46404507306668,-50.76003801650501
86250,-23.58761079094764,-50.76370214588096
86270,-23.720649022637254,-50.740242605838304
86280,-23.20101559511508,-50.793820712629234
86285,-23.23004916272281,-50.85864999894255
86290,-23.07100301859326,-50.91427078248451
86300,-23.180983635445262,-50.64909501768142
86305,-23.20065816207204,-50.72307968433729
86310,-23.43416228883849,-50.56263091167996
86315,-23.492710724133723,-50.644648597752905
86320,-23.55111660094325,-50.55161276736519
86330,-23.079655253340206,-50.750213783912216
86340,-23.037229617800367,-50.817591458901006
86350,-23.14725967561905,-50.518863901478994
86358,-22.952378749824156,-50.586278850748265
86360,-23.112752567698298,-50.37220143548997
86370,-23.267790397510304,-50.42845391364631
86375,-23.01812666074948,-50.40721749808864
86380,-23.050128396873443,-50.229125245024335
86385,-23.11527383783278,-50.179975234386575
86390,-23.042511930790898,-50.07360221064384
86400,-23.15927343693445,-49.976903659120424
86410,-23.19704014231081,-49.75772477937254
86420,-23.42777660128632,-49.71912695537629
86430,-23.29519277998136,-50.0768832856316
86450,-23.568711563362225,-49.91440944485856
86455,-23.499843299469525,-49.92186199310011
86460,-23.304230173648406,-50.310942776505996
86465,-23.516750137794794,-50.04256774687541
86470,-23.436706662610007,-50.24824830246471
86480,-23.62450171483622,-50.169808536430686
86490,-23.407447424763784,-50.35684932539077
86600,-23.31232424669316,-51.3645044253397
86601,-23.30119069461049,-51.36496050515149
86602,-23.30470559813095,-51.39143778032046
86604,-23.31810479041477,-51.39085312255022
86605,-23.32043291878621,-51.366481343926324
86606,-23.3356209900357,-51.3933766049942
86609,-23.19487800812189,-51.44076418862933
86610,-23.113696500000003,-51.53317514299619
86613,-23.233718899326078,-51.58270544737438
86615,-22.96598822201425,-51.48475114620992
86618,-23.040349100565905,-51.44233200819051
86620,-22.9693386556876,-51.647906851111486
86625,-22.93107992311205,-51.71435484802929
86630,-22.82299612951492,-51.596737174839504
86635,-22.755214197178173,-51.65811348139744
86640,-22.78874346530636,-51.716085417221336
86650,-22.697441101641687,-51.79102857305339
86660,-22.639113175296814,-51.90394596212846
86670,-22.618104292854966,-51.9690718198531
86680,-22.913883239269765,-51.79654688473876
86690,-22.83819411046241,-51.971811596426065
86695,-22.89715803107636,-51.88879959505639
86700,-23.409449633548192,-51.4360342491371
86701,-23.40748916721596,-51.43776079293115
86702,-23.39024472026485,-51.44794255178546
86703,-23.393141924874477,-51.41868435077902
86704,-23.38333493929228,-51.41537756214749
86705,-23.407735616020247,-51.42398582659838
86706,-23.421459816219063,-51.42347633889463
86707,-23.42474812938231,-51.432735733794914
86708,-23.41561348697397,-51.4423355694844
86709,-23.412031059174144,-51.45601058047507
86710,-23.42076353099003,-51.42796596328928
86711,-23.407946331291907,-51.45219638508648
86716,-23.39370548478192,-51.424410974802846
86720,-23.32016179098793,-51.55281803871035
86730,-23.2361705381131,-51.66647674705982
86742,-23.17447730082972,-51.678166769855466
86744,-23.17058089313266,-51.635534570190536
86750,-23.196386679637268,-51.82652397425044
86755,-23.19639901460268,-51.91537037803447
86760,-23.149077109104294,-51.773525828506905
86770,-23.03864597369808,-51.8089619805728
86780,-23.08601144952013,-51.95406951121911
86790,-23.010899013749953,-51.951505423639425
86800,-23.553993611286685,-51.463398668122444
86801,-23.5581806409834,-51.48766178103624
86802,-23.56598828982965,-51.4641495497965
86803,-23.527764352293538,-51.45789107880371
86804,-23.54171940150166,-51.45165171283255
86805,-23.539508500389857,-51.44245455889605
86806,-23.525816407455725,-51.43289973750486
86807,-23.54627912316788,-51.43922842460287
86808,-23.554495638318663,-51.45009903828807
86809,-23.563936918954067,-51.45433301308584
86810,-23.569584927682893,-51.45362907754416
86811,-23.561715302170747,-51.44273297967027
86812,-23.553619103774558,-51.4291684871781
86813,-23.570792214583058,-51.429435487369965
86818,-23.559507687358188,-51.536152765036256
86819,-23.61343598619756,-51.408940129860156
86820,-23.664487718254676,-51.356924224561155
86825,-23.74594052637879,-51.304898538610864
86828,-23.899579816579568,-51.226692961077205
86830,-23.76253174804903,-51.41333215692445
86840,-24.00055634065935,-51.32186919713989
86845,-24.147196831838023,-51.50533241509961
86848,-24.32207681581497,-51.31307645670263
86850,-24.254590876765423,-51.25088369359874
86855,-23.993605845193404,-51.44231240069743
86860,-24.179967629195087,-51.692753271851664
86865,-24.105067881992262,-51.65195664265767
86870,-24.242670209153136,-51.672314768720135
86880,-24.38409397732326,-51.585697622511496
86884,-24.311727000000005,-51.79081275
86890,-23.60185684241147,-51.58308705905185
86895,-23.76486961426332,-51.5066443733214
86900,-23.601087577717323,-51.64366204983979
86910,-23.70746608347307,-51.63971379151696
86920,-23.82332849931793,-51.66834816699753
86925,-23.940353518662764,-51.58620847244963
86930,-23.992080064262062,-51.81878346690627
86931,-23.95750124255124,-51.91579375954426
86932,-24.09037503784736,-54.25582528430819
86935,-24.07828583843148,-51.74298199928429
86938,-24.1949175518958,-51.9246951844474
86940,-23.70997189785215,-51.76744294122007
86945,-23.865516713438943,-51.8571631668244
86950,-23.91552498246599,-51.97844703213899
86960,-24.027702205984042,-52.01058897809125
86970,-24.100526105294037,-52.11641159519597
86975,-23.522013036526733,-51.6774389493534
86990,-23.484159016777568,-51.79700619040828
86995,-23.584743000000003,-51.90274349999999
87005,-23.44200950418177,-51.927738153267285
87010,-23.438358501797744,-51.93539856891029
87013,-23.42286327627144,-51.93746988348913
87014,-23.426958144453693,-51.94893959768052
87015,-23.428203593320013,-51.95907151638488
87020,-23.414170097772686,-51.94283685229238
87023,-23.392587485654527,-51.9350471242196
87024,-23.371064999999994,-51.94575697724292
87025,-23.38233922852509,-51.92907277817959
87030,-23.41411528795121,-51.92764074296912
87031,-23.421979830654045,-51.934053778463486
87033,-23.400625522993582,-51.91928243667566
87035,-23.388299746958378,-51.909365110515886
87040,-23.41381626586972,-51.90660409079477
87043,-23.40141203180665,-51.89573950855891
87045,-23.42465483225165,-51.89708395028025
87047,-23.41593833503532,-51.88744482632261
87050,-23.428368805599472,-51.91804867774496
87053,-23.457779732393128,-51.919609771917685
87055,-23.45114968778675,-51.90406616071227
87060,-23.44938002137887,-51.95616388233891
87062,-23.4631125,-51.95160674999998
87063,-23.468198465714533,-51.92501586662367
87065,-23.449352208596515,-51.97757846055315
87070,-23.41333276578008,-51.97903280159741
87075,-23.395187447171526,-51.9729262169397
87080,-23.40795010252565,-51.95814543446603
87083,-23.388558065410336,-51.95459873939542
87103,-23.373535018091914,-52.06322403418697
87105,-23.41230898632022,-51.93040254699943
87110,-23.44161629807231,-51.87375715951959
87111,-23.448591285250814,-51.86922875629531
87112,-23.457150689259414,-51.87611509434786
87113,-23.433348752967156,-51.87394796705904
87114,-23.431926197915175,-51.86404850691068
87117,-23.470819980848265,-51.87608980315604
87118,-23.429678559667902,-51.87116696288406
87120,-23.613754451404706,-52.08382388761152
87130,-23.62050511788385,-52.219729391286364
87140,-23.457626050705745,-52.04012012371233
87145,-23.50180568783496,-52.15092591967641
87155,-23.554688679120503,-52.21759055446175
87160,-23.34516215512004,-52.09786725876194
87165,-23.343247176994566,-52.09326980253107
87170,-23.405903946708648,-52.195187333523236
87175,-23.66048874978535,-51.9884908834154
87180,-23.278532233373618,-52.15391512550411
87185,-23.31863252055004,-52.30284949449816
87190,-23.434599665648847,-52.29261718147262
87200,-23.656289077603816,-52.60977281399602
87201,-23.644596551325897,-52.61746478413822
87202,-23.64722690084536,-52.630313923646185
87203,-23.656024194511822,-52.627854942524806
87204,-23.65769692472726,-52.631909488886116
87205,-23.67209671180017,-52.63282637843532
87206,-23.67920828609052,-52.63331763754685
87207,-23.67383667097042,-52.61825658015276
87208,-23.67256069249134,-52.6106727050184
87209,-23.664743929567454,-52.59573289223414
87210,-23.65912534268784,-52.59033683570724
87214,-23.605308754964646,-52.518621402158615
87215,-23.397175511510063,-52.64450991587879
87220,-23.534594052068655,-52.58881518014108
87225,-23.473684165564865,-52.55535174805048
87230,-23.622108492451943,-52.46926042914912
87235,-23.479429995816567,-52.69718357885549
87240,-23.769083813441256,-52.44857096399923
87250,-23.915808892389894,-52.34580644967831
87260,-23.930948933809955,-52.49870330613664
87265,-23.850488512501787,-52.13206838053973
87270,-23.79871241932937,-52.26022085804753
87275,-25.461736093254093,-49.28672191326677
87280,-24.420347315994043,-52.10234564834761
87290,-24.285677240949788,-52.27593230268512
87300,-24.041392273209784,-52.370970391130186
87301,-24.048295718191497,-52.37907631804396
87302,-24.04221932448821,-52.38670160045982
87303,-24.033344268662205,-52.37637276930148
87305,-24.048361314269524,-52.39963459065639
87306,-24.05351985505181,-52.41487982180895
87307,-24.0469444354564,-52.36576097795509
87308,-24.026590923431726,-52.3709811614237
87309,-24.024027447522197,-52.36066320954769
87310,-24.01599294791385,-52.353728782170506
87320,-24.595065805614908,-52.27725358180283
87325,-24.09497335778452,-52.62357352180008
87330,-24.671884993015734,-52.57078107800011
87340,-24.314602955476573,-52.53066401512305
87345,-24.594476419891233,-52.805999510369475
87355,-24.418660628300504,-52.84221214788619
87357,-24.474612953774336,-52.87775898122082
87360,-24.18606050029388,-53.02488480588684
87365,-24.280415315938505,-53.07472322654436
87370,-24.05135647318927,-53.01056778832047
87375,-24.11038259348804,-52.88769154877284
87380,-24.143180093242997,-52.7804336817966
87390,-24.243276326537593,-52.78728912207019
87395,-24.309179332908005,-52.95627811807546
87400,-23.78392136967995,-53.07167761326011
87408,-23.531909363369728,-53.08404426440178
87430,-23.734353027805632,-52.86634090933025
87450,-23.867738737037506,-52.87554196073319
87470,-24.007263899294276,-53.14885562726704
87480,-23.61756093144897,-53.206251928578986
87485,-23.381819728014115,-53.29175466651167
87490,-23.472158334353956,-53.088725660775
87501,-23.763174531671915,-53.310727216472486
87502,-23.75857680434521,-53.29766179659882
87503,-23.769376589935867,-53.32129587847419
87504,-23.75082195379131,-53.30699660789716
87505,-23.77048096264945,-53.295083476538636
87506,-23.782480227621242,-53.320137831525216
87507,-23.783733346096167,-53.30387867473585
87508,-23.779437929847354,-53.3313217538808
87509,-23.745280475935715,-53.32093910297761
87510,-23.768462760069767,-53.334625622338216
87518,-23.619535425600905,-53.38212068195976
87520,-23.76955770437192,-53.19810145851718
87521,-23.527513757198776,-53.46596729079074
87525,-23.40724778016733,-53.37037347528013
87528,-23.506339895244302,-53.72846808072984
87530,-23.39335735552406,-53.620711102188366
87535,-23.73609208268162,-53.48868172579918
87538,-23.894432651519075,-53.40722637472791
87540,-23.802817710679186,-53.68238506675402
87545,-23.724605899530896,-53.81110025140906
87550,-23.871405221029413,-53.89318091321037
87555,-23.763423083008632,-53.8783857316635
87560,-24.002130911628004,-53.709014623171726
87565,-23.903862048535473,-53.51450570053807
87567,-24.24797456616393,-51.676012661460206
87569,-24.01213445624456,-53.5355741240701
87570,-24.07136465867472,-53.84727271396788
87575,-8.474008102898447,-35.74210988587654
87580,-24.02810781792759,-53.44287827109597
87595,-24.197166747543353,-53.52644437225015
87600,-23.184705358013098,-52.20236241272623
87630,-23.151693490973884,-52.05390624849087
87640,-23.086050882040983,-52.157622925163885
87650,-22.962914149371606,-52.162903354251085
87660,-22.93050303128096,-52.15465359072074
87666,-22.93170864043013,-52.15463002001629
87670,-22.75048928729375,-52.19838661631103
87680,-22.65725628260365,-52.08327445972216
87690,-22.55284171147607,-52.038031393845955
87701,-23.08436032484458,-52.46404495066101
87702,-23.07857751572045,-52.46696041055839
87703,-23.068968481394556,-52.465971944069736
87704,-23.078828300680602,-52.4580549158406
87705,-23.08085556857123,-52.45417559718676
87706,-23.079451763540806,-52.43912987825656
87707,-23.08666358819162,-52.44557935049612
87708,-23.09267031484412,-52.456818315208494
87709,-23.08241785207748,-52.47130418425963
87710,-23.097124245910788,-52.47972439699264
87711,-23.09589178396601,-52.466512583394
87720,-23.068984682321016,-52.41784234492755
87722,-23.08450421862738,-52.60608207098351
87730,-22.73874012894818,-52.345173063825456
87740,-22.85525340948818,-52.337499400645655
87750,-23.13109567447804,-52.31974206630135
87760,-23.198410827337604,-52.49948517866925
87770,-23.31738677717508,-52.477748516119405
87780,-23.282808036888078,-52.603977996874434
87790,-23.177393961890367,-52.605347113825744
87800,-23.41729864172096,-52.772617032302776
87810,-23.34074927706025,-52.77692947350147
87820,-23.382814959512874,-52.940813754072124
87830,-23.320432794923565,-53.07219656264166
87840,-23.253925519325577,-52.77424992330448
87850,-23.094143384199768,-52.787591634583066
87860,-23.02170749791,-52.920916196425
87880,-22.939864818454254,-52.68741015172071
87890,-22.72635998184415,-52.62038903107257
87895,-22.69113762150345,-52.73494399850675
87900,-22.93051158617264,-53.136361264785
87910,-23.00485589157982,-53.19454687373917
87913,-23.132248473047188,-53.277412074957645
87915,-23.119514605838177,-53.10818122884264
87920,-22.958497145395445,-53.295343883110235
87930,-23.0848504408592,-53.48498950741056
87950,-22.77281244997345,-53.26763587651752
87955,-22.82455653188985,-53.22030306436797
87957,-23.130766639614933,-53.27503689942243
87960,-22.737699775958,-53.033007269829085
87970,-22.763398785217102,-52.98784117454758
87980,-22.729733999780876,-52.885477603827056
87990,-22.66016782923469,-52.86300676099722
88000,-27.46827814963834,-48.46685164154477
88010,-27.595324834375724,-48.5531900460788
88015,-27.59003278318973,-48.55054035345376
88020,-27.594550853144888,-48.5442262002188
88021,-27.6117807105142,-48.5439167605234
88025,-27.57712955813957,-48.53673757372703
88030,-27.563654430203655,-48.51446192568053
88032,-27.553172194038662,-48.49809145420967
88034,-27.584188313895844,-48.50003339468511
88035,-27.590758648349578,-48.50842984068614
88036,-27.589278907582624,-48.52289154039463
88037,-27.600287820012685,-48.50591180529751
88040,-27.604326819033773,-48.52489391599454
88045,-27.60853659797162,-48.53480119747246
88047,-27.66224348528482,-48.53192902171219
88048,-27.654528121432385,-48.48081687108313
88049,-27.687188146834696,-48.56107693810952
88050,-27.518035541909512,-48.51580437080899
88051,-27.48813446142303,-48.527717302279655
88052,-27.471769878988987,-48.45727746043694
88053,-27.44289465195626,-48.496222769374924
88054,-27.43074850145807,-48.46492349999998
88056,-27.420845510416008,-48.42560984471118
88058,-27.444213025953584,-48.40117682768295
88060,-27.486369471002327,-48.41546385441247
88061,-27.577138400773297,-48.43222927116395
88062,-27.604875813491816,-48.46981391494021
88063,-27.683990554402996,-48.49016108838016
88064,-27.70674492148788,-48.54124477269314
88065,-27.680708913122544,-48.50699775131285
88066,-27.713252472387303,-48.50526652914189
88067,-27.780860305396416,-48.52435722835991
88070,-27.59180166333889,-48.58368502294299
88075,-27.583709059957247,-48.58055730128678
88080,-27.605664890097486,-48.58120415918396
88085,-27.607503039125227,-48.59312660866177
88090,-27.592678477927223,-48.59494971189917
88095,-27.58195113765944,-48.59677564847947
88101,-27.596111428018425,-48.610455727958694
88102,-27.596581870842094,-48.61563841744932
88103,-27.606385403770453,-48.62862710977301
88104,-27.62148919442324,-48.637974738945296
88106,-27.601431116033606,-48.64220256346654
88107,-27.578516641206754,-48.6685860635495
88108,-27.591831840859133,-48.62279244460103
88110,-27.574962157208187,-48.618225492434654
88111,-27.56642968855072,-48.624547878855154
88113,-27.557082267496824,-48.62963060483818
88115,-27.54373269554919,-48.635335099893595
88117,-27.57838471393692,-48.607296523335876
88119,-27.580059971662784,-48.64754625993561
88122,-27.59848938306131,-48.684053830470106
88123,-27.58452281664564,-48.71697549219838
88125,-27.56895101680464,-48.78759819022949
88130,-27.635852549954784,-48.65496866914204
88131,-27.655458905833576,-48.66858652519876
88132,-27.64311504872569,-48.68054933753507
88133,-27.626787971711362,-48.66465644920366
88134,-27.679556969821498,-48.65342341799847
88135,-27.678028441544996,-48.68243950142368
88136,-27.640713456490303,-48.7116993566289
88137,-27.626905421044473,-48.67438863282804
88138,-27.74964917348826,-48.634237255903145
88139,-27.887930829115522,-48.59023409618278
88140,-27.68645710305396,-48.77529843476644
88150,-27.69542471763648,-48.824898256913805
88160,-27.504469307474206,-48.64383110181795
88161,-27.51394564432313,-48.65425125894429
88162,-27.52651318539575,-48.64291880689113
88164,-27.494122269828807,-48.66215433504792
88165,-27.471589611679363,-48.66311672948622
88168,-27.467457856835868,-48.639127851371775
88180,-27.517128610455327,-48.76769219116157
88190,-27.334803132237703,-48.54882282496558
88200,-27.239680290646298,-48.637492165521856
88210,-27.15563702829881,-48.57389559873464
88215,-27.15207761346121,-48.505384124140214
88220,-27.116439329806852,-48.60780590504157
88230,-27.266959704110214,-48.765986615745746
88240,-27.276260836982736,-48.850571628792366
88260,-27.41442762650083,-48.95189387427398
88270,-27.286227812835257,-48.931255491023535
88295,-27.199517337006725,-49.07583130133915
88301,-26.911293824874424,-48.65586376398079
88302,-26.916780973901645,-48.65882786277098
88303,-26.91255477798172,-48.674422971551245
88304,-26.902710347072976,-48.67873509497431
88305,-26.89376862087891,-48.67565789514288
88306,-26.93943542636326,-48.64104924040381
88307,-26.92528057802081,-48.67670794954246
88308,-26.92499524678527,-48.69513094561346
88309,-26.90418652477497,-48.69236051987043
88310,-26.892163294503206,-48.698696305405036
88311,-26.881247444016346,-48.7020686331246
88312,-26.91221548914846,-48.70520268235154
88313,-26.971307970209995,-48.68323247198162
88316,-26.94373634447246,-48.71984124572965
88317,-26.89123835817452,-48.736016324215164
88318,-26.96257562433096,-48.75958909015002
88320,-26.902983189760743,-48.82508235368808
88330,-26.992891946381214,-48.6341316455796
88331,-26.9701072677186,-48.63607965762097
88332,-27.013600194010007,-48.60577396943136
88333,-28.081186373860085,-49.08096888267531
88334,-27.049157328899486,-48.59472022940982
88336,-27.024310138618908,-48.61304625866921
88337,-27.00662107146978,-48.634300244486354
88338,-26.977188674727195,-48.64359305004133
88339,-26.99428355218896,-48.64849402761269
88340,-27.024092828642537,-48.65014201544432
88341,-27.03336198054413,-48.651254921493205
88343,-27.037543149475347,-48.63989654070586
88345,-27.031411966847713,-48.66140345205394
88347,-27.034452,-48.66295274999999
88348,-27.001867914675422,-48.65649054750297
88349,-26.98366744886929,-48.68195989671969
88350,-27.098303887180645,-48.91703554256308
88351,-27.08572007826817,-48.915225947568295
88352,-27.0802953347388,-48.893049691384654
88353,-27.123951821906935,-48.91266839617876
88354,-27.108832310337963,-48.92802784169937
88355,-27.07274768060452,-48.90654560731973
88356,-27.0690713877588,-48.867741676236406
88357,-27.154015694510655,-48.900329334494415
88358,-27.15797714723383,-48.93176567276828
88359,-27.143863729700307,-48.95995049999999
88360,-27.08573224324064,-48.976804621467736
88370,-26.890706548832252,-48.65136153015745
88371,-26.871921847826194,-48.68414806651487
88372,-26.83751570797685,-48.63443820842002
88373,-26.84735674377221,-48.658564650275665
88374,-26.796715654230418,-48.755833222647915
88375,-26.880396034621768,-48.6520579309275
88380,-26.765559766575542,-48.67944725376772
88385,-26.79071419840324,-48.63378488330969
88390,-26.64316060183339,-48.68786092554536
88395,-26.604306283304375,-48.78665426879177
88400,-27.41646293067314,-49.600912418870514
88405,-26.44999999999993,-50.83332999999993
88407,-27.58966827946609,-49.54953716620344
88410,-27.420973204164167,-49.78344578639111
88420,-27.409470858984125,-49.82925728772372
88430,-27.531153262426578,-49.69761589168614
88440,-27.490665534492283,-49.4215748684387
88443,-27.39077657518821,-49.36163480433705
88445,-27.50666492563758,-49.28715177988768
88450,-27.70038715184692,-49.33455382403194
88460,-27.5855751725652,-48.98431990665409
88470,-27.672857289001023,-49.01255880594737
88475,-27.903387818207825,-49.12831521990524
88485,-27.89612499191092,-48.93047703312428
88490,-27.967982288743094,-48.680847136996434
88495,-28.02984026150901,-48.6232941268394
88501,-27.81777800017045,-50.33059873285502
88502,-27.814399784898164,-50.323939916036736
88503,-27.82638353170368,-50.328594571325546
88504,-27.821606285460756,-50.343999047810016
88505,-27.80865955536962,-50.34604696354118
88506,-27.806876387039065,-50.33234635001274
88508,-27.80555362484626,-50.31449881585658
88509,-27.817725177334733,-50.311517570623295
88511,-27.831652627531888,-50.31498267346643
88512,-27.837490227451084,-50.34066564800334
88513,-27.84747748496056,-50.355471953866285
88514,-27.824842754789643,-50.36201009631179
88516,-27.803590329176522,-50.368566901448084
88517,-27.762056178972756,-50.33548754711226
88519,-27.784586205522537,-50.31212637572854
88520,-27.79554311878931,-50.30742347154164
88521,-27.78287383749783,-50.292329655430336
88523,-27.80593889895158,-50.30401899985162
88524,-27.7960229686364,-50.28832349999999
88525,-27.81283184432133,-50.28750227704974
88526,-27.82618518981439,-50.30727323631116
88535,-27.585562066449157,-50.364042657792815
88538,-27.742061732346265,-49.94526826921005
88540,-27.503689746785994,-50.11722226650586
88543,-27.92642921055197,-50.09927729304443
88545,-27.579508031252377,-50.15808900903711
88548,-27.936775105088387,-50.510473904828416
88550,-27.475347584091644,-50.37835008023754
88570,-27.65982068518517,-50.58088961769776
88580,-27.899350119811643,-50.75836558732806
88585,-27.79691901889636,-50.8741195091567
88590,-27.686808990362785,-51.12964451633576
88598,-27.633472727096983,-51.33719194954232
88600,-28.291279682975215,-49.93386339935043
88625,-27.954029737438198,-49.87613575563435
88640,-28.339616435838085,-49.625039787642606
88650,-27.99544410364515,-49.58536681150653
88658,-27.8630417624844,-49.7821597975163
88680,-27.79789379933342,-49.48775057441647
88701,-28.48623921288013,-49.00875831764675
88702,-28.491920437759433,-49.02350688535539
88703,-28.53195829087078,-49.059055823475134
88704,-28.47725964965606,-49.01259975164869
88705,-28.479850176250736,-48.99729201710646
88706,-28.482116065987665,-48.98413399113841
88708,-28.465857,-49.024419320745736
88710,-28.557488882551624,-49.147124932393524
88715,-28.622748386275823,-49.024816766594256
88717,-28.668165117918342,-49.108677123276436
88720,-28.43576428384711,-49.18521123820162
88725,-28.493609999999933,-49.220279999999946
88730,-28.32819939742141,-49.177507854489534
88735,-28.32819800695047,-49.05724554734975
88740,-28.260902392709987,-49.01829671962727
88745,-28.44405682909559,-48.95570224613484
88750,-28.27442835161582,-49.16592232031496
88760,-28.137686359661693,-49.11092861492637
88763,-28.039489406624,-49.12656295455006
88765,-28.166286809287776,-48.97853845650907
88770,-28.34217697438836,-48.81823827929912
88780,-28.23919513267532,-48.67329713366172
88790,-28.479076566630944,-48.78236159501343
88798,-28.38832670449332,-48.87285916212948
88801,-28.67704762856801,-49.37000157852023
88802,-28.682688590576102,-49.37063059310332
88803,-28.692235613332493,-49.37207843602944
88804,-28.688320378887568,-49.38665228867994
88805,-28.69170133750452,-49.40473712740207
88806,-28.696649559126264,-49.42636195465656
88807,-28.701524733659557,-49.43544383648063
88808,-28.70312524698382,-49.45408947961069
88809,-28.68168059745865,-49.38696373896198
88810,-28.666646422877257,-49.38523603542879
88811,-28.673806446600004,-49.360605189567615
88812,-28.78472526014988,-49.36544452947014
88813,-28.678706392843587,-49.34051559127768
88814,-28.7693645420287,-49.40812520783725
88815,-28.69240613432724,-49.34797134011996
88816,-28.71787715305679,-49.36218401727514
88817,-28.67356661094456,-49.41761598361268
88818,-28.664709632722307,-49.42308736922854
88819,-28.64483031369705,-49.433748464499175
88820,-28.71446764355558,-49.29936630175703
88828,-28.826063947641963,-49.22862805074014
88830,-28.652805,-49.2088778036435
88835,-28.601645997220583,-49.24656641244125
88840,-28.522729999999967,-49.320551887913226
88845,-28.599088228681374,-49.32508685085059
88850,-28.750423004813257,-49.473424031613064
88860,-28.596822898084397,-49.428096173531046
88862,-28.51009244167485,-49.45871204872325
88865,-28.63990308182,-49.500268119588874
88868,-28.66012113500276,-49.465480705487
88870,-28.357636847029433,-49.288007151003185
88880,-28.391026854689265,-49.396865005459915
88890,-28.18664798690037,-49.21396161241119
88900,-28.93541547192668,-49.48326775943217
88901,-28.941620889157768,-49.497129769764996
88902,-28.96693773405048,-49.51624491050956
88904,-28.95382700699269,-49.49935817992322
88905,-28.94458270110152,-49.4829148105977
88906,-28.939176657590124,-49.46879331664003
88910,-29.022749718494445,-49.60485206483155
88911,-28.938644897579543,-49.37060077338521
88914,-28.985695993067623,-49.41822720081998
88915,-28.86090111569957,-49.45248490505554
88920,-28.831913323844148,-49.632958637333786
88923,-28.899945513324457,-49.54701568750369
88925,-28.800858313022623,-49.71786236535152
88930,-28.92645923549318,-49.67864903170359
88934,-28.677712894943163,-49.10966127783367
88935,-28.97052097105565,-49.63820715911049
88940,-28.832402880297145,-49.846291961438936
88950,-28.99719078599148,-49.759170261605576
88955,-29.15863259689907,-49.58567288227981
88960,-29.1098271817944,-49.63539099211336
88965,-29.135811687177593,-49.71569213505043
88970,-29.22356704766134,-49.80740077352151
88980,-29.32215004190755,-49.723190336884706
88990,-29.19579249186556,-49.9510032870999
89010,-26.92251784762537,-49.06526575674312
89012,-26.910042153922117,-49.07446664209314
89015,-26.90756122970117,-49.04255812377123
89016,-26.91076651438352,-49.09323843202645
89020,-26.92959267131172,-49.05643853645892
89021,-26.93922900711143,-49.06441266305016
89022,-26.94710750346245,-49.07080747654224
89023,-26.95326593390459,-49.07650314283121
89025,-26.96569513032433,-49.05880667444286
89026,-26.96908877448399,-49.07623407230649
89027,-26.99416421246177,-49.08303237572855
89030,-26.896663623925207,-49.08217870217236
89031,-26.8891082725944,-49.10169233026521
89032,-26.903765201287182,-49.13849515882208
89035,-26.90611142408682,-49.088533432136906
89036,-26.917182292793306,-49.094416550377964
89037,-26.90704998773481,-49.099408203537905
89040,-26.922242249131052,-49.12122417923141
89041,-26.913287765071942,-49.112965752157066
89042,-26.91152768840888,-49.13089409728674
89045,-26.926617368443072,-49.11478264365945
89046,-26.932991050654184,-49.1421017828207
89048,-26.913571480985645,-49.10539684456696
89050,-26.913463496393312,-49.060936726503854
89051,-26.899879047832012,-49.059225159548944
89052,-26.890476164428648,-49.07396272009348
89053,-26.8774271673496,-49.0820058388828
89055,-26.880882690514674,-49.062226748532986
89056,-26.87353053344107,-49.06985844240867
89057,-26.87106242714524,-49.05591327658828
89058,-26.856708787527463,-49.04912194463037
89060,-26.848706661604872,-49.073364991383514
89062,-26.82646352245024,-49.08428078559065
89063,-26.799631803192344,-49.08417439262063
89065,-26.87268922448468,-49.10517326458904
89066,-26.851605831525216,-49.10491296533608
89068,-26.81878410518652,-49.09111816964597
89069,-26.79356751967201,-49.092656585240434
89070,-26.8760337388077,-49.126927740292366
89072,-26.88057195542148,-49.16324256555642
89074,-26.85423171352153,-49.15051375374337
89075,-26.725352021528877,-49.06738270123697
89080,-26.90392179074433,-49.24009350826047
89082,-26.89246229244563,-49.24741706645431
89083,-26.890935960545868,-49.26376348341272
89084,-26.87936070796826,-49.239508909783126
89085,-26.861984760397497,-49.22885071564944
89086,-26.898515737541032,-49.224875160934516
89087,-26.91291964308109,-49.22590810357352
89095,-26.723652823274207,-49.06940786592604
89107,-26.732420030876902,-49.17153019712432
89108,-26.61022680767304,-49.00580655761185
89110,-26.92668106366873,-48.966152829112346
89111,-26.900274352731948,-49.00719065973726
89112,-26.941020188301678,-48.960932977558
89113,-26.922420879593936,-48.65187215848226
89114,-26.93732780326718,-48.93871513383137
89115,-26.912453380358706,-48.93603342228193
89116,-26.92053015182197,-48.9602841812377
89117,-26.846731824251172,-49.03081517651177
89118,-26.830338522839867,-49.03364788311288
89120,-26.825253513481073,-49.26977078427555
89121,-26.741103106733505,-49.27503770325039
89124,-26.78297729687528,-49.36345329844252
89126,-26.7171807673294,-49.48572999999993
89128,-26.71322615247039,-48.91172199590658
89130,-26.89367823982581,-49.23995157769379
89135,-27.03626993006849,-49.387449607347705
89136,-26.907814984792267,-49.3645971471255
89138,-26.95785199362336,-49.37789162476192
89140,-27.057758960699346,-49.5221629352333
89143,-27.0390914217913,-49.587787070964424
89145,-26.958301835340304,-49.629128489241445
89148,-26.88273719461048,-49.83694099999997
89150,-27.047876466553888,-49.621919945914655
89155,-26.986123635082937,-49.72406260355751
89157,-26.92382327643088,-49.79045816392109
89160,-27.215407833193183,-49.64128007016929
89161,-27.19465237718564,-49.6003723462092
89162,-27.181701,-49.60511959227316
89163,-27.204278605603346,-49.65556758164393
89164,-27.218889371227363,-49.651784772112826
89165,-27.23160193724413,-49.65262361714452
89167,-27.223895173884802,-49.64053013188883
89170,-27.22103264021336,-49.730773103309744
89172,-27.25718293710992,-49.93290710994233
89176,-27.30236992566755,-49.794194594221246
89178,-27.36210390823111,-49.88341491021862
89180,-27.19530304415389,-49.79488911048617
89182,-27.17117193597462,-49.54087634185354
89184,-27.277942536509297,-49.38817244438349
89186,-27.31554216482416,-49.637074887917166
89188,-27.268396239578813,-49.71089644888763
89190,-27.117117463708173,-50.00016695458925
89194,-27.200486702543984,-50.06852786676062
89196,-26.981132732801512,-50.00597759159519
89198,-26.94824031882291,-50.13890381934749
89199,-26.778947654118483,-50.00674105232601
89201,-26.301306467943903,-48.84788541423399
89202,-26.312850471002328,-48.84329211226844
89203,-26.314289402446736,-48.85567980314792
89204,-26.287216554532893,-48.85128463059032
89205,-26.30319338773156,-48.82481579309248
89206,-26.301077363271894,-48.81591182657508
89207,-26.32238680534501,-48.82952916902304
89208,-26.342732052871103,-48.83280141771018
89209,-26.35477057507645,-48.81440699999999
89210,-26.33353888555176,-48.83676323036527
89211,-26.332242200981113,-48.849008880661074
89212,-26.34469907216227,-48.84956075256638
89213,-26.33391437427145,-48.86934211990017
89214,-26.327037478215686,-48.87983368887412
89215,-26.334723612032946,-48.90393599191724
89216,-26.29799024889898,-48.86741761651691
89217,-26.286651094839186,-48.872781699622045
89218,-26.27296463617987,-48.86074316985976
89219,-26.25449284184933,-48.86998345885509
89220,-26.270250228561927,-48.88175308312654
89221,-26.280338950603,-48.83977517638064
89222,-26.26765613849616,-48.846362877604
89223,-26.254870345495984,-48.84205774493623
89224,-26.26398024091118,-48.805319320338384
89225,-26.25005904355409,-48.80569442922272
89226,-26.236677546750506,-48.81674939326094
89227,-26.275084889534888,-48.818922635091496
89228,-26.280899829897173,-48.79971481418431
89229,-26.321810563419696,-48.81575749785762
89230,-26.33221182876639,-48.805224200040406
89231,-26.34874035498297,-48.78971606564138
89232,-26.35743732001268,-48.831305124200895
89233,-26.36871081552325,-48.84208703107746
89234,-26.34623066472387,-48.77199444240867
89235,-26.36851704302037,-48.82609338885283
89237,-26.287298999999997,-48.90578199091118
89239,-26.20392120520617,-48.907543699024174
89240,-26.243743866157825,-48.62541642824716
89245,-26.404043466370574,-48.7570362127667
89246,-26.54564059808763,-48.71313610731941
89247,-26.45880634222582,-48.6160028522912
89248,-26.03298226016748,-48.85280588459688
89249,-26.07483669051065,-48.6100456306269
89251,-26.488910860667115,-49.08117169900166
89252,-26.48405532361937,-49.10003033218905
89253,-26.49829725770384,-49.106287758179974
89254,-26.47105406997643,-49.11402375
89255,-26.471221757833412,-49.09408294235393
89256,-26.48104108546353,-49.06152026337365
89257,-26.450108312269272,-49.05045477852548
89258,-26.49114527840596,-49.05336001987973
89259,-26.49959038145424,-49.085686888496156
89260,-26.513059089197395,-49.1332504561429
89261,-26.533661713799262,-49.13176450628329
89262,-26.52714969840825,-49.13460623539922
89264,-26.543868276155596,-49.15230164211716
89265,-26.459465289027385,-49.16846329545841
89266,-26.43506032721377,-49.15176841287427
89267,-26.3680779572137,-49.124754780050736
89270,-26.47332828846994,-48.993546216409186
89275,-26.408991234394627,-49.071408534895774
89278,-26.434478786713424,-49.24415354006455
89280,-26.248715831129484,-49.38109694172174
89281,-26.242663067703127,-49.370355253437836
89282,-26.229892660230355,-49.34815856410104
89283,-26.24326971994961,-49.34884360761878
89284,-26.214385237042926,-49.383403152125396
89285,-26.215364935059903,-49.40447556493525
89286,-26.217423826197727,-49.41512584875232
89287,-26.23975841364137,-49.39511621816024
89288,-26.231962655399936,-49.41207887277734
89289,-26.246241786416064,-49.452837101732115
89290,-26.266465579850465,-49.371313994078136
89291,-26.276940505126902,-49.393731689385724
89292,-26.27957078220213,-49.374465874595806
89294,-26.165793237875505,-49.38125002841902
89295,-26.25475620797562,-49.52001574607904
89300,-26.123674541686302,-49.81032689962253
89340,-26.339635194698968,-49.90768934624812
89370,-26.404127078677305,-50.14408904247691
89380,-26.461246714827233,-50.22924214140511
89384,-26.45557110565639,-50.23906174613877
89400,-26.250362486521276,-51.081736197071294
89410,-26.600313318739357,-50.071490249842384
89420,-26.47318341250447,-51.15177049752468
89430,-26.602931196443897,-51.099089272478885
89440,-26.242088774017898,-50.79687410479671
89460,-26.179891095307784,-50.39253696099769
89478,-26.275634242157587,-50.464652081622035
89480,-26.36690875135288,-50.32706713519048
89490,-26.11863682105902,-50.30809091227157
89500,-26.777641623537995,-51.011379524916656
89501,-26.79925769881876,-51.00120023381567
89503,-26.78389245938876,-51.02106865078717
89504,-26.775999414373253,-51.02999507881762
89505,-26.768787393582762,-51.033573858544976
89506,-26.76582257431367,-51.01785656032888
89507,-26.771838952821486,-51.00330926505484
89509,-26.781600114077598,-50.989306764184605
89510,-26.788090831899673,-50.99411950441272
89511,-26.79339789109593,-50.98513791708994
89515,-26.93244610079021,-50.69225421149889
89518,-26.855912252440515,-51.37545811192968
89520,-27.290209139974166,-50.57755286955393
89530,-27.17475931860278,-50.80620482468309
89533,-27.26333341010921,-50.44280643519456
89535,-27.16482234814201,-50.46882327962236
89540,-26.963053307360244,-50.41918180236228
89545,-26.617323576492552,-50.67379530713771
89550,-26.895270545456505,-51.07466434105359
89555,-26.93998450514357,-51.11094481666518
89558,-27.00162415300224,-51.238826914259896
89560,-27.00518824428508,-51.15097028519262
89570,-27.046192334059697,-51.23030094668022
89580,-27.027124581798635,-50.92092091976821
89590,-26.929853706585888,-51.33544039939242
89595,-26.906637571059548,-51.40626817890611
89600,-27.17249870358929,-51.507759828899495
89609,-27.13134622429004,-51.468406830568966
89610,-27.174125551868297,-51.49286469226232
89613,-27.2767032838312,-51.44342934150337
89618,-27.220027113229918,-50.97792940681971
89620,-27.39942978092588,-51.22591999999997
89633,-27.45488473993472,-51.55255683868314
89634,-27.31098553818499,-50.83785811993386
89636,-27.610873471330965,-51.023894362548106
89638,-27.493043742323152,-50.97777249455896
89640,-27.089981091148097,-51.3676508689043
89642,-27.101201496156765,-51.24728313275705
89650,-26.99928007635342,-51.410128308017846
89652,-27.181012887997156,-51.238494535530236
89654,-26.999167452324645,-51.55481816011602
89660,-27.263693768064865,-51.563670628841216
89663,-27.331104850110073,-51.60296274019184
89665,-27.34671815906337,-51.60764795863166
89667,-27.420601740754705,-51.77518425842071
89669,-27.4048764383492,-51.77644290831424
89670,-27.070830127131845,-51.65947671964456
89675,-27.00275908813238,-51.743518922627814
89677,-27.1726067119978,-51.735928642465936
89680,-27.023832625552217,-51.89870431101511
89683,-26.872026783872,-52.01549107967847
89687,-26.781084536767292,-52.05791832270381
89690,-26.86174958630595,-52.15356294525512
89694,-26.852821124877458,-52.26212558275211
89700,-27.230716271639896,-52.025158822344615
89701,-27.22121303442656,-52.02330227758006
89703,-27.22221655069137,-52.03654371070262
89705,-27.23161667930701,-52.0429239846784
89707,-27.23666692429857,-52.03794078946991
89708,-27.242938486498204,-52.03098548230448
89709,-27.24188004293014,-52.024525595673104
89710,-27.238866849187385,-52.022277
89711,-27.23047039028129,-52.00532985537679
89712,-27.242713353432748,-51.95350321923911
89713,-27.19024224888888,-51.93892681726039
89730,-27.432055717994512,-51.90643774802432
89735,-27.05190374892221,-52.08577013050033
89740,-27.158335852102432,-52.14376974344008
89745,-27.22250367205878,-51.80731879198501
89750,-27.37277285216888,-51.906158571803935
89760,-27.27491547117632,-52.34918126376069
89765,-27.255730105672143,-52.4997044822799
89770,-27.158462774770612,-52.314493882321536
89778,-27.07486092689343,-52.45605512898442
89780,-27.051009908039248,-52.33698881729697
89790,-27.076272923087508,-52.136707353876076
89801,-27.10058703032725,-52.60942365241503
89802,-27.103506331089,-52.619950634941524
89803,-27.09664082216037,-52.63092342669069
89804,-27.079602066764803,-52.63007268837272
89805,-27.07954411230609,-52.61476275
89806,-27.095138196083894,-52.5935115072626
89809,-27.09846151897588,-52.6725849806615
89810,-27.068338469553996,-52.63523768576187
89812,-27.113575477467897,-52.60262941323455
89813,-27.1350270629278,-52.60057100800561
89814,-27.117367490182403,-52.61584193835235
89815,-27.119849084617865,-52.62382857198303
89817,-27.13216835934245,-52.77653549317325
89818,-26.94116626653139,-52.81329830796565
89819,-26.98539863732414,-52.60344937499999
89820,-26.876633645777773,-52.40544207814198
89824,-26.734159431290017,-52.39024293725593
89825,-26.960096646351325,-52.532331772801456
89828,-26.857914551758288,-52.56659110262859
89830,-26.567881340281684,-52.32894694878951
89832,-26.6345321521065,-52.45439181916321
89834,-26.69261390873094,-52.3093658286476
89835,-26.560937326635337,-52.5316233779434
89837,-26.51197406846876,-52.66907658962485
89838,-26.455383086222255,-52.68693389389033
89839,-26.39585188441069,-52.73062080595278
89840,-26.907419642154565,-52.70335031300283
89843,-26.881176350357954,-52.859690841023195
89845,-26.7650301592966,-52.85299780698108
89848,-26.720442237317865,-52.858627486177255
89850,-26.728697069578963,-52.718967060011785
89854,-26.633139749999998,-52.674935778603086
89855,-26.740829606080755,-52.96699016665216
89856,-26.656465182152075,-52.89438290462409
89859,-26.648309389181858,-52.79355772331774
89860,-26.802889672227636,-52.62655234729679
89862,-26.724308263126765,-52.55984993309607
89865,-26.9029749670836,-52.90577946044
89868,-26.926186804554,-53.0053913685851
89870,-26.847474339865226,-52.98703084893266
89871,-26.72240747952932,-53.04487814738476
89872,-26.775218142040735,-53.054565854537486
89874,-26.767435213108254,-53.18069621309408
89875,-26.689125680339632,-53.15727653821709
89878,-26.778984039523937,-53.3456537939074
89879,-26.69194592346856,-53.2530062344192
89880,-27.15901867334441,-52.88213985996868
89882,-27.0718616673354,-52.86517421622816
89883,-27.07361762281856,-52.98510044241867
89885,-27.08121119489303,-53.00443091645463
89886,-26.97355682669413,-53.092913723278464
89887,-27.06938009959972,-53.16010511552535
89888,-27.074742934856715,-53.2498349964922
89890,-26.892294006870003,-53.17047173023503
89891,-26.82318159468777,-53.273718228189246
89893,-27.1017773185697,-53.399274195411415
89895,-27.067530950972657,-53.32351561037984
89896,-27.171704097761477,-53.714206007575186
89897,-27.0979379102601,-53.59377016214861
89898,-26.97163888783105,-53.638815489325495
89899,-26.987732066471445,-53.53443956431221
89900,-26.73213943120558,-53.51894866080006
89905,-26.767815461404943,-53.63920988630594
89906,-26.619779264601114,-53.67477322147168
89908,-26.67757974215884,-53.31887271845228
89909,-26.6549131998767,-53.43887790780584
89910,-26.823249818735228,-53.50257872010299
89915,-26.939560852625807,-53.61915367079953
89920,-26.598802557416786,-53.52154266268718
89925,-26.843459745054936,-53.580046098165795
89930,-26.454374684487803,-53.50041104948415
89935,-26.44264371684063,-53.60140842352336
89940,-26.38630758152872,-53.52686608092418
89950,-26.25892946442341,-53.63734043976147
89970,-26.53580734612924,-53.33096112049391
89980,-26.39492561350507,-53.08104604988514
89982,-26.472795304892962,-52.965069004946535
89983,-26.601977999999946,-53.16834049999996
89985,-26.348081066871764,-53.278338552733466
89990,-26.357499451007023,-52.85040464337225
89998,-26.44814868211812,-52.83189378868771
90001,-30.028363607536587,-51.23058931210683
90002,-30.028363607536587,-51.23058931210683
90010,-30.033445500000006,-51.231177
90013,-30.037257002548014,-51.23703690743293
90018,-30.029650137617917,-51.232323547634884
90020,-30.030119828381842,-51.22670673237063
90022,-30.899005262063554,-51.77328645837272
90027,-30.030124399676776,-51.230344987506506
90029,-30.03203170967748,-51.2359907894858
90030,-30.02748908742571,-51.22232137800805
90035,-30.031091470858094,-51.21209304537196
90038,-30.026346286427376,-51.22249899457566
90040,-30.04100346266378,-51.21241757827912
90050,-30.039787335146222,-51.223175489107845
90090,-30.014991567441,-51.25837324952386
90110,-30.047551051070442,-51.227604292544214
90119,-30.04153045989382,-51.22878262199197
90120,-30.037760599150104,-51.18020368602456
90130,-30.05233521648681,-51.22091442160533
90150,-30.05364013266778,-51.22254136721665
90160,-30.05069815903972,-51.21801029418901
90169,-30.048350237867087,-51.217688425616025
90170,-30.04420237024641,-51.22582051289751
90200,-29.985124485140584,-51.17241886415822
90220,-30.019203334179604,-51.20966300346244
90230,-30.00839962559865,-51.20140165805877
90231,-30.009775432685164,-51.2017257418778
90240,-30.004576869231435,-51.19790062669516
90241,-30.00585297169481,-51.20471440270655
90245,-29.984132939076133,-51.19415230350849
90250,-29.979822238126893,-51.190408388153806
90251,-29.973775499999995,-51.19155225
90410,-30.04048334722135,-51.18654892853022
90420,-30.0352164410237,-51.20066497807145
90430,-30.029630942410556,-51.20308751276761
90440,-30.028283149552887,-51.1945079089676
90450,-30.028560622251764,-51.188689778175274
90460,-30.039952012767607,-51.18650686962604
90470,-30.034725331469325,-51.18080805467713
90480,-30.02430908993588,-51.17996090175426
90510,-30.025088544131208,-51.20167492049447
90520,-30.015715485140586,-51.180952332361926
90540,-30.01862362724343,-51.18945811700029
90550,-30.013691656962248,-51.19073788307298
90560,-30.019171091999013,-51.205673250000004
90570,-30.022528987232384,-51.20213565354326
90610,-30.05014100750181,-51.19863566056893
90619,-30.057086670840715,-51.174181147787
90620,-30.050410935599352,-51.201330331727235
90630,-30.04278537233821,-51.19449374639332
90640,-30.05431545767212,-51.203720697068434
90650,-30.0555175387212,-51.1989189296554
90660,-30.064395206763287,-51.20007087719997
90670,-30.048987693447415,-51.18912523557327
90680,-30.066407517629372,-51.19115182322034
90690,-30.05143656731484,-51.180891384154855
90771,-30.15809111507321,-51.21417966481317
90810,-30.0792648193202,-51.2400008237636
90820,-30.0903977879566,-51.23733235108784
90830,-30.08950158200136,-51.2268230424721
90840,-30.077901164106304,-51.22294139816775
90850,-30.0654429567055,-51.2266022627676
90870,-30.073248041635388,-51.20972276588383
90880,-30.060802204830047,-51.21541091963391
91010,-30.010405485140584,-51.16763237656296
91020,-30.003930419095155,-51.187702724132855
91030,-30.007224785734888,-51.17415122843204
91040,-30.00645666333889,-51.16016266479599
91050,-30.00354656230885,-51.15150120460568
91060,-30.00361520954758,-51.145934438239415
91110,-29.99785727338564,-51.13613614126611
91120,-29.98439356887513,-51.13099570211688
91130,-30.004654415906835,-51.13092328926946
91140,-29.987592878738546,-51.11431552635453
91150,-30.005704529659635,-51.11824658742572
91160,-29.995433042257122,-51.101442475826346
91170,-30.00123038718329,-51.09489583036829
91175,-29.975930241726743,-51.19591931331479
91180,-30.010132204830047,-51.10847512199197
91210,-30.036860638496158,-51.14448772446477
91215,-30.030029999999996,-51.141100794189015
91220,-30.019583462115527,-51.137120929078485
91225,-30.016827571051422,-51.13304213029076
91230,-30.017398459182743,-51.12620821100087
91240,-30.02004195684718,-51.11573878511453
91250,-30.02143758215992,-51.10603017426487
91260,-30.0373750279428,-51.121228070633045
91263,-30.04510491433292,-51.10609287102105
91270,-30.032946,-51.1135139401823
91280,-30.04495903566277,-51.09703661179231
91310,-30.04110926980252,-51.149480516100155
91320,-30.031927177073122,-51.150752602581676
91330,-30.034974446303824,-51.162282957412316
91340,-30.022310828755256,-51.16925195435391
91349,-30.02530441326677,-51.1632907503319
91350,-30.01498389702239,-51.162188780671116
91360,-30.020304849717178,-51.15296732418196
91370,-30.01506207799065,-51.14909255245541
91380,-30.015555182064787,-51.14336486332152
91410,-30.04898945796058,-51.16977625554077
91420,-30.044906914365143,-51.162221283657416
91430,-30.052081246266454,-51.147267581223275
91440,-30.059341621816667,-51.1457392185786
91450,-30.045783733832465,-51.134084067993
91501,-30.07653850836813,-51.12485036649549
91509,-30.07653850836813,-51.12485036649549
91510,-30.071033871844985,-51.17769504763547
91520,-30.067437834583632,-51.16753402804539
91530,-30.060571921901875,-51.156799048502506
91540,-30.082934459192508,-51.12560820565243
91550,-30.0972852725612,-51.13612844761668
91560,-30.118220399898743,-51.108648117958865
91570,-30.117058262342486,-51.10266646919421
91710,-30.076316875093838,-51.193383069448984
91712,-30.09396020045662,-51.18083525463139
91720,-30.085432889809024,-51.20877813142702
91740,-30.10703336539898,-51.22328851737217
91750,-30.125423804064184,-51.20843260020765
91751,-30.1368897352127,-51.21505102651616
91755,-30.16047824147377,-51.19782290664487
91760,-30.13120592616429,-51.23109698473655
91770,-30.152090341797,-51.218600550298646
91771,-30.157727909241736,-51.215493197140546
91778,-30.175554601187194,-51.18177361012298
91780,-30.20791883403537,-51.18079981549018
91781,-30.184998641145253,-51.17471677600879
91782,-30.214011008990425,-51.12691285254736
91785,-30.201053899505194,-51.130970490264545
91786,-30.187694292347146,-51.14378462744797
91787,-30.1573314676841,-51.17076044851974
91788,-30.15249791395927,-51.16397676067447
91790,-30.15468894391608,-51.14370257369148
91791,-30.145994890249035,-51.12661612707207
91792,-30.153672042841297,-51.141302174717964
91793,-30.148115583061184,-51.145646046348766
91795,-30.15310858752658,-51.14872306243343
91796,-30.170601024432525,-51.081018139449576
91798,-30.178748805929928,-51.14277606016652
91810,-30.08572310485261,-51.24753469894402
91900,-30.103343017392397,-51.25388756744475
91910,-30.103340075639046,-51.24223024875924
91920,-30.11237285997463,-51.24626095809049
92010,-29.917856285876624,-51.17970521698278
92020,-29.919070451425384,-51.17380233527612
92022,-29.91615118810231,-51.15664450565298
92025,-29.92719899474854,-51.162162300182494
92027,-29.926896860482543,-51.14643922499816
92030,-29.915638861440634,-51.14287607172097
92031,-29.915996133778627,-51.151832135581955
92032,-29.910950266720537,-51.144584463096464
92035,-29.91728165694792,-51.12669698534691
92110,-29.937103492353945,-51.17098921717928
92120,-29.949782806715557,-51.16907695903927
92130,-29.960378739915903,-51.164239362254115
92200,-29.95709714458434,-51.1855415263587
92310,-29.91616490230251,-51.18825417914563
92314,-29.921482540106176,-51.19339838522141
92320,-29.91723930806745,-51.20198539508913
92323,-29.925362613797653,-51.19812399414373
92325,-29.90794949321933,-51.225605475994
92330,-29.901925068555588,-51.21210555981301
92340,-29.90275564355526,-51.18512155438866
92410,-29.89894481127012,-51.16381202787249
92412,-29.89748296018228,-51.14623276667754
92415,-29.90400999489953,-51.14177599825473
92420,-29.88619951399404,-51.1760332456287
92425,-29.882333741300126,-51.15192630163757
92440,-29.898626700473724,-51.13858573766347
92441,-29.886141832689077,-51.13673388214089
92480,-29.85714253218282,-51.27338556598917
92500,-30.117597401061754,-51.32761434124875
92850,-30.46052670831618,-51.60102297999961
92900,-30.354614005554176,-51.58422950230679
92990,-29.99896584202255,-51.308469547194434
93010,-29.766529702165297,-51.1461825298344
93020,-29.779593289384174,-51.1491087974656
93022,-29.790462875904247,-51.14960185908175
93025,-29.771827411588657,-51.15898015293619
93030,-29.773067970116813,-51.1392439820585
93032,-29.777193924745788,-51.13184131335424
93035,-29.787309988206708,-51.13134832258599
93037,-29.795555552745952,-51.13262481397331
93040,-29.76865760799243,-51.130514549618745
93042,-29.764861471678216,-51.119939132816
93044,-29.776278809436967,-51.11654375606663
93046,-29.775937722455588,-51.102400544412326
93048,-29.763187631921177,-51.11192947974601
93050,-29.756609130722126,-51.10913419311781
93052,-29.750749847509628,-51.1003528534919
93054,-29.757149751665246,-51.09479347162201
93056,-29.76394184078259,-51.09094199239448
93110,-29.75433902772713,-51.14803652013323
93113,-29.749439947849268,-51.14324334467108
93115,-29.73928114728528,-51.13863939635653
93120,-29.736384799676472,-51.15758475590401
93125,-29.725541487645742,-51.15740831591076
93130,-29.747729921632967,-51.15474501668206
93135,-29.736921512156506,-51.16561139463069
93140,-29.724621370328215,-51.17814515169433
93145,-29.716410244274904,-51.18344427299051
93150,-29.700872913653296,-51.19437098715554
93180,-29.69426267905133,-51.23409740245201
93210,-29.82712741817817,-51.16258925580344
93211,-29.797688513056315,-51.18580019300437
93212,-29.809963950750657,-51.17191536999953
93214,-29.823413790730214,-51.15987226488828
93216,-29.816044453362547,-51.15438680486078
93218,-29.81529816214506,-51.14686205095845
93219,-29.802155724082,-51.13181189430493
93220,-29.82923631707428,-51.150550441335334
93222,-29.820099116716875,-51.13733488011965
93224,-29.8338094327647,-51.13869536667024
93225,-29.832054814585053,-51.12972635535253
93226,-29.83931671078426,-51.146846941720284
93228,-29.846580802527125,-51.13617141923561
93230,-29.84482719791784,-51.12643355154425
93234,-29.85854393724704,-51.10655127132628
93260,-29.843460456002518,-51.16872617599773
93265,-29.851030097458803,-51.170580005695385
93270,-29.8460978023585,-51.18285234049673
93280,-29.84927429226213,-51.15430634252267
93285,-29.85922627010492,-51.15608846665384
93290,-29.856404694086077,-51.14326588714096
93295,-29.85869209024188,-51.13327468299843
93310,-29.684453505628895,-51.13776850496588
93315,-29.67743075727777,-51.1347426562717
93320,-29.707482409577125,-51.13226288271744
93330,-29.719440892421677,-51.141452158609006
93332,-29.71296281844112,-51.13758327147674
93334,-29.7059738938098,-51.14220624938905
93336,-29.692658174610543,-51.137495412036905
93340,-29.69033995991413,-51.1470983181276
93344,-29.684406424330028,-51.15049397368007
93346,-29.67359855691109,-51.15354241136504
93347,-29.67794706477603,-51.1680187543593
93348,-29.674076358568776,-51.146395954405264
93351,-29.643174541970644,-51.139156840776664
93410,-29.69448464820036,-51.12734762076218
93415,-29.707347707083905,-51.12157881154267
93420,-29.728725011456703,-51.132786819288896
93425,-29.719142719049653,-51.11826026366128
93490,-29.756924954434872,-51.04770215349639
93510,-29.682607266561043,-51.12405207884293
93520,-29.67477649010721,-51.12579310084094
93525,-29.66882491513563,-51.11643469823095
93530,-29.653360081453073,-51.10757488425229
93534,-29.66881177741924,-51.10458233725348
93537,-29.67129817012134,-51.09428949615233
93540,-29.681422711353324,-51.103726071161006
93542,-29.68419148924371,-51.09326924244578
93544,-29.695672266258445,-51.08765725659249
93546,-29.698543429083166,-51.10062564584049
93548,-29.68986411626882,-51.114913361330046
93600,-29.651976289796668,-51.17200963015214
93601,-29.64145238518244,-51.17008177985649
93604,-29.650077699839542,-51.22078997584424
93607,-11.274704431863016,-37.44243569811498
93608,-29.664597159898346,-51.148736944185984
93609,-29.6646008975409,-51.156573393658675
93610,-29.658439284942457,-51.16882233614167
93611,-29.66890889162752,-51.17477443174641
93612,-29.667736850704003,-51.19289804116585
93614,-29.657893380832586,-51.190751707283425
93615,-29.6572845164719,-51.189491913303925
93616,-29.663019941965512,-51.21322109229162
93700,-29.67745825880729,-51.059608185918165
93800,-29.63723743765338,-51.00704407644147
93801,-29.617157103650147,-50.99639724457308
93804,-29.63884262424131,-51.0228871844115
93805,-29.647624254593758,-51.02562284526434
93806,-29.6503709231477,-51.00052147902992
93807,-29.66278954695464,-50.99921352082087
93815,-29.65460116349433,-50.98287226429686
93819,-29.63394479274861,-50.99373861688355
93820,-29.62673626309145,-50.980918567963855
93821,-29.632254435703942,-50.97652236735215
93822,-29.628792880677008,-50.959058813958336
93880,-29.616037902829603,-50.92755985329042
93890,-29.584150174112047,-50.90179594669856
93900,-29.60574390862445,-51.16385669916245
93940,-29.600532434396637,-51.203808012410065
93945,-29.518072201957402,-51.17841015804312
93950,-29.587265961622265,-51.088136404307846
93990,-29.53955345706677,-51.08265829819196
93995,-29.502780485820992,-50.98860999999994
94010,-29.941489639881137,-50.993246128838585
94015,-29.932393379637496,-50.99204861693022
94020,-29.935614219777,-51.00247920514661
94025,-29.930509183738224,-51.00628514988111
94030,-29.939867295788225,-51.0161843181113
94035,-29.94271384401869,-51.00019381941742
94040,-29.94056032944774,-51.0300293052975
94045,-29.94357697446478,-51.02294447349114
94050,-29.939368473772284,-51.042164868325436
94055,-29.94045566486254,-51.03530201151254
94060,-29.93837726609147,-51.0561212682574
94065,-29.94481747085809,-51.050821407879084
94070,-29.937181452680463,-51.068185998759255
94071,-29.935830174851425,-51.06824050276997
94075,-29.936907743825373,-51.06265456717999
94080,-29.925780348606327,-51.06492137815225
94085,-29.920649448237057,-51.05954254677128
94090,-29.92972419100867,-51.05059433638698
94100,-29.90406501797756,-51.02689438554518
94110,-29.9120581470945,-51.06131153427779
94120,-29.913685271163935,-51.05102230384132
94130,-29.922428655707172,-51.035797911073935
94135,-29.926396278377293,-51.04224224715792
94140,-29.913415328031235,-51.033920093471075
94150,-29.930223616134928,-51.0241382482538
94155,-29.921147460586308,-51.0167382570781
94170,-29.92163944823706,-51.00026594379943
94175,-29.89080067055225,-50.99829041157039
94180,-29.941040366046195,-50.953340380514106
94185,-29.945472901025504,-50.971291548055206
94190,-29.955317714774893,-50.97597918348661
94195,-29.949175838093282,-50.953159469949256
94196,-29.897089494681627,-50.89892306577915
94197,-29.921981287447263,-50.93027312419699
94198,-29.922108841796994,-50.90751388245143
94199,-29.927290987371073,-50.972021987160275
94380,-29.88020374641087,-50.78109599708597
94410,-30.08272842202936,-51.0272582031978
94415,-30.07557674602237,-51.02344796313756
94416,-30.059813515662867,-51.020333531358304
94420,-30.01609479871777,-51.02705710004058
94425,-30.07874155127889,-51.003624597636296
94430,-30.093044173872023,-51.01861499536756
94435,-30.084113989876826,-51.03935004071451
94440,-30.086492174019646,-51.05447313478488
94445,-30.098215961885558,-51.06029062338601
94450,-30.08832594869767,-51.07158457416402
94451,-30.074731899560035,-51.06708917888373
94455,-30.103486980073356,-51.068235658839704
94460,-30.1147532523911,-51.07533909299448
94463,-30.13803398331282,-50.8668697570924
94465,-30.12381433351259,-51.084625022009746
94470,-30.088756583622228,-51.08460581669648
94475,-30.075606591216197,-51.09581293734375
94480,-30.06492110910346,-51.10478151759938
94490,-30.06230161183021,-51.1113215745167
94495,-30.05454283754962,-51.08999805462644
94500,-30.06693642602657,-51.1105763519313
94505,-30.134648153236668,-51.07011399207671
94510,-30.057907132123383,-51.07980395737509
94515,-30.073824,-51.04559925000001
94760,-30.13782999999995,-50.84041299459422
94770,-30.092809899462708,-50.694388328298245
94810,-30.00723679748005,-51.08045374967331
94814,-30.003313945218565,-51.07321458082279
94818,-30.00466129871988,-51.0609897845582
94820,-29.991498006510042,-51.08220972710518
94824,-29.99147806903899,-51.07361126906001
94828,-29.9920819160312,-51.05893396756857
94830,-29.985256734666656,-51.0328950535929
94834,-29.993362975553794,-51.0473246217243
94836,-29.996356091173194,-51.01238507297853
94838,-30.018271071921028,-51.04885777869639
94850,-30.020675960400048,-51.080423309406285
94852,-30.005916309100613,-51.05040704605068
94853,-30.02202822623552,-51.06320492400653
94855,-30.038807027663722,-51.05811952976868
94856,-30.046399121464603,-51.06311617915621
94858,-30.03604143948082,-51.075814859109435
94859,-30.0319072606414,-51.08305922900378
94901,-29.950756365314483,-51.100477547091074
94910,-29.952853739325604,-51.09577906214972
94920,-29.957323288363305,-51.10251838669101
94930,-29.94894240011326,-51.10741576534022
94931,-29.910272999965663,-51.09582173008423
94935,-29.94284041378816,-51.09584235360386
94940,-29.93647336913962,-51.08916458776703
94945,-29.92796481277253,-51.07989905810642
94950,-29.94718193459424,-51.08029376402861
94955,-29.914706648268318,-51.07462799792688
94960,-29.9107643143083,-51.08453860752678
94965,-29.905164457984377,-51.0706343191451
94967,-29.89336729778315,-51.07052369362892
94970,-29.88763965221807,-51.08839159737663
95010,-29.16951945092092,-51.18937821858969
95012,-29.17296103392495,-51.210133405996174
95013,-29.162178418385295,-51.20422209491757
95020,-29.16600803441452,-51.18000246793592
95030,-29.15446217400177,-51.21907723074026
95032,-29.15048358782184,-51.20438289582539
95034,-29.15912236751751,-51.18777796467367
95040,-29.15528658012399,-51.17352718821038
95041,-29.150062184496697,-51.181199013360406
95042,-29.138879926989624,-51.190262230272424
95043,-29.14375116597255,-51.17982340399696
95044,-29.132512273802693,-51.19611443231423
95045,-29.126294764782116,-51.17452320005843
95046,-29.108004172732247,-51.19179719767769
95047,-29.11996519103083,-51.18273645545199
95050,-29.15513686137387,-51.16936697426053
95052,-29.152605995902807,-51.16199768377428
95054,-29.157666340472833,-51.15459432217563
95055,-29.150221648999928,-51.14072623829833
95057,-29.14019250331107,-51.13852871329505
95058,-29.12598383987576,-51.11898029194013
95059,-29.11502729696833,-51.12507248624766
95060,-29.11464994030577,-51.100636194857415
95062,-29.094112450969867,-51.07730341728767
95065,-29.079822035046963,-51.10581067201552
95070,-29.16564503217782,-51.155627865482145
95072,-29.17376467545709,-51.15022097994026
95074,-29.170190492086064,-51.14080648458532
95076,-29.17915863755419,-51.147170889601654
95080,-29.176689151227507,-51.18180070401779
95082,-29.177608260652796,-51.17353497746278
95084,-29.172623789853038,-51.171898178011524
95086,-29.18350731649541,-51.166836
95088,-29.194020389792847,-51.1655176602136
95090,-29.227783258993714,-51.15807415896677
95095,-29.199617653822344,-51.200861340582875
95096,-29.188051927457654,-51.20249018584143
95097,-29.17959176747098,-51.18954663434367
95098,-29.189129773834505,-51.18532745785184
95099,-29.178524744887607,-51.19770965827922
95100,-29.17415237180965,-51.185055097984
95110,-29.19042565481459,-51.232404054226606
95112,-29.170632761152035,-51.23279029242423
95115,-29.214871943672012,-51.28358472441524
95124,-29.11247924999997,-51.13755962499997
95125,-29.12527999999997,-51.014719999999954
95130,14.585072541779615,121.10539381057764
95150,-29.37562445063916,-51.11295904898429
95160,-29.406978115509744,-51.037117970729746
95166,-29.45597037609005,-51.13706639561976
95170,-29.22654545738829,-51.3440482642681
95171,-29.228746165664454,-51.36481412247986
95172,-29.21885912170098,-51.351338512795344
95173,-29.21184161606116,-51.35778077084685
95174,-29.20718654411106,-51.34577220500741
95175,-29.451239306031752,-51.13425177967029
95176,-29.216866724202273,-51.341736878629874
95177,-29.21274599304683,-51.32750043699011
95178,-29.223586080201144,-51.31550937350909
95179,-29.23724747884338,-51.325700651392914
95180,-29.228614993766147,-51.34868124518909
95181,-29.240295825450296,-51.34715589221914
95182,-29.277101035321042,-51.33718353817845
95183,-29.241121637185692,-51.411594281332
95184,-29.133609999999976,-51.37221999999997
95185,-29.29599209147435,-51.50120153848588
95186,-29.35027093898587,-51.54791183893818
95190,-28.969966900778104,-51.067898650199
95200,-28.505622950102854,-50.93845601115267
95230,-28.318759911961145,-51.18551397852837
95236,-28.6827705,-50.78243025
95240,-28.81946523772965,-51.28037568374776
95250,-28.856217464116412,-51.281584626483635
95255,-28.796855932347135,-51.094087331126296
95260,-28.98771084973132,-51.40691953409522
95270,-29.03091888832253,-51.182359756490015
95272,-29.056848668668778,-51.26110884644744
95275,-29.027734445149225,-51.3090667713138
95280,-28.74540476087541,-50.059639710509714
95290,-28.669205873421188,-50.43309932512908
95300,-28.211272730833077,-51.523737472119016
95305,-28.371866515393684,-51.63697325830777
95310,-28.63235819903258,-51.573247145680746
95315,-28.27116343945204,-51.69072865640603
95320,-28.7825285381586,-51.60929990694792
95325,-28.80804646576121,-51.782223212135115
95330,-28.936059909712952,-51.54990792753148
95333,-28.881948552585307,-51.69760592761582
95334,-28.8586014714759,-51.55363307922468
95335,-28.99234763397498,-51.69682944540686
95340,-28.73299654391061,-51.70326719528906
95345,-28.75892051649328,-51.47530477709189
95350,-28.660477338607336,-51.745302444473026
95355,-28.54229970175204,-51.69172252953622
95360,-28.5968385,-51.78768707600384
95365,-28.501002360118648,-51.70564367354062
95370,-27.67623669724828,-51.45821568482517
95380,-28.056687995903054,-51.189924722329636
95390,-30.23366077202132,-50.23357365986018
95400,-29.44714861182156,-50.58117985574796
95420,-28.88388241961676,-50.35767024246687
95480,-29.04740820159317,-50.14129335330036
95485,-28.976685770130608,-50.06326295388895
95500,-29.83061383883275,-50.52051119323526
95515,-29.791617370065524,-50.4373206947605
95520,-29.892807716430816,-50.26549615499744
95528,-29.974089269182752,-50.19950034276832
95530,-29.674313976067793,-50.20609383311558
95535,-29.580110999999995,-50.06383691213615
95538,-29.48927144719005,-50.11618558880287
95540,-30.26065860286733,-50.51037885037075
95548,-30.337649443736005,-50.27800510250671
95552,-30.14526127467963,-50.51009918481011
95555,-29.75615741193085,-50.017940859328746
95556,-29.65819240457069,-49.95919361702138
95558,-29.62578947373271,-49.937315444821294
95560,-29.336385432949523,-49.73646890978941
95568,-29.370053713447856,-49.84953391017245
95575,-29.53545958488224,-50.06251999999995
95577,-29.365887318256338,-49.93769334630598
95580,-29.455005945467985,-49.92048370669542
95585,-29.54731849834298,-49.89176651566005
95588,-29.798013422058585,-50.04598313333556
95589,-29.85199246917771,-50.06690688738297
95590,-29.998980860801343,-50.14771038269418
95595,-30.18056899480023,-50.20960976749949
95599,-30.248300972219162,-50.23893476697933
95600,-29.64919757729816,-50.78196645920133
95601,-29.66251932558126,-50.78394784762538
95603,-29.664265411904985,-50.77744265317395
95605,-29.660175024647685,-50.766623398133234
95607,-29.653061241314173,-50.77148771371684
95609,-29.642643853049726,-50.77063975735758
95611,-29.64391331487679,-50.7805116597322
95612,-29.641319390599943,-50.78668850783337
95625,-29.959531347674623,-50.12349586293689
95630,-29.630584803780465,-50.835129377636235
95650,-29.572162305031974,-50.79561849695561
95660,-29.51343087695016,-50.78021744861696
95670,-29.378080970566504,-50.87495898758394
95680,-29.36173310978829,-50.8099659720953
95690,-29.651530924231047,-50.57669369140724
95695,-29.64212505870891,-50.46009190800323
95700,-29.169936,-51.51590658243571
95701,-29.17278427308234,-51.527595637712885
95702,-29.18355827966964,-51.49991658298951
95703,-29.168291709717813,-51.50740693878666
95705,-29.155295522072976,-51.514627506313886
95706,-29.155998571740163,-51.493541725926484
95707,-29.15587932904974,-51.5321338263326
95708,-29.138579473064176,-51.52787824955668
95709,-29.12300094699998,-51.54072627199997
95710,-29.20397519050369,-51.53130455480548
95711,-29.17519237322801,-51.56925812204669
95717,-29.105747249999972,-51.45782012499998
95718,-29.16327792862605,-51.635838253407826
95720,-29.25652025969657,-51.52841737577366
95726,-29.27242765412856,-51.680285961895805
95727,-29.346884372503403,-51.67263341932937
95730,-29.3752100447538,-51.49873534639615
95735,-29.286904243297048,-51.8744505437216
95740,-29.450737733657967,-51.67097563004347
95745,-29.68060384016826,-51.32005635235684
95748,-29.540587179789384,-51.48451330239393
95750,-29.440127506460463,-51.5086039105564
95755,-29.54094694234917,-51.250222841612455
95758,-29.42211734783371,-51.51343234480507
95760,-29.588049443138104,-51.36770318306745
95765,-29.487514606347176,-51.357709089038224
95768,-29.460684606381598,-51.201341215814686
95770,-29.4528128372208,-51.30463651342662
95773,-29.38979608304504,-51.31155724452727
95775,-29.48257951706431,-51.41864055779253
95778,-29.39483506487336,-51.25374651152165
95780,-29.68554736183859,-51.4632720475158
95783,-29.639490484267206,-51.39679847594919
95785,-29.550488738907788,-51.42143171741089
95790,-29.558458535025185,-51.59203319375721
95793,-29.54857376416127,-51.55913201348339
95795,-29.36965041146749,-51.37464951415004
95800,-29.610418370210446,-52.19287514646905
95820,-29.908924405154877,-51.76385532824631
95833,-29.782553186043103,-52.18575475135784
95835,-29.524349999999945,-52.12641373400003
95840,-29.939094301274736,-51.71742715270359
95860,-29.793235668885465,-51.861849177440895
95863,-29.687450437628005,-51.71994389843217
95865,-29.553503377108058,-51.739236594637234
95870,-29.60047380064153,-51.9377920452424
95875,-29.588674749280035,-51.826494966488106
95880,-29.49622222009349,-51.96080973925207
95885,-29.352952445322867,-51.773403705944254
95890,-29.4721496828275,-51.809480908325554
95893,-29.424056378493837,-51.76626524689138
95895,-29.388253629228064,-51.86899308717813
95900,-29.45934617515212,-51.96742939659699
95901,-29.476014194516203,-51.98548763898101
95902,-29.49183028162927,-51.97365257560027
95903,-29.45890224424468,-52.022061
95904,-29.4580751313273,-51.996368057474584
95905,-29.450244154011678,-51.98626186101215
95906,-29.435848047032238,-52.0237961990734
95907,-29.429321237081396,-52.04908063275107
95908,-29.43208534047225,-52.02006949688271
95910,-29.430069384604984,-51.9931906129226
95911,-29.42473294717406,-52.00566388065239
95912,-29.437542414625884,-51.972986150967884
95913,-29.446879830826813,-51.96228002844462
95914,-29.437061707698987,-51.95612053532087
95915,-29.468366303494157,-52.08602175
95918,-29.383684584240193,-52.271413403607355
95920,-29.301945176196654,-52.42993616286168
95923,-29.325937453899996,-52.09929475098524
95925,-29.242969214474314,-52.31184550288077
95930,-29.51279912836784,-51.98789102533608
95933,-29.323591873748008,-52.23394908710184
95935,-29.2704869324665,-51.98812078822443
95937,-29.38163445965851,-52.10327372622647
95940,-29.39916377760874,-51.94544452248785
95945,-29.17042426943196,-52.209108948250375
95948,-29.31518274538213,-52.063509474770704
95950,-29.214132799411203,-52.02876802270204
95955,-29.18047999999994,-52.089344249999954
95960,-29.23586845754307,-51.87361203866412
95965,-29.111836558361112,-52.0701742911113
95967,-29.090639541263975,-51.9817021541003
95970,-29.166261691943703,-51.87258714488687
95972,-29.068855590836726,-51.86107564534297
95975,-29.001295330983915,-52.15693435165759
95980,-28.97116633349204,-52.00837681810101
95985,-28.676020661351306,-52.16658584747298
95990,-28.92855379754726,-52.1268260800552
95995,-28.87262510202068,-52.18035405223537
95997,-28.782636477555762,-52.17250213764217
96010,-31.772821756867117,-52.338397222589315
96015,-31.76518138550985,-52.33891274175743
96020,-31.75488889508914,-52.34185122496957
96025,-31.771472882739893,-52.35499123175025
96030,-31.76071564585375,-52.36967235088581
96040,-31.748357394626904,-52.37419520872518
96045,-31.748370396199995,-52.39268499681168
96050,-31.74036066388716,-52.39204357146978
96055,-31.73925251151253,-52.33584817470719
96060,-31.72715535858965,-52.329384170206005
96065,-31.719158176098404,-52.35141403970214
96070,-31.70131831037737,-52.34017183083272
96071,-31.701442647094503,-52.31311740530878
96072,-31.65144122439266,-52.332957976484465
96075,-31.77338257617298,-52.32439616462494
96076,-31.77062509181646,-52.31725987001624
96077,-31.758180621703502,-52.32184802928613
96080,-31.75145071204341,-52.32307755418665
96081,-31.739542470165603,-52.31664108423738
96083,-31.75877100721336,-52.27260991025875
96085,-31.74561942936694,-52.304218019158576
96087,-31.719631221766928,-52.30654491825843
96090,-31.76075107562472,-52.234397745700825
96095,-31.735321281017576,-52.21522259923712
96100,-33.52580018289036,-53.36455302895945
96115,-31.63880715441437,-52.41553423919472
96130,-31.69806067785534,-52.15608346812286
96145,-31.51223506094132,-52.43996165576453
96148,-31.41502908164312,-52.17193335432667
96150,-31.59257613318028,-52.62554248759219
96155,-31.441525370787435,-52.41824426181239
96160,-31.76374922556109,-52.44495832486519
96170,-31.36596799434511,-51.97567103600164
96178,-30.91163319674584,-51.50136749278612
96180,-30.853208110710554,-51.810715028507744
96190,-30.703620718753484,-52.108527479664794
96193,-30.748505077367355,-51.98051638997654
96195,-31.00121139548009,-52.04822209725953
96200,-32.03476130591867,-52.096777288766816
96201,-32.03963909898353,-52.084163991107175
96202,-32.046583151486345,-52.11028917006311
96203,-32.07383966558913,-52.15462681746953
96204,-32.141918768038785,-52.107808863103045
96205,-32.17935653184804,-52.16453006585538
96206,-32.17353607110809,-52.16229774927241
96207,-32.184834380178486,-52.156697710798255
96208,-32.18724235668163,-52.17155775063088
96209,-32.190904617354455,-52.18139648840214
96210,-32.20175227218283,-52.175642844145344
96211,-32.04026630648149,-52.114921262053095
96212,-32.05282516911798,-52.13944366688975
96213,-32.06303515497167,-52.16777458662853
96214,-32.07852577221554,-52.18147624877666
96215,-32.09688262750504,-52.182003757402825
96216,-32.106884360599665,-52.17264574974866
96217,-32.167261655737995,-52.18308106094055
96222,-32.07492017908405,-52.18403437891591
96223,-32.02579999999995,-52.19684999999998
96225,-32.01276058837695,-52.039765910306045
96230,-33.52212400519677,-53.36550099768601
96255,-33.69072898687349,-53.45658637904831
96270,-31.10654451925949,-50.91739179903759
96290,-31.28858964976547,-51.09270135288632
96300,-32.56251827614162,-53.37992756980514
96310,-32.02602648010322,-53.39283459793012
96330,-32.23654381598651,-53.08008776449959
96360,-31.86613630045037,-52.82019779100951
96395,-31.852044677499627,-52.81118617240184
96400,-31.327667669995538,-54.10638773029511
96402,-31.329664441352683,-54.12286676841712
96405,-31.3088478585183,-54.12978934806429
96407,-31.31159684221514,-54.117040575233744
96408,-31.309066691298266,-54.11097085818109
96410,-31.295172095454568,-54.13316767422157
96412,-31.31785568917627,-54.09172071633064
96413,-31.30330170405856,-54.07407261701218
96415,-31.33354959826493,-54.08938424368319
96418,-31.33776161447719,-54.07899222261217
96419,-31.335025726509983,-54.06422386731213
96420,-31.352186707723263,-54.09342039902362
96422,-31.358844698973098,-54.11261835796208
96425,-31.34102414318661,-54.12530149999996
96439,-31.66693999999996,-54.07082999999994
96445,-31.866739693625178,-54.16337672508485
96450,-30.980608483082026,-54.67295746155441
96460,-31.40670909447796,-53.87041117526997
96470,-31.578909600260808,-53.38005653691213
96487,-31.733150961607414,-53.584672465795705
96490,-31.443487942219807,-53.102461453693266
96495,-31.480296044062495,-53.68250046899345
96501,-30.035011978535174,-52.900512038834606
96503,-30.02259105601603,-52.91165125662864
96504,-30.00550902503089,-52.9188085287372
96505,-30.01068634649867,-52.90639405208251
96506,-30.041564668089517,-52.89711138032823
96508,-30.04650707996925,-52.8919033786238
96530,-29.729538830080365,-53.18056589881992
96535,-29.667091791322,-52.93610934855085
96540,-29.644802342027383,-53.24547090851914
96545,-29.74540036817149,-52.9519701056015
96550,-29.73716999999993,-52.95063999999997
96570,-30.51335902502565,-53.49004857444947
96590,-30.87350205280951,-53.11367820088664
96600,-31.39535322037676,-52.67740403434823
96610,-30.54429765222049,-52.523135605156384
96635,-30.874978045197935,-52.25556295855544
96640,-29.98278013789789,-52.37541060175063
96685,-29.747413820913028,-52.27533767811739
96690,-30.1927995304961,-52.37342494727864
96700,-29.961921579939883,-51.72135627981211
96735,-30.39213178928184,-51.73848144059716
96740,-30.09017358143718,-51.73124509630112
96745,-29.96080755654156,-51.62943832794564
96750,-30.1199424690834,-51.96364833908921
96755,-30.139528126508488,-52.0457065428991
96760,-30.674103177212466,-51.39664080007839
96765,-30.61492804456023,-51.5802252365372
96770,-30.59565020880816,-51.750732356312774
96790,-30.297599838004626,-51.30494575910833
96810,-29.71721415572324,-52.429845658806165
96814,-29.713965177343656,-52.445063628923904
96815,-29.702114533769212,-52.43931764751301
96816,-29.69294257160919,-52.44315575561885
96817,-29.68819999999993,-52.44850999999994
96820,-29.70479246276964,-52.42779020041296
96821,-29.67934776858421,-52.40904984825947
96822,-29.67965873284724,-52.39955408061557
96823,-29.69353447664457,-52.41315875271706
96824,-29.70187536061,-52.4032311080202
96825,-29.716594442448084,-52.41868271514571
96830,-29.736744259578053,-52.41781875123797
96832,-29.749753058162334,-52.40939249004652
96835,-29.74999260075944,-52.4222865
96836,-29.762518826918352,-52.415595579921856
96840,-29.73858680813502,-52.431043191503235
96842,-29.765538622951425,-52.43989389766459
96843,-29.7370895391067,-52.44191191398476
96845,-29.725151992766143,-52.44302161335059
96859,-29.63334025597507,-52.389486761273076
96875,-29.26974106322729,-52.578317570734434
96878,-29.60532006443098,-52.68640876751034
96880,-29.71652124867889,-52.5037944795553
96888,-29.45393522666306,-52.64930024342031
96890,-29.535272715053043,-52.51999524277967
96900,-29.416559502978032,-53.026568083172265
96908,-29.44572961895218,-52.96538698649485
96910,-29.342517552888246,-52.977502156733244
96920,-29.4966075544381,-53.035896529733265
96925,-29.42203558409188,-53.13054037245672
96930,-29.669722717903507,-52.78895190637306
96950,-29.336617104584946,-53.08988325422382
96990,-29.176506607653764,-53.1590805
97010,-29.684230993623355,-53.81325546364473
97015,-29.69245611434592,-53.812644909783856
97020,-29.69268572050846,-53.82769035326459
97021,-29.696123999999948,-53.83108686886956
97030,-29.700177496249086,-53.85699135878143
97032,-29.69833272126471,-53.87451487234883
97035,-29.69361680095317,-53.84831050583021
97037,-29.68514652178431,-53.8571424970858
97040,-29.673977773241404,-53.82938393614169
97043,-29.673860938892723,-53.81739074639332
97045,-29.674861719470087,-53.80339541038433
97050,-29.689541169827116,-53.798252845966275
97060,-29.700585471090307,-53.80354841931512
97065,-29.719245592768065,-53.80385103120675
97070,-29.71351482066397,-53.81816735010605
97090,-29.680250584895315,-53.79099677185642
97095,-29.69596278418156,-53.767630795732835
97105,-29.70604343880077,-53.71841117904355
97110,-29.699831996393318,-53.73455666345846
97180,-29.70694237861197,-54.20516957793042
97185,-29.59207536605805,-53.76790737602468
97190,-29.539005492432135,-53.854619204560336
97195,-29.645473513045985,-53.58407047622724
97200,-29.817912260832202,-53.37344905969489
97210,-29.999585321071756,-53.5009367059474
97220,-29.57510988598649,-53.4447610897943
97230,-29.61539010939332,-53.444046495456575
97250,-29.470917945762224,-53.47111158765036
97280,-29.623744334615267,-53.35461884464024
97300,-30.337958336869903,-54.3221366182972
97306,-30.354835800932708,-54.334165528263384
97310,-30.334224798485316,-54.33511778216863
97313,-30.32777238230978,-54.326147808789884
97314,-30.320922860785892,-54.312878790565335
97335,-30.385748999999947,-54.07665199999997
97340,-30.167240490853924,-53.567993756887006
97385,-30.341890824023753,-53.88236477528427
97390,-30.81055996682582,-53.90072530178445
97400,-29.617572548889076,-54.180864743111314
97410,-29.56390603105489,-54.456622768463205
97418,-29.46761071150422,-54.2284666942864
97420,-29.692549303645936,-54.675457403009176
97450,-29.883305737824724,-54.82736594956948
97500,-29.771390619124674,-57.0878250953258
97501,-29.756177880075178,-57.089204552102494
97502,-29.763868826147995,-57.07939023377086
97503,-29.775457051519,-57.09697278484502
97504,-29.780575884753382,-57.09434821083618
97507,-29.77574578484129,-57.07593683360271
97508,-29.788462527628266,-57.08943799172175
97509,-29.7928662308012,-57.06104141831769
97510,-29.76233644461784,-57.08521196614581
97511,-29.765076244260506,-57.0609401080804
97513,-29.76694279276162,-57.05374007797656
97538,-30.208501711996696,-57.55011314273148
97541,-29.78085788699379,-55.79058048057533
97542,-29.78525175427053,-55.79441037430913
97543,-29.79786023204276,-55.80048244536645
97544,-29.79163545135774,-55.80714661494222
97545,-29.80506493742408,-55.8054670766212
97546,-29.789747768382643,-55.77016291149274
97547,-29.800471022017227,-55.75375818383771
97560,-30.38351133089227,-56.45088600174593
97571,-30.859568315208943,-55.54738268585502
97572,-30.872505002672668,-55.53610287971124
97573,-30.88848806184031,-55.53671767021751
97574,-30.895174631191765,-55.52547506738569
97575,-30.895017380842784,-55.496434078886054
97576,-30.889864764104786,-55.51238346567979
97577,-30.87609325478037,-55.50865089590052
97578,-30.869068927200285,-55.49310873811589
97590,-30.255730464606362,-54.91925619358959
97610,-29.55278013216831,-55.12731649999997
97640,-29.588996346637025,-55.48288488932502
97645,-29.148169999999936,-56.06513283939616
97650,-29.131274828947745,-56.55281912605614
97670,-28.65784549939625,-56.0039142486872
97685,-28.797354367199112,-55.234855396188465
97690,-28.185559646953863,-55.63986294958386
97700,-29.18916201484226,-54.86750585634151
97753,-28.941134868591824,-54.55562625
97755,-29.047181909512084,-55.15361831069575
97760,-29.4965534286468,-54.691372328976456
97770,-29.40959645171018,-54.82812856593894
97800,-28.40802144822714,-54.95972786122887
97843,-28.262630999999946,-54.82837249999996
97845,-28.225360628493707,-55.05035838200403
97850,-28.730211784455403,-54.90750328761551
97870,-28.507707318866743,-55.22620569546957
97880,-28.185004156116662,-55.26238335711027
97885,-28.046407573201524,-55.199523165508914
97900,-28.14710059852347,-54.73736628718976
97920,-28.124449753659484,-54.892672139651026
97930,-28.289871119388845,-54.63981266975327
97935,-28.254834316373994,-54.618315224438405
97940,-28.11946007604101,-54.84325503567083
97950,-28.14406611620576,-54.55879528861949
97960,-28.12866725720165,-54.45910180238341
97970,-28.131542011148746,-55.026079826154856
97980,-28.02301215092707,-54.93462928375988
98005,-28.6431204948146,-53.60649968118945
98010,-28.64902873732472,-53.616872043630565
98015,-28.63622492244721,-53.62058904351083
98020,-28.623663886169858,-53.61203800484182
98025,-28.634615400084158,-53.60492156835674
98030,-28.63328378341312,-53.586201302397846
98035,-28.645273222411767,-53.586292403035884
98040,-28.650695684098242,-53.58915981232573
98045,-28.675202616575966,-53.61037990600738
98050,-28.65443385630728,-53.599775596555965
98118,-28.577839633990365,-53.81402249349541
98120,-28.818713020919688,-53.38567371109646
98125,-28.795651917394665,-53.22828703060216
98130,-29.2312931341884,-53.68199676167593
98140,-29.35199961226985,-54.07576175217175
98150,-29.33707310287652,-53.341410692743146
98160,-29.520498712729548,-53.5778998785527
98170,-29.080947718308803,-53.83784064605848
98175,-29.289423550575545,-54.21910895928057
98180,-28.64720692992548,-54.11788952601503
98200,-28.63083023402565,-53.09491216721494
98230,-28.742255432698474,-53.09600009123565
98240,-28.366891873685063,-53.24963650974671
98250,-28.396993939867,-53.09353400019707
98270,-28.418899622655466,-53.65441661840676
98280,-28.291591553087763,-53.502059145362345
98290,-28.208577927954057,-53.48512761737214
98300,-27.898662904724787,-53.31108490756103
98320,-27.691993461983227,-53.179028174392094
98325,-27.783641459477728,-53.123393925717636
98330,-27.702307960429305,-53.13565450295445
98335,-27.66083858651517,-53.31637999999998
98338,-27.908099999999934,-53.11508894086902
98340,-27.60842237011076,-53.166522358963974
98345,-27.51405575413958,-53.214864767510576
98350,-27.633528327995503,-53.279607772451044
98360,-27.473918953261474,-53.16966180586054
98368,-27.455127429241585,-53.24612113750633
98370,-27.56356065018498,-53.18418428923387
98380,-27.481831247885804,-53.40271586523764
98385,-27.659391082488867,-53.53105093705784
98390,-27.54936843926504,-53.50732242537156
98400,-27.357041802313567,-53.39675561404827
98410,-27.39886940046416,-53.46647374797867
98415,-27.36954075715159,-53.49206115811441
98430,-27.35462945567883,-53.55792020456775
98435,-27.211367551401466,-53.61574529060448
98440,-27.2746167025649,-53.431673941344826
98450,-27.162067688292126,-53.40849591864823
98460,-27.194872457402184,-53.254448148744004
98465,-27.36568604694506,-53.18062192642539
98470,-27.332740697268235,-53.058811851058344
98480,-27.250125096327622,-53.035980846827954
98500,-27.370439356628424,-53.7556887904357
98528,-27.26496179953064,-53.86312114428276
98530,-27.192266682639136,-53.70938445385223
98535,-27.289016304153225,-53.702026858138005
98540,-27.49016715852825,-53.68511801362351
98550,-27.660680749967284,-53.64036976544469
98560,-27.616300279139697,-53.73999848539435
98570,-27.676165777340586,-53.80724559508829
98575,-27.552325142360154,-53.86440836633362
98580,-27.717375469203954,-53.70838829061175
98590,-27.851727944782898,-53.77814447902004
98595,-27.7866207529919,-53.93622105017948
98600,-27.45577089252067,-53.93270173530108
98620,-27.4340091145216,-53.96116798493659
98635,-27.3538738248737,-53.9960914603903
98640,-27.49791281578934,-54.09975769433542
98670,-27.565175490309535,-53.969990741133756
98675,-27.634957995563354,-53.949457380289985
98680,-27.393512093654984,-54.086025605685116
98690,-27.708803331058498,-53.963520619987854
98700,-28.38881031932184,-53.91661702538033
98733,-28.36610818685505,-53.77085310775798
98735,-28.384339288509224,-54.07265910161665
98740,-28.514763513756314,-53.99387136440656
98750,-28.23965732390182,-53.76845117349532
98758,-28.09999999999997,-53.70057349999996
98760,-27.91843934813459,-53.94126958653297
98765,-27.88154495572677,-54.01881986080809
98770,-28.25120333614702,-54.013761412962744
98780,-27.866912725201395,-54.47717628047401
98781,-27.85905847390172,-54.488179127701756
98785,-27.8504457535618,-54.47419617611154
98787,-27.86025059044737,-54.45751098959707
98789,-27.864936,-54.43555742047848
98790,-27.852620140897617,-54.4377917742238
98792,-27.87976540136284,-54.472589130628684
98794,-27.880575487001416,-54.48245621403997
98796,-27.874669049771,-54.49719670215968
98801,-28.304610172610392,-54.26350495310216
98802,-28.29283996307021,-54.26962893112974
98803,-28.290393187778584,-54.26201994327688
98804,-28.315908438355,-54.25882443168005
98805,-28.298872239332297,-54.2452305511499
98807,-28.299804134773005,-54.2431321053053
98825,-28.29677952743852,-54.39350272277933
98850,-28.34794140726744,-54.5018879404455
98855,-28.362980792579823,-54.271867571337744
98860,-28.526970557596936,-54.14538316292965
98865,-28.546942772349396,-54.551306957797394
98870,-28.02928885307532,-54.35082158164197
98895,-28.025807931579624,-54.544127914674185
98898,-28.04483152138551,-54.68043634240696
98900,-27.866006091626502,-54.47446595890798
98905,-27.80479870592532,-54.04393135674883
98910,-27.777156219465542,-54.23589933698606
98915,-27.85302788835229,-54.18968428253091
98918,-27.66933031236695,-54.11023199474425
98919,-27.60859690386014,-54.107458650667
98920,-27.62725165781429,-54.31036613922779
98925,-27.50600002588925,-54.36312648356686
98930,-27.657806901227225,-54.43981272407491
98940,-27.757863724181938,-54.48164549369119
98947,-27.57295254712968,-54.67068888211963
98950,-27.657391214259675,-54.76667001034198
98955,-27.575720970598525,-54.502630782135014
98958,-27.726140759559115,-54.12735888843683
98960,-27.82503742285204,-54.66432458705472
98970,-27.95016098824252,-54.753199089096896
98975,-27.99106023427042,-54.8406330292224
98980,-27.855289064280587,-55.01677712179061
98985,-27.7357227460056,-54.90024696958419
98995,-27.906839738081306,-55.138574820524
99001,-28.234745466266723,-52.42358157135318
99010,-28.25991892231756,-52.40750659785006
99020,-28.249885587516246,-52.41074017247069
99022,-28.24374193533457,-52.41651670906907
99025,-28.26445831773918,-52.42443829534555
99030,-28.263846091518978,-52.43651245936252
99032,-28.261314440516035,-52.44268068751456
99034,-28.27233970966381,-52.4486437755084
99036,-28.282884500925007,-52.43378183304134
99040,-28.25061567025468,-52.42606739771481
99042,-28.243077755233102,-52.43838957269712
99043,-28.226596432935995,-52.46750482654652
99050,-28.243497592991368,-52.38705283117593
99051,-28.24518747553086,-52.380053905599084
99052,-28.233076574700092,-52.37069005247395
99054,-28.26059407112912,-52.37760123660762
99060,-28.276252933191227,-52.3744093648364
99062,-28.27871570820249,-52.38548841191697
99064,-28.28617054411711,-52.36560083692397
99066,-28.27681529519744,-52.3969936312002
99070,-28.26412813276572,-52.39206118727344
99072,-28.27069455672832,-52.40650162843675
99074,-28.272524476040207,-52.39718328297328
99140,-28.49988854481038,-52.56898392066819
99145,-28.126154219979085,-52.297607380223035
99150,-28.446974310537662,-52.200769415748
99155,-28.535830922454537,-52.154672260708594
99160,-28.325377655257427,-52.0420476761972
99165,-28.587119766712036,-52.20372140503524
99170,-27.98563737576463,-52.258341075638015
99175,-28.533631677740416,-52.45706085410741
99180,-28.27855427986065,-52.19087054654972
99190,-28.06178503192524,-52.67794826806638
99200,-28.84819337232786,-51.891284428635885
99215,-28.75351350794273,-52.01493204353244
99220,-28.9834927427121,-51.83665500495758
99240,-29.0491533595207,-51.7641020380296
99250,-28.71239235920853,-51.93327357358769
99255,-28.65383758295945,-52.07641933328173
99260,-28.56507621955244,-51.97628767885351
99265,-28.497683999999943,-52.02682817832045
99270,-28.531905087349504,-51.8893920051863
99290,-28.47610123140897,-51.84401725384902
99300,-28.829369431318007,-52.510265021502576
99315,-28.692172554695947,-52.69251440058456
99320,-28.623755479350923,-52.51280225054351
99330,-29.10371515500136,-52.95768863090948
99340,-29.22650714854156,-52.77349827525939
99345,-28.57856918765325,-52.59848154559386
99350,-28.5605783323028,-52.74775357075463
99360,-29.092039335283836,-52.585410975726234
99370,-28.98397076035064,-52.34627548133922
99380,-29.045657637282048,-52.29380224867903
99400,-28.727971410529406,-52.84479361718935
99430,-28.77644316100997,-52.989777374958
99435,-28.88588627024407,-52.9994106891526
99440,-29.09018066277776,-53.213379761941155
99450,-28.63039533229535,-52.952845885775815
99457,-29.036956342619277,-53.038492981072
99460,-28.52500620249828,-52.99409718910597
99470,-28.46101958611633,-52.819468542882134
99490,-28.627303345296482,-52.86985945815832
99495,-28.567049922213112,-52.85781210317178
99500,-28.288710481076787,-52.79146350624379
99523,-28.11409683857808,-52.91370999999998
99525,-28.395519060565086,-52.69293865706945
99528,-28.118396469573,-52.78288464369865
99530,-28.059061078276383,-53.06575906442232
99560,-27.940608837639545,-52.92391601725571
99580,-27.99510463638415,-52.980466256468475
99585,-27.92387389716889,-53.042812607763885
99590,-27.83020161831602,-52.90848802504436
99600,-27.36838514338261,-52.77325002891834
99605,-27.44405180581244,-52.91758367517661
99610,-27.304967891544614,-52.84197539853551
99615,-27.52374990825677,-52.89832950268156
99640,-27.55917399646402,-52.52465622108632
99645,-27.530576400545613,-52.73236401435223
99650,-27.51627086664598,-52.59295129808063
99655,-27.421906378784303,-52.67445154446519
99660,-27.71790132305275,-52.62495378741508
99665,-27.665797813162737,-52.64943565931165
99670,-27.781800579764354,-52.806685980845
99675,-27.61303787785672,-52.84463458493275
99680,-27.73269103796109,-52.99598082703761
99687,-27.748040967926418,-53.06178358928094
99690,-27.600135790242014,-53.07504243983553
99700,-27.63590215543304,-52.27299099123919
99701,-27.627142234371274,-52.25970580292505
99702,-27.625543082447056,-52.24665486248478
99704,-27.641166071160715,-52.25714688842404
99705,-27.64311049624909,-52.235873497085805
99706,-27.648388445467106,-52.2496704970858
99708,-27.65765730152971,-52.259480649321446
99709,-27.649178589212376,-52.27053351831596
99711,-27.638946353616504,-52.28780564798396
99712,-27.638991,-52.31158141887263
99713,-27.64112203797027,-52.297343909353806
99714,-27.65382137454998,-52.29553439539332
99718,-27.702625466889202,-52.42169540348933
99720,-27.823250988218515,-52.44255386631702
99725,-27.49971878605451,-52.1517738568223
99730,-27.729372911015968,-52.537491045681705
99735,-27.657646601613727,-52.490183714378716
99740,-27.621763995850888,-52.37536233045471
99750,-27.392248363511733,-52.56854321492685
99760,-27.38561837252433,-52.455352697638006
99770,-27.39384381820096,-52.30090155777151
99790,-27.35417595349777,-52.14591167355646
99795,-27.40990226612165,-52.41329960243917
99800,-27.462613342399305,-51.90841992908602
99810,-27.431709250114622,-52.11659263928934
99820,-27.57081044156393,-52.020909400394906
99825,-27.71592351486283,-51.91482198078577
99830,-27.58699461282269,-52.091992390750704
99835,-27.69663438368337,-52.05386087513431
99838,-27.76579257026367,-52.00371874091365
99839,-27.58695046405568,-52.09247811359098
99840,-27.950215886994506,-51.809302093508805
99850,-27.709251661119964,-51.76404090597395
99855,-27.816916884318527,-51.82875535576024
99860,-27.770707873204245,-51.65960645807619
99870,-27.772745410419983,-51.59559120658703
99878,-27.922620167073234,-51.538729248654676
99880,-27.567702497641726,-51.66817612776451
99890,-27.632614147089203,-51.803499166915515
99895,-27.935057999999948,-51.66425149999996
99900,-27.88602153903001,-52.227659116386775
99910,-27.860290202433493,-52.08458247159424
99920,-27.85498305448089,-52.30027091929299
99925,-27.936576233237286,-52.42685587786519
99930,-27.914503699680505,-52.25834522020385
99940,-28.057349704172363,-51.85682112039228
99950,-28.069411904249154,-52.01217136627312
99952,-28.171198820244165,-51.908568573482015
99955,-28.10758843069072,-52.145536280652834
99960,-27.953797243257792,-52.02964105736787
99965,-28.179541888501852,-52.03555069608984
99970,-28.343257343892773,-51.87546979413501
99980,-28.38834194240552,-51.84687132274168
99990,-28.329594975628552,-51.76936175492407
