seller_id,orders,eligible,late_rate,review_score,processing_days,shipping_days,segment
0015a82c2db000af6aaaf3ae2ecb0532,3,3,0.0,3.6666666666666665,2.8043518518518518,7.433294753086419,Insufficient eligible orders
001cca7ae9ae17fb1caed9dfb1094831,200,195,0.06153846153846154,3.95,2.1869147079772078,10.807804546533713,High Volume / Reliable
001e6ad469a905060d959994f1b41e4f,1,0,,1.0,,,Insufficient eligible orders
002100f778ceb8431b7a1020ff7ab48f,51,50,0.18,3.9019607843137254,3.470041435185185,11.975597916666665,High Volume / Problematic
003554e2dce176b5555353e4f3555ac8,1,1,0.0,5.0,0.5236226851851852,4.110243055555555,Insufficient eligible orders
004c9cd9d87a3c30c522c48c4fc07416,158,156,0.0641025641025641,4.082278481012659,1.3861875746714456,13.04558567782526,High Volume / Reliable
00720abe85ba0859807595bbf045a33b,13,13,0.15384615384615385,3.6153846153846154,3.417318376068376,8.122705662393162,Insufficient eligible orders
00ab3eff1b5192e5f1a63bcecfee11c8,1,1,0.0,5.0,3.898761574074074,5.153726851851852,Insufficient eligible orders
00d8b143d12632bad99c0ad66ad52825,1,1,0.0,5.0,1.6170833333333334,5.6074421296296295,Insufficient eligible orders
00ee68308b45bc5e2660cd833c3f81cc,135,135,0.07407407407407407,4.303703703703704,1.66790900997151,7.667652091906722,High Volume / Problematic
00fc707aaaad2d31347cf883cd2dfe10,103,103,0.038834951456310676,4.048543689320389,2.324967525170802,12.38138349514563,High Volume / Reliable
010543a62bd80aa422851e79a3bc7540,2,2,0.0,4.5,2.8833506944444443,5.701012731481482,Insufficient eligible orders
010da0602d7774602cd1b3f5fb7b709e,1,1,0.0,1.0,20.720659722222223,4.394710648148148,Insufficient eligible orders
011b0eaba87386a2ae96a7d32bb531d1,1,1,0.0,4.0,14.547708333333333,9.798483796296296,Insufficient eligible orders
01266d4c46afa519678d16a8b683d325,3,3,0.0,5.0,0.6334375,4.860243055555556,Insufficient eligible orders
013900e863eace745d3ec7614cab5b1a,23,23,0.0,4.695652173913044,3.2125095611916263,8.855460446859905,High Volume / Reliable
014c0679dd340a0e338872e7ec85666a,14,14,0.14285714285714285,3.857142857142857,5.432850529100529,14.105489417989418,Insufficient eligible orders
014d9a685fd57276679edd00e07089e5,11,11,0.0,3.727272727272727,2.087912457912458,6.842073863636363,Insufficient eligible orders
0176f73cc1195f367f7b32db1e5b3aa8,38,37,0.10810810810810811,4.078947368421052,1.8266473765432099,11.105063813813814,High Volume / Problematic
01bcc9d254a0143f0ce9791b960b2a47,11,10,0.0,4.090909090909091,1.1218761574074074,11.127070601851852,Insufficient eligible orders
01c97ebb5cdac52891c0ed1c37ba0012,9,9,0.0,4.222222222222222,0.9729488168724281,12.608106995884775,Insufficient eligible orders
01cf7e3d21494c41fb86034f2e714fa1,61,59,0.05084745762711865,4.163934426229508,2.356133660600255,9.04330724262398,High Volume / Reliable
01ed254b9ff8407dfb9d99ba1e17d923,5,5,0.0,5.0,1.0162175925925925,5.06249537037037,Insufficient eligible orders
01fd077212124329bac32490e8ef80d9,31,31,0.03225806451612903,4.161290322580645,1.0461081242532855,6.664935409199522,High Volume / Reliable
01fdefa7697d26ad920e9e0346d4bd1b,129,128,0.0546875,4.3565891472868215,1.447665135608049,8.927665834780093,High Volume / Reliable
0241d4d5d36f10f80c644447315af0bd,238,238,0.046218487394957986,4.348739495798319,1.7539708015418853,8.857080610021788,High Volume / Reliable
0249d282d911d23cb8b869ab49c99f53,11,11,0.18181818181818182,4.2727272727272725,4.180089436026936,5.755651304713805,Insufficient eligible orders
024b564ae893ce8e9bfa02c10a401ece,2,2,0.0,4.5,7.591273148148148,6.948171296296296,Insufficient eligible orders
028872bfa080090a9d0abd4f1af168f8,1,1,0.0,5.0,4.328159722222222,12.143090277777778,Insufficient eligible orders
02a2272692e13558373c66db98f05e2e,2,0,,3.0,,,Insufficient eligible orders
02b72cdeb9cfcc429f1af6f4e3f3b737,4,4,0.0,4.75,0.8337123842592593,10.947236689814815,Insufficient eligible orders
02c988090b766852e088c69d7fb3b551,13,12,0.0,4.461538461538462,1.728181818181818,7.633433641975309,Insufficient eligible orders
02d35243ea2e497335cd0f076b45675d,14,14,0.2857142857142857,2.642857142857143,9.840639054232804,15.867404927248677,Insufficient eligible orders
02dcd3e8e25bee036e32512bcf175493,14,13,0.3076923076923077,3.857142857142857,3.397654914529914,12.876326566951567,Insufficient eligible orders
02ecc2a19303f05e59ce133fd923fff7,21,21,0.0,4.619047619047619,3.208398368606702,7.189799933862433,High Volume / Reliable
02f5837340d7eb4f653d676c7256523a,30,30,0.03333333333333333,4.833333333333333,2.2417202932098763,7.0807318672839505,High Volume / Reliable
02f623a8eb246f3c5f7c2f96462654e6,44,44,0.06818181818181818,4.568181818181818,0.8047197420634921,7.315465856481481,High Volume / Problematic
0307f7565ff85b299b6e5ef162b1b1a9,7,6,0.0,3.142857142857143,6.805661651234568,8.301033950617283,Insufficient eligible orders
0336182e1b3e92f029d5354832045fdf,1,1,0.0,2.0,8.85212962962963,3.341099537037037,Insufficient eligible orders
034b9387752bfa309f350a70cd45ffa3,8,8,0.0,4.5,1.5124363425925926,6.269021990740741,Insufficient eligible orders
038b75b729c8a9a04b0d07cba7eabe86,2,2,0.5,3.5,1.6829166666666666,17.715804398148148,Insufficient eligible orders
039b29ff3b3473435d0cd59040575de9,9,9,0.0,4.444444444444445,3.9871823559670787,4.984906121399177,Insufficient eligible orders
039e6ad9dae79614493083e241147386,5,5,0.2,4.0,3.6403680555555553,10.484423611111112,Insufficient eligible orders
03a2a6dcbe45d639c4dc2a0d24769c40,9,9,0.1111111111111111,4.111111111111111,1.6671000514403294,8.484156378600822,Insufficient eligible orders
03bd479e1d9484cdb14104d3023f7321,3,3,0.0,4.333333333333333,4.943406635802469,15.184633487654322,Insufficient eligible orders
0417b067eeab773d2f7061a726dc477f,13,13,0.23076923076923078,3.923076923076923,1.3102012108262109,15.760128205128204,Insufficient eligible orders
042573af89b6d931f672efaf789d8358,3,3,0.3333333333333333,3.6666666666666665,1.9013618827160494,17.834344135802468,Insufficient eligible orders
04308b1ee57b6625f47df1d56f00eedf,94,92,0.07608695652173914,3.882978723404255,5.867795202482703,12.535493911030596,High Volume / Problematic
0432ead42b6c8a0bdf68154add917fdf,85,82,0.024390243902439025,4.458823529411765,1.2988900180668475,7.248417598238482,High Volume / Reliable
044668ccd5316b12a7cf0d54a156e3e9,3,3,0.0,5.0,1.2681057098765434,6.564128086419752,Insufficient eligible orders
04843805947f0fc584fc1969b6e50fe7,1,1,0.0,5.0,8.85806712962963,6.168483796296297,Insufficient eligible orders
048c2757535328e0d7dac690ad3c0aae,51,50,0.12,4.117647058823529,2.421369675925926,15.627766203703704,High Volume / Problematic
04aa0a1c5ce6b222003403a3e11c3cc0,11,11,0.18181818181818182,4.090909090909091,3.847690446127946,13.195234638047138,Insufficient eligible orders
04aba03279157f6d4e0fe8ccaf21963c,16,15,0.06666666666666667,4.3125,3.2468032407407406,7.995207561728394,Insufficient eligible orders
04e38a233f726ef161074ab1c9b0399a,23,19,0.05263157894736842,3.652173913043478,5.066818347953216,6.353904117933723,Insufficient eligible orders
04ee0ec01589969663ba5967c0e0bdc0,1,1,0.0,5.0,0.15709490740740742,2.8954282407407406,Insufficient eligible orders
04fdea0c111866e6cf812f1570d6b5bd,10,8,0.125,3.2,4.72248119212963,13.097241030092592,Insufficient eligible orders
0509040ea3fe50071181bbc359eb7738,89,87,0.04597701149425287,4.49438202247191,1.799722222222222,9.4426455406556,High Volume / Reliable
052577151711aec5c744fe12e66db3e1,4,1,0.0,2.25,6.088206018518519,7.923703703703704,Insufficient eligible orders
054694fa03fe82cec4b7551487331d74,21,20,0.3,3.4761904761904763,9.458726273148148,20.38290740740741,High Volume / Problematic
056b4ada5bbc2c50cc7842547dda6b51,65,64,0.109375,4.123076923076923,1.8073470704310868,10.692004304108796,High Volume / Problematic
0570350b23eda5444f8d1d9544932058,6,6,0.0,5.0,1.3243557098765433,3.6844502314814815,Insufficient eligible orders
05730013efda596306417c3b09302475,4,4,0.0,5.0,2.5062528935185187,6.412057291666667,Insufficient eligible orders
058cb5aeb36d7c0fcae20fc85d5e0a59,12,11,0.09090909090909091,3.5833333333333335,2.99434132996633,6.423652146464646,Insufficient eligible orders
058fd0aa2bfdb2274e05e1ae971dabb6,61,60,0.06666666666666667,4.377049180327869,1.5898938716258633,8.262659336419754,High Volume / Reliable
05a48cc8859962767935ab9087417fbb,1,1,0.0,5.0,5.7977083333333335,5.43806712962963,Insufficient eligible orders
05a940b4ecae36cadfd8e93bd9c43257,10,9,0.0,3.9,3.4087397119341563,10.59411651234568,Insufficient eligible orders
05aebce0b5c8f0d41b29b686f2d05fd3,2,2,0.0,5.0,1.4832118055555557,2.5327777777777776,Insufficient eligible orders
05ca864204d09595ae591b93ea9cf93d,1,1,0.0,5.0,3.3971064814814813,1.0097337962962962,Insufficient eligible orders
05d2173d43ea568aa0540eba70d2ca76,62,62,0.04838709677419355,4.080645161290323,2.0103815710872164,12.362079413082437,High Volume / Reliable
05e107217c7266362fd44b75b2cd4cc4,5,5,0.2,4.2,1.7505092592592593,5.909694444444445,Insufficient eligible orders
05f51e13da97139648b8125c31e5f51b,60,57,0.15789473684210525,4.066666666666666,4.991830531189084,7.338907366796621,High Volume / Problematic
05feb94f19d094d4b0f9281f0b1d4c99,6,6,0.0,4.5,1.3713213734567902,13.828402777777777,Insufficient eligible orders
05ff92fedb5be47920fea08e501238b9,59,57,0.03508771929824561,4.237288135593221,2.345386078042328,9.646744436322287,High Volume / Reliable
062c325cd6a2b87845fab56b4ec2eeae,2,2,0.0,5.0,1.6719212962962962,3.6803877314814817,Insufficient eligible orders
062ce95fa2ad4dfaedfc79260130565f,55,54,0.037037037037037035,4.036363636363636,5.317920096021948,7.739030564128944,High Volume / Reliable
06532f10282704ef4c69168b914b77be,8,7,0.0,4.25,2.5811673280423277,13.729575066137567,Insufficient eligible orders
06579cb253ecd5a3a12a9e6eb6bf8f47,62,61,0.06557377049180328,4.080645161290323,1.8781377125075895,7.733866879174256,High Volume / Reliable
066a6914e1ebf3ea95a216c73a986b91,68,66,0.030303030303030304,4.044117647058823,3.056768202861953,10.203633547008549,High Volume / Reliable
0691148aee60ca47977c187804f935ae,47,47,0.02127659574468085,4.170212765957447,2.2356707930756845,9.386909229708433,High Volume / Reliable
0692610d8abe24f287e9fae90ea0bbee,4,4,0.25,4.0,4.496623263888889,1.9158072916666669,Insufficient eligible orders
06a2c3af7b3aee5d69171b0e14f0ee87,392,389,0.19023136246786632,3.9693877551020407,4.664792542542543,12.894393417356946,High Volume / Problematic
06bb3a2fe5e7b7a845b13e8fb91bd944,17,17,0.0,4.588235294117647,1.0893967013888888,7.450955882352941,Insufficient eligible orders
06df0c10d34e459d9672bc77388742eb,26,26,0.038461538461538464,4.346153846153846,1.0982509793447295,8.843422809829061,High Volume / Reliable
06e5eefc71ec47ae763c5c6f8db7064f,92,90,0.0,3.891304347826087,1.9963321759259258,8.684239102163962,High Volume / Reliable
07017df32dc5f2f1d2801e579548d620,8,8,0.0,4.0,1.5765075231481482,7.992388599537037,Insufficient eligible orders
070d165398b553f3b4b851c216b8a358,32,31,0.12903225806451613,3.25,3.7018820937873356,7.918212365591398,High Volume / Problematic
0725b8c0f3f906e58f70cbe76b7c748c,17,16,0.25,3.411764705882353,4.861585648148148,7.447586805555556,Insufficient eligible orders
0743a0239d764b9a0f959a57d07e36ab,4,4,0.0,4.75,1.7090277777777776,3.625078125,Insufficient eligible orders
0747d5bb69f0586cc869d8af4c50f93e,14,12,0.08333333333333333,3.357142857142857,5.122184606481482,8.529575617283951,Insufficient eligible orders
0761743cbffb25d7148189e9f1a5f03a,3,3,0.0,4.666666666666667,2.71579475308642,9.835150462962963,Insufficient eligible orders
077c5fae4bea9500e3737b16f71b9d3a,4,4,0.0,4.5,4.179027777777778,3.8054918981481483,Insufficient eligible orders
0791d9fc1e30678ecf03d3e55fa108d3,5,5,0.0,4.0,1.471949074074074,6.021238425925926,Insufficient eligible orders
079d295dcbf06ee8bb1b65ba964eb2b6,5,5,0.0,4.6,0.6819976851851852,7.100358796296296,Insufficient eligible orders
07a9bc7f61396b658ddf3ac534efe44c,1,1,0.0,3.0,1.1167013888888888,4.870763888888889,Insufficient eligible orders
07bf9669d84d1f11be443a9dd938f698,18,18,0.0,3.7222222222222223,1.4580606995884773,6.521678240740741,Insufficient eligible orders
07d75e33f2750d97d467fb57e4dfdd8a,2,2,0.0,2.5,4.983449074074074,5.904357638888889,Insufficient eligible orders
07de60b03d150fb3ea09eab5da5e4c8b,9,9,0.1111111111111111,4.333333333333333,1.1654565329218107,12.175497685185185,Insufficient eligible orders
07e8e8fc5222bb358e6f259da3197074,2,2,0.0,4.0,4.0343634259259264,4.579450231481482,Insufficient eligible orders
080102cd0a76b09e0dcf55fcacc60e05,124,122,0.040983606557377046,4.475806451612903,1.1467271853421217,8.338575724802672,High Volume / Reliable
080199a181c46c657dc5aa235411be3b,79,79,0.012658227848101266,4.620253164556962,2.0793055555555555,5.807814258087201,High Volume / Reliable
08061dc0fc165ed41288cc7acde738ee,4,4,0.25,4.5,7.404311342592592,11.42568576388889,Insufficient eligible orders
08084d990eb3f53af056ccbc1730c8a7,12,12,0.0,4.166666666666667,3.420450424382716,4.937111304012346,Insufficient eligible orders
081acf3de680d554796c9cf041be7bc2,4,4,0.25,3.25,4.0546643518518515,11.198967013888888,Insufficient eligible orders
082e0bf4cb865a6533b1e8e498cc0255,11,11,0.18181818181818182,3.272727272727273,1.40958648989899,12.307915614478112,Insufficient eligible orders
085f6f7e049c996695fb2074fe38d45e,6,6,0.0,4.0,2.984297839506173,7.404540895061729,Insufficient eligible orders
08633c14ef2db992c11f840f04fad4cd,74,74,0.05405405405405406,4.364864864864865,1.1352016497130932,8.42476930055055,High Volume / Reliable
0873d9f8f36123f8d910f4760e788cfb,6,6,0.3333333333333333,3.1666666666666665,5.2898398919753085,7.667127700617283,Insufficient eligible orders
0885aaf116795758dfeb5f1032487bcd,28,27,0.0,4.214285714285714,0.9047521219135802,4.828919324417009,High Volume / Reliable
0887a9f087bcd5d9f6642b52f897fc6c,12,12,0.08333333333333333,4.416666666666667,1.1498881172839506,12.84707561728395,Insufficient eligible orders
08ad4ac1388e4420ca531c3edfc46198,6,6,0.0,2.8333333333333335,2.042226851851852,3.962771990740741,Insufficient eligible orders
08cdbae123ff67ca4e36d9d641ce0119,4,4,0.5,3.25,10.167352430555555,13.480008680555555,Insufficient eligible orders
08d0949a9a17c027262db1f3c450c26c,12,12,0.0,3.75,4.119311342592593,10.037261766975307,Insufficient eligible orders
08d1c9478fb0d7d7fcac9c0da4e82fc7,1,1,0.0,5.0,5.774502314814815,4.1478472222222225,Insufficient eligible orders
08d2d642cf72b622b14dde1d2f5eb2f5,17,16,0.125,4.117647058823529,2.8687919560185184,12.235794270833333,Insufficient eligible orders
08f5819815f3d06545011850bd70f0a8,3,3,0.0,4.666666666666667,2.029008487654321,6.190756172839506,Insufficient eligible orders
091065b789659bc3cd9af9cb3a6253ff,2,2,0.0,3.5,0.9467534722222222,9.502094907407407,Insufficient eligible orders
0936e1837d0c79253456bbb2ffaaef10,1,1,0.0,5.0,4.886597222222222,12.854675925925926,Insufficient eligible orders
093805f8f2aeb63881444571e1f48f30,22,22,0.045454545454545456,4.181818181818182,1.7983422769360269,5.6845470328282826,High Volume / Reliable
094ced053e257ae8cae57205592d6712,19,19,0.0,4.052631578947368,1.6211638374485597,10.122529848927876,Insufficient eligible orders
0951a6e282947e09cd47969f4ed0b47f,7,7,0.0,4.857142857142857,0.9116683201058201,3.655221560846561,Insufficient eligible orders
09883d9ab71c8fe8a9bfc7fc3075b07e,5,4,0.25,3.4,1.7451765046296295,12.02410011574074,Insufficient eligible orders
099095b050cfe8eb1ddff5317587e96e,17,16,0.1875,3.235294117647059,2.2006901041666667,8.988824508101851,Insufficient eligible orders
09bad886111255c5b5030314fc7f1a4a,5,5,0.0,5.0,2.083449074074074,3.5233171296296297,Insufficient eligible orders
09f952a5f58d2285b0372551ae8f9b01,50,50,0.06,3.84,2.301365268329554,10.440297916666665,High Volume / Reliable
0a198e95d32b1be2da9424c962a6ebfa,1,1,0.0,5.0,12.068622685185185,3.960150462962963,Insufficient eligible orders
0a82f5fb06a4fe4ac2cf7cb412ec71b8,2,2,0.0,5.0,3.756707175925926,1.504982638888889,Insufficient eligible orders
0a85ebe4e328db81ac9109781205e2f7,12,12,0.08333333333333333,4.583333333333333,1.2378279320987653,3.4801736111111112,Insufficient eligible orders
0aa124728afc1131dff5655f4c6f487b,2,0,,1.0,,,Insufficient eligible orders
0aa2205ca24f113f4658a5c536667426,4,4,0.0,4.0,1.7997164351851853,6.585575810185185,Insufficient eligible orders
0ac4201fda2c68ebc0e47cb9423cf3c9,13,13,0.07692307692307693,4.230769230769231,1.6740811965811966,10.49559650997151,Insufficient eligible orders
0ad80de75c811326389cfb1daba7d45e,6,6,0.0,4.833333333333333,0.897752700617284,7.295989583333334,Insufficient eligible orders
0adac9fbd9a2b63cccaac4f8756c1ca8,110,106,0.05660377358490566,4.0181818181818185,3.865352733686067,8.850313482704403,High Volume / Reliable
0ade5cc4a305ed7093a23f68ca47519c,2,2,0.0,5.0,1.3139699074074074,5.05087962962963,Insufficient eligible orders
0aea4c6ae1505b3228ddf3dd7822ee5b,8,8,0.25,3.875,1.1645211226851853,16.71137008101852,Insufficient eligible orders
0af2ab31141893d26aca5a404a537dab,1,1,0.0,5.0,0.5304050925925926,5.197523148148148,Insufficient eligible orders
0af977692321d895349eded183341d28,2,2,0.0,4.5,1.342170138888889,1.1763078703703704,Insufficient eligible orders
0afccdb8a34ee5c79f7c06faf2b4d56e,25,24,0.08333333333333333,3.92,3.293214699074074,9.747829378858025,High Volume / Problematic
0b09101900100c0e9d312861fad5a1b9,1,1,0.0,4.0,23.459282407407407,,Insufficient eligible orders
0b0ddbc7b9d9584f442c7ac92b0ff6c9,3,3,0.0,4.666666666666667,3.3394637345679015,8.257608024691358,Insufficient eligible orders
0b18d63d0cd1d723567903fd34a07df2,9,9,0.0,4.777777777777778,1.7413413065843621,4.975609567901234,Insufficient eligible orders
0b1ca3ef18a63d7eb0c8897fa0849c08,1,1,0.0,5.0,3.917048611111111,1.7089699074074074,Insufficient eligible orders
0b35c634521043bf4b47e21547b99ab5,51,50,0.16,3.3137254901960786,3.3158571759259257,15.480517129629629,High Volume / Problematic
0b36063d5818f81ccb94b54adfaebbf5,1,1,0.0,5.0,1.6669560185185186,12.843055555555555,Insufficient eligible orders
0b3f27369a4d8df98f7eb91077e438ac,2,2,0.0,4.0,1.1539351851851851,5.99984375,Insufficient eligible orders
0b46f784306be7200ca1700aa55d819f,1,1,0.0,5.0,1.0639583333333333,2.1796990740740743,Insufficient eligible orders
0b64bcdb0784abc139af04077d49a20e,4,4,0.0,4.75,2.357450810185185,6.128683449074074,Insufficient eligible orders
0b90b6df587eb83608a64ea8b390cf07,164,163,0.03680981595092025,4.0,2.3878562324191277,11.772375099409226,High Volume / Reliable
0bae85eb84b9fb3bd773911e89288d54,137,136,0.007352941176470588,4.2700729927007295,1.0620262403261471,8.937794543164488,High Volume / Reliable
0bb27263628258b8111a0262769fa9db,1,1,0.0,5.0,40.62107638888889,1.0522337962962962,Insufficient eligible orders
0bb738e4d789e63e2267697c42d35a2d,30,28,0.03571428571428571,4.6,2.601280332056194,9.171536871693121,High Volume / Reliable
0be8ff43f22e456b4e0371b2245e4d01,161,156,0.0641025641025641,3.950310559006211,2.248911435786436,7.88690697708927,High Volume / Reliable
0bebbb2cea103a4a020c95d43fd7d754,9,9,0.0,4.888888888888889,1.498227237654321,4.891084104938272,Insufficient eligible orders
0bf0150d5b9d60d9cd2906003332f085,39,39,0.15384615384615385,3.769230769230769,5.220763584307992,8.587070868945869,High Volume / Problematic
0bfd0b434243adc5c2e1aa6baf19c6aa,6,6,0.0,3.6666666666666665,1.4287094907407407,6.938250385802469,Insufficient eligible orders
0c7533c71df861ec58ad7ff999ed0e8d,61,61,0.04918032786885246,4.147540983606557,2.6308464253187616,7.886208067698847,High Volume / Reliable
0c7f30ae9b147eca07affbef92832a6a,5,5,0.0,5.0,1.8864027777777779,6.571361111111111,Insufficient eligible orders
0c8380b62e38e8a1e6adbeba7eb9688c,182,180,0.05,4.016483516483516,2.8133067772633744,9.839109953703703,High Volume / Reliable
0cab2da43793a6f3c5ed8514c5f54627,3,3,0.0,5.0,0.4263599537037037,4.393888888888889,Insufficient eligible orders
0cbcee27c791afa0cdcb08587a2013a8,39,37,0.10810810810810811,3.8461538461538463,1.9283855730730728,10.550854291791792,High Volume / Problematic
0d33a55da925bbf1ff02af5f6059fc7f,22,22,0.045454545454545456,4.454545454545454,1.4453202160493828,6.779835332491583,High Volume / Reliable
0d4c8269e7f0401201794deef160edd6,3,3,0.0,3.6666666666666665,2.7353819444444447,14.32846450617284,Insufficient eligible orders
0d83f8e03188682112cc0d93523705cc,4,4,0.25,3.75,2.8013020833333333,13.637560763888889,Insufficient eligible orders
0d85bbda9889ce1f7e63778d24f346eb,51,51,0.11764705882352941,4.137254901960785,2.7204852033405955,12.565450027233116,High Volume / Problematic
0daf5180aa44356f60f8effa533b55a2,2,2,0.0,5.0,0.5175173611111111,6.570671296296297,Insufficient eligible orders
0db783cfcd3b73998abc6e10e59a102f,132,132,0.03787878787878788,4.204545454545454,2.4582862418716425,8.65840242704826,High Volume / Reliable
0dd184061fb0eaa7ca37932c68ab91c5,161,161,0.10559006211180125,4.012422360248447,2.670478543447293,8.930354482976766,High Volume / Problematic
0ddefe3c7a032b91f4e25b9c3a08fca1,9,9,0.0,4.555555555555555,2.2130388374485594,5.284485596707819,Insufficient eligible orders
0df3984f9dfb3d49ac6366acbd3bbb85,87,86,0.011627906976744186,4.344827586206897,2.314806874461671,6.8635458387166235,High Volume / Reliable
0dfbed20065e425d2eaefb101f9816c0,3,3,0.3333333333333333,2.6666666666666665,3.0908371913580246,18.464483024691358,Insufficient eligible orders
0e44d110fa6a54e121cb2c095a77762f,6,6,0.16666666666666666,4.333333333333333,3.692270447530864,7.375850694444445,Insufficient eligible orders
0e72c1a751b496722a6cb1f10653b62a,3,3,0.0,4.666666666666667,0.9547067901234568,5.857337962962963,Insufficient eligible orders
0e982cff76cc0579f632cea8a0e38c9d,7,6,0.0,4.0,3.7603086419753087,4.330486111111111,Insufficient eligible orders
0ea22c1cfbdc755f86b9b54b39c16043,237,234,0.008547008547008548,4.371308016877637,1.543377163848631,9.01649221470402,High Volume / Reliable
0eaa7e33d73809f1f925f7d07c506cbd,15,15,0.0,4.6,0.9545918209876543,4.6119814814814815,Insufficient eligible orders
0ebd97a106433a45a4aebe57c1799778,31,31,0.0,4.483870967741935,2.061709602747909,6.933008885902031,High Volume / Reliable
0ec28cec4046a4a199b6de9b4c891d97,3,3,0.0,5.0,2.9493981481481484,6.64005787037037,Insufficient eligible orders
0ed6ce5d87fd9c69eaacaeb778d67235,43,42,0.14285714285714285,4.325581395348837,4.694778714726631,10.98200424382716,High Volume / Problematic
0ee4fb99ac55ffbbc98795aa01b7f8fa,1,1,0.0,5.0,3.048761574074074,3.825787037037037,Insufficient eligible orders
0ef83d7d83ed97cd2a0049ac8be5f88a,48,48,0.020833333333333332,4.083333333333333,1.5874547101449277,7.918523341049383,High Volume / Reliable
0f0c984a4a955310903b6b6008660bad,4,4,0.0,3.75,1.4172309027777779,12.72300925925926,Insufficient eligible orders
0f519b0d2e5eb2227c93dd25038bfc01,1,1,0.0,5.0,2.913032407407407,9.344502314814815,Insufficient eligible orders
0f7eea709efdf942b5f95c7516dbacd7,3,3,0.0,4.0,2.1174614197530865,5.91375,Insufficient eligible orders
0f80a40c312b2472dca482cf50f5186f,1,1,0.0,3.0,0.11152777777777778,5.2041203703703705,Insufficient eligible orders
0f94588695d71662beec8d883ffacf09,1,1,0.0,5.0,0.047002314814814816,14.834224537037038,Insufficient eligible orders
0fe2d9733ed841eb064503920015a8c0,3,3,0.0,4.666666666666667,0.7359953703703703,8.175960648148148,Insufficient eligible orders
0ff83046c3fa22efee8ecf291888b191,10,10,0.0,4.8,3.5765081018518514,8.65532638888889,Insufficient eligible orders
0ffa40d54288e4f3499b8780dd0f144f,33,33,0.12121212121212122,4.484848484848484,1.724743265993266,11.331057098765433,High Volume / Problematic
10076e5788b8ee532724bcd460baf762,23,23,0.043478260869565216,4.565217391304348,1.4768250210437712,8.467727958937198,High Volume / Reliable
10089e9f2fd0c668a8fd4e52e1698888,3,3,0.0,4.333333333333333,1.8580131172839505,5.770640432098766,Insufficient eligible orders
101921376b577a4540dc30e9009133ca,1,0,,2.0,,,Insufficient eligible orders
101a3a003516bc11253298b2fad3cb65,5,5,0.0,4.8,1.4619351851851852,4.550627314814815,Insufficient eligible orders
1025f0e2d44d7041d6cf58b6550e0bfa,915,910,0.07912087912087912,3.9737704918032786,3.8214399024581374,8.147154265873016,High Volume / Problematic
10264f60a8f0a4d2f30810f5c661c673,4,4,0.0,5.0,1.0311689814814815,2.9360734953703704,Insufficient eligible orders
1099a00e0ee3a50935e6c2447ca090c5,3,3,0.3333333333333333,3.6666666666666665,11.15207175925926,3.8784760802469136,Insufficient eligible orders
10cdd491d1dbea8fb4ead97b19c334ce,3,3,0.0,5.0,1.6257291666666667,5.453915895061729,Insufficient eligible orders
10ff823eda2b032e2c93d17a7d294736,9,8,0.0,3.888888888888889,2.0751605902777777,7.490169270833333,Insufficient eligible orders
112453736dbe3889cfb74e1aaa0ba0c1,7,7,0.0,4.142857142857143,4.38078373015873,8.582650462962963,Insufficient eligible orders
1127b7f2594683f2510f1c2c834a486b,114,110,0.01818181818181818,4.087719298245614,2.0748458543771044,6.8264906355218855,High Volume / Reliable
11305281b50fff20ae8bb473f8e11876,35,35,0.11428571428571428,4.314285714285714,1.8769999999999998,11.163949074074074,High Volume / Problematic
113e3a788b935f48aad63e1c41dac1bd,39,39,0.05128205128205128,4.333333333333333,2.3034594298245614,10.549558404558406,High Volume / Reliable
116ccb1a1604bc88e4d234a8c23f33de,61,61,0.03278688524590164,4.639344262295082,1.3552179456999371,7.271219452034001,High Volume / Reliable
11742f81550ac064cc9a40f67151d9ad,2,2,0.0,5.0,3.1003587962962964,5.49308449074074,Insufficient eligible orders
117cfc326c6d50da67ca858ff5c0c852,5,5,0.0,4.6,1.0740694444444443,4.783462962962963,Insufficient eligible orders
11938fcc75f6902fea1d0a6f72b54a57,2,2,0.0,3.0,1.3327025462962963,21.01946759259259,Insufficient eligible orders
119c7f1a00ef43fad0e57604e76a747c,2,2,0.0,4.5,1.3297743055555555,4.632644675925926,Insufficient eligible orders
119d1aef1b4144adba89163f6cd9f5d4,4,4,0.0,4.75,2.141568287037037,2.309253472222222,Insufficient eligible orders
11bfa66332777660bd0640ee84d47006,76,76,0.14473684210526316,3.9210526315789473,2.1002275219298245,13.91176093445419,High Volume / Problematic
11d4c477d09821164bca4f70a2eae031,3,3,0.0,5.0,1.175138888888889,5.800929783950617,Insufficient eligible orders
11eac105f3f90a9b87b19c89d91e24f3,5,5,0.0,3.6,2.4704791666666663,6.446076388888889,Insufficient eligible orders
11fb6f6d341adbe19e81733701704635,3,3,0.0,5.0,1.148900462962963,3.810625,Insufficient eligible orders
120476eb7a04c149d14772edaf5d9bf2,4,4,0.0,4.25,1.4394010416666667,6.104493634259259,Insufficient eligible orders
1284de4ae8aa26997e748c851557cf0e,3,3,0.0,2.6666666666666665,0.7590856481481483,17.626095679012348,Insufficient eligible orders
128639473a139ac0f3e5f5ade55873a5,533,527,0.04174573055028463,4.165103189493434,2.5172471340388007,11.43278368560686,High Volume / Reliable
128f9bfbe4c7d5185033914b1de3d39a,14,13,0.07692307692307693,4.714285714285714,3.0754985754985755,7.952315705128205,Insufficient eligible orders
12a8eb0f8d1cd3270695bf2a99f55966,2,2,0.0,3.5,8.93316550925926,12.035509259259259,Insufficient eligible orders
12b9676b00f60f3b700e83af21824c0e,135,133,0.007518796992481203,4.54074074074074,4.115723162071847,10.434970760233918,High Volume / Reliable
12c2ed9cded6138cf0c75f525f565fc7,4,4,0.25,4.25,2.405379050925926,9.826041666666665,Insufficient eligible orders
13074f016982ff2bd6c58ced8682f000,14,13,0.23076923076923078,3.9285714285714284,4.05764155982906,10.596015847578347,Insufficient eligible orders
131fcb0a0c9a47bba4474aacff0f14b7,4,4,0.0,4.0,2.052595486111111,2.2378501157407404,Insufficient eligible orders
1336efc61c316ddf92c899eb817f7cae,74,74,0.08108108108108109,4.0,2.938449386886887,8.449829829829829,High Volume / Problematic
134285d1f41da5c13a756ee8142c8a4e,3,3,0.0,3.3333333333333335,1.8100655864197532,6.194822530864197,Insufficient eligible orders
134a288e7de827ec5ec62e3ec9c3a295,9,9,0.0,4.777777777777778,0.7249292695473251,7.746661522633746,Insufficient eligible orders
134b867a0f7f8bbe6abf10f91874891e,1,1,0.0,4.0,3.4886689814814815,9.020671296296296,Insufficient eligible orders
13511db12ac61e2f89c53b72a944a60b,6,6,0.0,3.5,2.7466994598765435,6.097199074074074,Insufficient eligible orders
1352e06ae67b410cdae0b2a22361167b,4,2,1.0,2.0,17.90325810185185,16.39626736111111,Insufficient eligible orders
1354d51653f645349064725ed204e85e,18,18,0.0,3.9444444444444446,3.7046840958605665,5.514379501028807,Insufficient eligible orders
138dbe45fc62f1e244378131a6801526,49,49,0.02040816326530612,4.081632653061225,1.5646491769547326,4.746763747165533,High Volume / Reliable
139157dd4daa45c25b0807ffff348363,1,1,0.0,4.0,0.35226851851851854,0.8511458333333334,Insufficient eligible orders
13c2ed7698b3ca92dad49e849219da59,8,8,0.0,4.375,1.8842549189814815,8.884424189814816,Insufficient eligible orders
13d058e4eeac2ce8217660b2f8a05812,23,22,0.09090909090909091,4.217391304347826,2.997428451178451,7.98289877946128,High Volume / Problematic
13d95f0f6f73943d4ceffad0fc2cd32c,1,1,1.0,3.0,2.085162037037037,19.259247685185183,Insufficient eligible orders
13dd308f81fea30cc670c656b2b46cc3,3,3,0.0,5.0,1.2150925925925926,2.409104938271605,Insufficient eligible orders
13e85aac53340018b40c2af68001b7e0,1,1,0.0,5.0,10.122430555555555,5.081296296296296,Insufficient eligible orders
13f57c12a00ed4610db646b913a7f5c6,7,7,0.14285714285714285,4.857142857142857,2.4551851851851856,9.488654100529102,Insufficient eligible orders
13fa2a6c6b9d0f43cb588d7c82117a12,9,9,0.3333333333333333,4.111111111111111,4.831885288065844,15.934135802469136,Insufficient eligible orders
141440cad9341e553f8401c574a2aa38,11,11,0.0,4.454545454545454,1.2004965277777777,5.374867424242424,Insufficient eligible orders
1430239a858e7682bbc43b20758af153,18,17,0.0,4.111111111111111,1.4183653322440088,6.151955337690632,Insufficient eligible orders
1444c08e64d55fb3c25f0f09c07ffcf2,1,1,0.0,1.0,3.0025810185185184,6.398020833333334,Insufficient eligible orders
1464afc72f696af775557a821c2e253f,29,29,0.034482758620689655,4.241379310344827,1.0172342249657065,10.180233876117498,High Volume / Reliable
14a08204d03bb6b6bde8029f801ae0eb,28,28,0.0,3.892857142857143,2.6982883230452672,5.940109540343916,High Volume / Reliable
14d7985702e72162bbf13b6beb74ab2b,37,37,0.10810810810810811,4.324324324324325,1.7978644269269268,8.617717092092091,High Volume / Problematic
14ee35374a7876217954b5fa08e50463,6,6,0.16666666666666666,4.333333333333333,2.4028202160493826,14.655364583333332,Insufficient eligible orders
14f2b3587172b9db894c9bad8dab520b,2,2,0.0,2.5,9.612204861111111,4.409091435185185,Insufficient eligible orders
152ee17e4c8aaf53dac99f3462e4999b,6,6,0.0,4.333333333333333,2.0683314043209875,7.778948688271605,Insufficient eligible orders
154bdf805377afea75a3bd158e9eab10,1,1,1.0,1.0,,23.18517361111111,Insufficient eligible orders
1554a68530182680ad5c8b042c3ab563,247,246,0.06097560975609756,4.287449392712551,2.113217259183051,11.783573696145126,High Volume / Reliable
157c3e4b42f81ac4a44e8b1ca2fe9876,23,23,0.08695652173913043,3.6956521739130435,2.512978745791246,7.661489533011272,High Volume / Problematic
1588ac4010787100dddef64568f0ae35,3,3,0.0,3.0,2.947503858024691,14.218479938271605,Insufficient eligible orders
15aac934c58d886785ac1b17953ea898,25,25,0.12,4.24,1.9619361111111109,11.760666666666665,High Volume / Problematic
15ac3c501e2599e4917316fde5c5669a,1,0,,1.0,,,Insufficient eligible orders
15aec03fe4cf30dfa574cf550f5ff5ff,1,0,,1.0,,,Insufficient eligible orders
15b3b1b81484422eb41df68ac87f1f50,2,1,0.0,1.0,5.980277777777777,8.516111111111112,Insufficient eligible orders
15cd6eefe58588619aaed41dfa6621b1,16,16,0.0625,4.25,3.269000289351852,11.615165653935186,Insufficient eligible orders
15ead3a5037a918ddb520dfe39a3d2b9,7,6,0.16666666666666666,4.285714285714286,3.203572530864198,13.712000385802469,Insufficient eligible orders
15fa791d5e017f66402dc28c44480657,8,8,0.125,4.25,1.0668532986111112,10.366267361111111,Insufficient eligible orders
160851d3ece7aa1a510f8d1a4bb8a8af,2,2,0.0,5.0,0.30395833333333333,4.008373842592593,Insufficient eligible orders
16090f2ca825584b5a147ab24aa30c86,402,398,0.08040201005025126,4.054726368159204,1.4964678701341647,7.174773898427322,High Volume / Problematic
160e4f13fd3a64b1b86807be88b5ffb0,4,4,0.0,4.25,7.9612847222222225,6.3129658564814815,Insufficient eligible orders
164a5a8794e6d42e14f55e447b12a3bc,1,1,0.0,5.0,0.026956018518518518,13.35329861111111,Insufficient eligible orders
165b1235e9e9942cb5fae67103576fb0,11,11,0.09090909090909091,4.363636363636363,0.8921685606060606,6.499584385521886,Insufficient eligible orders
165fc07beebdcb6190fba8a06db2a449,50,50,0.08,3.8,2.841449768518518,9.637787962962962,High Volume / Problematic
1660ad786c27fd935378b6192a90b417,12,12,0.08333333333333333,4.583333333333333,1.699972029320988,7.022631172839507,Insufficient eligible orders
166e8f1381e09651983c38b1f6f91c11,2,2,0.0,5.0,5.229444444444445,8.982262731481482,Insufficient eligible orders
167fd940acebc789debd6eb418c46e38,5,5,0.2,3.0,3.8394143518518518,11.03195601851852,Insufficient eligible orders
1690cada046eb7e92c12f98b1f8a8167,11,10,0.1,4.545454545454546,1.2071145833333332,5.332281249999999,Insufficient eligible orders
16bdc8cefd0e32a6f0824d296c5ad14a,1,1,0.0,5.0,2.3107291666666665,6.913587962962963,Insufficient eligible orders
1703bc09972dab9782e7a9194943b69f,1,1,0.0,5.0,2.5184837962962963,9.590636574074074,Insufficient eligible orders
1710c3aaa9c6b44ec3883ee0fe300e21,2,2,0.0,5.0,0.7487615740740741,5.297355324074074,Insufficient eligible orders
17306570e772e7718c92a562d33f5f1d,29,27,0.07407407407407407,3.6206896551724137,4.040618141289437,10.044004200960218,High Volume / Problematic
173d56ffbd4c56cb80fc3615487d712b,2,2,0.0,5.0,1.5953298611111113,5.155891203703703,Insufficient eligible orders
1746c1ae87ac63d530c7c943d0ac42e2,1,1,0.0,5.0,7.882280092592593,15.134074074074075,Insufficient eligible orders
1771297ac436903d1dd6b0e9279aa505,28,28,0.03571428571428571,4.571428571428571,1.2512817215363512,8.06158771494709,High Volume / Reliable
1782ce2db72c3dda627d5e7c898104e1,9,9,0.1111111111111111,4.333333333333333,1.7563503086419754,27.392413837448558,Insufficient eligible orders
17908cf9b444ee34047cadd5c0f4a516,11,11,0.09090909090909091,4.545454545454546,2.1767445286195284,15.717219065656566,Insufficient eligible orders
17998cf586426bf0f2c3726cb0a4b211,2,2,0.0,4.0,1.0670081018518518,6.51162037037037,Insufficient eligible orders
179d859f51292aac5c10806a356f7af9,18,18,0.05555555555555555,4.388888888888889,1.157072440087146,6.973959619341564,Insufficient eligible orders
17a053fcb14bd219540cbde0df490be0,125,124,0.056451612903225805,4.2,3.177768195962356,8.459087981630825,High Volume / Reliable
17adeba047385fb0c67d8e90b4296d21,1,0,,1.0,,,Insufficient eligible orders
17ca9b9e9b9ef8fdb529001b49ebb50f,116,115,0.008695652173913044,4.043103448275862,1.5192607736240915,6.333261876006442,High Volume / Reliable
17e34d8224d27a541263c4c64b11a56b,255,247,0.07692307692307693,4.172549019607843,2.689245134164777,11.31147777965212,High Volume / Problematic
17eea220a40cc0d2c0c5346379682398,4,3,0.6666666666666666,3.75,3.9530208333333334,20.717596450617282,Insufficient eligible orders
17f51e7198701186712e53a39c564617,56,56,0.08928571428571429,4.339285714285714,11.772656043320106,10.959671999007936,High Volume / Problematic
180c3376aff0e43dd5788709df48a843,5,5,0.2,4.4,3.5415162037037033,16.739078703703704,Insufficient eligible orders
1835b56ce799e6a4dc4eddc053f04066,423,417,0.10311750599520383,3.619385342789598,1.6767642727814447,11.220758781863399,High Volume / Problematic
1838dd9b8977065acf51d95e0053ea7a,64,62,0.03225806451612903,4.265625,1.2025520833333332,11.130056750298687,High Volume / Reliable
184725737946a1a938bbbd1a9e978103,3,3,0.0,4.666666666666667,1.158383487654321,7.408005401234568,Insufficient eligible orders
184a67a8f9f63234d3a92340bbdb727f,8,7,0.0,3.875,3.966430224867725,12.829122023809523,Insufficient eligible orders
186cdd1b2df32caa72cfb410bba768d3,6,6,0.0,5.0,2.7838040123456786,5.99823688271605,Insufficient eligible orders
189ca3538ce9f920cacf0f982cbe223b,4,4,0.0,4.25,0.630462962962963,2.0584056712962964,Insufficient eligible orders
18a349e75d307f4b4cc646a691ed4216,121,109,0.05504587155963303,3.4297520661157024,3.3459896905006863,7.384460159700985,High Volume / Reliable
18e694e0e48ed6f7aa3f24aade5fd697,31,31,0.03225806451612903,4.67741935483871,1.0976019265232975,4.516339605734768,High Volume / Reliable
1900267e848ceeba8fa32d80c1a5f5a8,411,406,0.0812807881773399,3.800486618004866,1.9508249314128945,10.818106726646597,High Volume / Problematic
191d55f7edb8524d525ed01b20fe32e8,3,3,0.3333333333333333,2.3333333333333335,6.480868055555555,16.035239197530867,Insufficient eligible orders
1927cdb9fa74f5270097f6250e8e8f34,1,1,0.0,5.0,,8.157916666666667,Insufficient eligible orders
19484c79cef6c062cb177aa4ef2fcc3c,1,1,1.0,1.0,19.179675925925928,1.7048495370370371,Insufficient eligible orders
1961c3e1272bfeceb05d0b78b5bbfdaf,3,2,0.0,3.3333333333333335,1.318483796296296,4.281336805555555,Insufficient eligible orders
1967a9e2ad6f51802b093147d861df58,2,0,,1.0,,,Insufficient eligible orders
1976a05ecf2996d6ffb7b5430e635fe7,8,8,0.25,3.875,7.25384837962963,10.084308449074074,Insufficient eligible orders
1987cd4be10fe09ee50454f9c354d1c6,14,14,0.07142857142857142,4.357142857142857,5.0055448082010585,10.165475363756613,Insufficient eligible orders
198c7ea11960a9844b544d9bcdca860c,25,25,0.08,3.88,1.864827314814815,12.197397685185186,High Volume / Problematic
1992f8fb6b19fcccd97ca819811e7267,1,0,,1.0,,,Insufficient eligible orders
1996942dc085d7773ba77a529b163cd0,10,9,0.0,3.9,2.1363387345679015,9.536397890946501,Insufficient eligible orders
19a7c9f66ffa6452ff4b4c0cca71da27,1,1,0.0,5.0,4.018738425925926,21.158032407407408,Insufficient eligible orders
19d62d484cba71963c93f0f00ab42013,1,1,0.0,4.0,6.954675925925926,6.948391203703704,Insufficient eligible orders
19e0f40a907ec568c34bfac15de4f4a1,4,4,0.0,5.0,2.2044994212962963,3.2948263888888887,Insufficient eligible orders
1a3df491d1c4f1589fc2b934ada68bf2,167,160,0.0375,4.191616766467066,3.5078156499062354,10.998356987847222,High Volume / Reliable
1a6245add4353f18ed55138808906979,1,0,,1.0,,,Insufficient eligible orders
1a8e2d9c38b84a9702ac7922924b0573,1,1,0.0,5.0,0.34578703703703706,15.237592592592593,Insufficient eligible orders
1a932caad4f9d804097d7f8e615baed1,20,20,0.15,3.9,1.185950901559454,8.083565972222221,High Volume / Problematic
1acde099eb406aa220b1169b188b42da,9,9,0.0,4.222222222222222,1.6066216563786009,10.066724537037038,Insufficient eligible orders
1b0b0f4f95e962d6f32fe90c759d0479,2,2,0.0,5.0,5.5901851851851845,3.856539351851852,Insufficient eligible orders
1b1ae47a313a825a7ccceb8e2e30fa9d,11,10,0.0,3.6363636363636362,2.6396898148148145,7.824108796296296,Insufficient eligible orders
1b45169b635ef59425637e9a33eb5fb3,7,7,0.0,4.571428571428571,2.7092542989417985,5.114171626984127,Insufficient eligible orders
1b4b28463457a256e9a784ebe2a8f630,1,1,1.0,1.0,11.65599537037037,1.030138888888889,Insufficient eligible orders
1b4c3a6f53068f0b6944d2d005c9fc89,113,111,0.04504504504504504,4.221238938053097,1.497813893175583,12.562315127627627,High Volume / Reliable
1b61fb1f0f2185d89e9a126c498e9cc7,1,1,0.0,5.0,4.401944444444444,6.949953703703704,Insufficient eligible orders
1b65c144b17e607c0f37f10bb7dfec8d,5,5,0.0,2.0,0.5292554012345678,7.546717592592593,Insufficient eligible orders
1b7e5006cb25dd23ce8686691013b121,11,11,0.18181818181818182,4.363636363636363,6.936312079124579,8.292483164983166,Insufficient eligible orders
1b8356dabde1d35e17cef975c3f82730,56,55,0.01818181818181818,4.160714285714286,1.4285822811447813,8.747924242424242,High Volume / Reliable
1b8b75e227c9a9c100d0c210fb6176ce,19,15,0.06666666666666667,3.3684210526315788,9.149005401234568,5.401442901234568,Insufficient eligible orders
1b938a7ec6ac5061a66a3766e0e75f90,30,29,0.0,4.3,1.4102236276455027,9.568155731162197,High Volume / Reliable
1bb2bdb95f4841f1bba2c0d2cd83d3c9,81,79,0.06329113924050633,4.62962962962963,4.976122685185185,6.935505743084857,High Volume / Reliable
1bb3812d5f0747a3ab7348f199001a10,9,9,0.0,4.888888888888889,3.2826941872427984,8.802883230452675,Insufficient eligible orders
1bc2e21de46adfea6b98cc96b00f3b40,3,3,0.0,3.3333333333333335,7.092797067901235,8.865347222222221,Insufficient eligible orders
1c129092bf23f28a5930387c980c0dfc,201,200,0.045,4.2288557213930345,3.651046122685185,7.77686863425926,High Volume / Reliable
1c40343cc5d18c2d8248ac2f3366de34,21,21,0.09523809523809523,4.619047619047619,2.1347811948853614,5.076555886243386,High Volume / Problematic
1c56ffe0e9dea2657fc6e95b53f40b13,3,3,0.0,4.333333333333333,0.5916975308641975,5.503140432098765,Insufficient eligible orders
1c5e4e49b9079480255b49d50aac1aa9,12,12,0.0,4.333333333333333,2.9958207947530866,5.561637731481482,Insufficient eligible orders
1c68394e931a64f90ea236c5ea590300,142,142,0.035211267605633804,3.9014084507042255,4.657751182033097,10.98753447769953,High Volume / Reliable
1c742ac33582852aaf3bcfbf5893abcf,1,1,0.0,5.0,2.695775462962963,2.8963194444444444,Insufficient eligible orders
1c83418358f249c9d6affa52d579db0e,1,1,0.0,5.0,3.169212962962963,7.012557870370371,Insufficient eligible orders
1ca4bdb0cd7fc48e949bac066188ed26,4,3,0.3333333333333333,4.5,4.543059413580247,9.74664351851852,Insufficient eligible orders
1ca7077d890b907f89be8c954a02686a,115,108,0.16666666666666666,2.3217391304347825,5.312652499142661,9.91001553926612,High Volume / Problematic
1caf283236cd69af44cbc09a0a1e7d32,33,33,0.09090909090909091,4.606060606060606,2.014806397306397,11.360271815375981,High Volume / Problematic
1cbcd2ee0afb3fc09963b87eb65e7e4f,1,1,0.0,5.0,1.3771527777777777,2.2595717592592592,Insufficient eligible orders
1cbd32d00d01bb8087a5eb088612fd9c,11,11,0.09090909090909091,4.181818181818182,3.8827956649831648,8.363081860269359,Insufficient eligible orders
1cbd50a8c52e6cf8e315c5709fab386f,9,9,0.1111111111111111,3.7777777777777777,1.5386226851851852,16.205862911522633,Insufficient eligible orders
1cbdc7cf130a41fd13a3c2a7d2fcfda7,2,2,0.0,5.0,1.701863425925926,6.7615335648148145,Insufficient eligible orders
1cd9e0cc1839d55516843def5600816d,5,5,0.0,5.0,2.398486111111111,4.662469907407408,Insufficient eligible orders
1ce3ae5a399804d1a87e706f8a813c3e,40,40,0.075,3.75,1.8324807098765432,12.130150752314815,High Volume / Problematic
1d0646a72178a6fb37ee8082140e06ec,2,2,0.0,5.0,1.2209432870370371,6.421250000000001,Insufficient eligible orders
1d0997ff06b524ce9289ffd75114ecd3,3,3,0.3333333333333333,3.6666666666666665,4.608016975308642,12.339591049382717,Insufficient eligible orders
1d139e3a3b14025640d8df1b230aace0,2,2,0.0,3.5,1.2003703703703703,6.4455381944444445,Insufficient eligible orders
1d1bbb8ac1581824986f582583fff01d,4,4,0.25,3.5,3.512974537037037,5.639273726851852,Insufficient eligible orders
1d2732ef8321502ee8488e8bed1ab8cd,4,4,0.25,3.0,4.126044560185185,7.247526041666667,Insufficient eligible orders
1d29dfba02015238dfbe2449a5eaa361,12,12,0.08333333333333333,4.5,1.0355989583333332,13.323799189814816,Insufficient eligible orders
1d4587203296c8f4ad134dc286fa6db0,42,40,0.025,4.285714285714286,1.2885699926900587,7.740152199074075,High Volume / Reliable
1d503743d2526f03f0c2c89540ee008c,12,12,0.08333333333333333,3.9166666666666665,1.6815653935185184,8.941200810185185,Insufficient eligible orders
1d8dbc4f32378d715c717c1c1fc57bae,92,91,0.08791208791208792,4.0,3.9097069597069596,11.393618742368743,High Volume / Problematic
1d953075c2f0dd990bacf27b83b330f1,1,1,0.0,5.0,1.0428240740740742,6.22974537037037,Insufficient eligible orders
1da366cade6d8276e7d8beea7af5d4bf,43,42,0.07142857142857142,3.86046511627907,6.89405753968254,10.417699017615176,High Volume / Problematic
1da3aeb70d7989d1e6d9b0e887f97c23,265,261,0.04597701149425287,4.139622641509434,1.5553575897325895,6.750679398148149,High Volume / Reliable
1dc2de47ee26a0a5b12dc14fd6dc0dea,25,25,0.04,4.56,2.234029224537037,11.962539814814816,High Volume / Reliable
1dcfa3835714681d4ba4a93bc1e0fd41,13,12,0.0,4.0,5.996064814814815,8.504007523148148,Insufficient eligible orders
1dd33b8119b3cb1056ed5dc88cd0aaf4,8,8,0.125,3.75,1.8623857060185185,8.51578414351852,Insufficient eligible orders
1de62b6f2fd96227629786db492433db,2,2,0.0,5.0,0.3707638888888889,7.851805555555556,Insufficient eligible orders
1dfe5347016252a7884b694d4f10f5c4,21,20,0.25,3.3333333333333335,2.2257951388888886,16.31260358796296,High Volume / Problematic
1e26c56af8d48424e1df0140a2401f83,2,2,0.0,5.0,0.8836747685185186,4.351655092592592,Insufficient eligible orders
1e47d8b6546eb3a77b1acddcc9406242,1,1,0.0,1.0,16.20380787037037,19.283032407407408,Insufficient eligible orders
1e47defeeadeca0e9a18fa5a9311e735,3,3,0.0,5.0,0.44182484567901237,11.563491512345678,Insufficient eligible orders
1e483cc5c76fef08d3ca05f9a8af7d01,10,9,0.0,4.1,2.5794945987654323,5.62181841563786,Insufficient eligible orders
1e8b33f18b4f7598d87f5cbee2282cc2,123,122,0.03278688524590164,4.333333333333333,1.4548939043209876,6.1636261953551905,High Volume / Reliable
1e8c6a4c538f286aee9573239740a4b4,5,5,0.0,3.8,1.496877314814815,5.7943796296296295,Insufficient eligible orders
1e9d5a33694bddb76316fd1f54734d20,2,2,0.0,4.5,4.511244212962963,7.732413194444444,Insufficient eligible orders
1eade46fba20122dc4aefb379f8c636b,58,58,0.1206896551724138,4.431034482758621,1.7205361952861955,10.328676963601533,High Volume / Problematic
1f1bb1f0859883505541bdd6606193e5,27,27,0.1111111111111111,4.333333333333333,3.5517819787379974,10.233067986968448,High Volume / Problematic
1f2eebc0e970fd3c463e4f5d9652687a,1,1,1.0,5.0,6.572071759259259,4.824537037037037,Insufficient eligible orders
1f50f920176fa81dab994f9023523100,1404,1399,0.08863473909935668,4.1260683760683765,3.456799548020342,11.841619741614382,High Volume / Problematic
1f7dfad2cb384ea4d2d7e1ffbd78c407,1,1,0.0,1.0,4.96,1.389849537037037,Insufficient eligible orders
1f7fd2a6fcd5a6fa5d8a4dabc72aaae0,3,3,0.0,5.0,0.8440007716049381,6.134706790123457,Insufficient eligible orders
1f867308a0ce13133a4e639ff4de0c02,7,7,0.0,4.142857142857143,4.05651455026455,7.1108416005291,Insufficient eligible orders
1f9ab4708f3056ede07124aad39a2554,78,76,0.05263157894736842,4.064102564102564,2.694680342348928,11.351826876218324,High Volume / Reliable
1fa2d3def6adfa70e58c276bb64fe5bb,1,1,0.0,1.0,,6.299884259259259,Insufficient eligible orders
1fbe10c70e30765ed1de86d9f7e98409,2,2,0.0,2.5,2.4807060185185184,10.826221064814815,Insufficient eligible orders
1fdc574883ef3b33ad41562d93f3a74a,18,18,0.05555555555555555,4.444444444444445,1.4417682613168725,9.381510416666666,Insufficient eligible orders
1fddcb7b326905d3ad5efe82187db347,1,0,,1.0,,,Insufficient eligible orders
1fe5540d7c1c37a595fefbacd5570d9e,20,20,0.05,4.3,2.1927679398148148,9.407391203703703,High Volume / Reliable
1fe61aa5494bd3ae92a2c13e067c810f,1,1,0.0,4.0,0.33672453703703703,7.639189814814815,Insufficient eligible orders
2009a095de2a2a41626f6c6d7722678d,8,8,0.0,4.375,0.902421875,7.4153515625,Insufficient eligible orders
2039c5e51785b5dde7cf93ccb3b7be2c,1,1,0.0,5.0,0.9303587962962963,7.328888888888889,Insufficient eligible orders
204b4e07bddef3c9b317f70189135b22,1,1,0.0,5.0,2.8628703703703704,7.314861111111111,Insufficient eligible orders
2059c39f76271d4ca3f15b5ffaccc8b8,12,12,0.0,4.5,2.3164414983164985,7.142463348765432,Insufficient eligible orders
20611af7866c6068fd5ae1f9dbe15c92,2,2,0.0,4.5,3.5790219907407406,4.550185185185185,Insufficient eligible orders
2063dd1b9f568df1c16741ea7d3e6adb,3,3,0.0,5.0,1.209621913580247,11.43158950617284,Insufficient eligible orders
2075d8cd4dd63ff12df0749a5866bb06,3,3,0.0,5.0,1.059704861111111,3.644031635802469,Insufficient eligible orders
2078fe5066350e7d220c0ad3a3bbc6c1,1,0,,2.0,,,Insufficient eligible orders
2089a6d640999f9b9141ac719b2af596,44,41,0.12195121951219512,3.727272727272727,8.77451247741644,10.508878472222223,High Volume / Problematic
20a7efa9721046319bdde5d60b6b5365,3,3,0.0,5.0,0.7560686728395062,18.324375,Insufficient eligible orders
20a8b0dc55da94fe74d112082427c84f,7,7,0.14285714285714285,4.285714285714286,3.5224603174603173,4.577539682539682,Insufficient eligible orders
20b54c376b794ed028df09a3cd88e8dc,11,7,0.2857142857142857,3.0,10.1404083994709,10.848506944444443,Insufficient eligible orders
20cb7c2fde3e5bf10f0bbe7394e1c6a9,32,31,0.0967741935483871,4.0,1.866663306451613,10.042283452807645,High Volume / Problematic
20d53aad4fe5ee93a64f8839609d3586,2,1,1.0,2.5,1.3453587962962963,37.92055555555555,Insufficient eligible orders
20d83f3ef0e6925fd74bfd59170babf7,40,40,0.05,4.4,1.420781539351852,7.234899884259259,High Volume / Reliable
20f0aeea30bc3b8c4420be8ced4226c0,1,1,1.0,1.0,38.59829861111111,6.111909722222222,Insufficient eligible orders
20fd2d2080ed85fa67fad3fcbb2c1813,1,0,,1.0,,,Insufficient eligible orders
2138ccb85b11a4ec1e37afbd1c8eda1f,396,388,0.04639175257731959,3.9318181818181817,2.2387509570293807,8.623443674828179,High Volume / Reliable
213b25e6f54661939f11710a6fddb871,155,152,0.06578947368421052,3.767741935483871,7.631477237654321,7.295456033747564,High Volume / Reliable
213fafb0ca06fb3d5886579c2565791b,3,3,0.0,2.3333333333333335,0.09003472222222221,3.545891203703704,Insufficient eligible orders
2156f2671501a81034d7d07f217609d0,22,21,0.14285714285714285,3.8636363636363638,2.878439814814815,11.914020061728396,High Volume / Problematic
217f005bb37ff3aeef5b2ae1788e75ba,3,2,0.0,3.3333333333333335,5.896012731481482,8.551898148148148,Insufficient eligible orders
218d46b86c1881d022bce9c68a7d4b15,388,382,0.08638743455497382,4.144329896907217,1.6676738541362885,11.928777613735784,High Volume / Problematic
218f991754f360af9c2daa5e0b8e990c,14,14,0.14285714285714285,3.642857142857143,3.242899305555556,10.487243716931218,Insufficient eligible orders
2199e7fe213c16213bf5d6a7eadc9a5d,25,24,0.041666666666666664,4.24,1.4377493248456792,8.850787037037037,High Volume / Reliable
21c62b998a043ebe31161d38f84929fc,4,4,0.0,4.5,2.8711921296296294,10.416412037037038,Insufficient eligible orders
21d59342ba150175ca2aa4f8faddeca6,2,2,0.0,4.5,0.7497743055555555,7.778188657407407,Insufficient eligible orders
21e83881401b92b49fb09a16d3852291,14,12,0.0,4.357142857142857,3.1323099922839504,7.284782021604939,Insufficient eligible orders
2235cf78d3e2073a88146a9cb60f0dd0,1,1,0.0,5.0,4.410625,9.208275462962963,Insufficient eligible orders
226b05fe067266c59c15dae208213d06,10,10,0.0,4.5,1.217929398148148,8.663350694444444,Insufficient eligible orders
228e4c1a0be164f613d41c24345f9d2c,5,5,0.0,5.0,3.830550925925926,7.088337962962963,Insufficient eligible orders
229c3efbfb0ea2058de4ccdfbc3d784a,121,118,0.01694915254237288,3.603305785123967,1.3802634338398228,9.018617388575015,High Volume / Reliable
22a23e5ac7061fc538cc2a019afaaf16,1,1,0.0,3.0,7.852511574074074,3.16974537037037,Insufficient eligible orders
22c32ec35d0116ef02c281798a25bf8b,4,4,0.0,3.75,0.7341087962962962,10.246264467592592,Insufficient eligible orders
2305ab43e846518f58dd9d59f3f54e96,3,3,0.0,3.6666666666666665,3.352476851851852,8.411427469135804,Insufficient eligible orders
232a6014e7b10cba61c6c2b2ea6bb4b0,33,32,0.03125,4.151515151515151,1.7660958034647551,11.553591218171297,High Volume / Reliable
23613d49c3ac2bd302259e55c06c050c,70,69,0.08695652173913043,3.8142857142857145,4.736872651637144,8.665491814278047,High Volume / Problematic
236585a4ddb5fea9fa40233e2249ed91,11,11,0.09090909090909091,4.090909090909091,5.61849010942761,6.980883838383838,Insufficient eligible orders
2379bdc3888025689a9deb7b141507d5,9,9,0.2222222222222222,4.333333333333333,3.5819418724279837,14.636458333333334,Insufficient eligible orders
238fac594e170b59c6d228f5a4f4f1d9,29,29,0.10344827586206896,3.9655172413793105,1.7011235119047619,10.085803400383142,High Volume / Problematic
23a0ffca143a15b9b5bbdb7d552f626a,23,23,0.13043478260869565,3.9130434782608696,1.0704720209339775,10.161268619162641,High Volume / Problematic
23c38debaffe4a25a30fdbd9b586a13f,41,41,0.12195121951219512,4.317073170731708,2.4834191508581753,8.530918303974707,High Volume / Problematic
23ca5f678e0b3ea6c630b30fa8bf51ea,6,6,0.0,5.0,3.2103819444444444,4.052162422839506,Insufficient eligible orders
23d7c96d4a1160db1c726b248601b25a,53,50,0.1,3.7169811320754715,3.3693590277777776,9.534421527777777,High Volume / Problematic
23ff42c4bf1f8f16cddb19d8b972974a,2,2,0.0,4.0,2.764809027777778,9.066805555555556,Insufficient eligible orders
240b9776d844d37535668549a396af32,36,35,0.02857142857142857,4.277777777777778,4.958330357142857,5.968386574074074,High Volume / Reliable
244b04680fdbded0acf5aebd9c92b44a,3,2,0.5,1.0,37.72530671296296,0.2763425925925926,Insufficient eligible orders
244c2f1bff6afe1f2eaf9bfe9b2aed38,23,23,0.08695652173913043,3.652173913043478,2.9444640700483093,10.660407608695653,High Volume / Problematic
247587846358bb1d2e4c6522020b36fe,1,1,0.0,5.0,1.6357638888888888,3.155902777777778,Insufficient eligible orders
2493dc3f20131696a0ecdb9948051a8d,4,4,0.0,4.75,1.1419270833333333,7.383330439814815,Insufficient eligible orders
249f0e9905a6e06ad6c6bea7547ab9f6,3,3,0.0,3.6666666666666665,2.5568981481481483,3.571037808641975,Insufficient eligible orders
24a6daf925d9d591870a66660416de31,2,2,0.0,4.5,0.8674537037037038,12.461626157407409,Insufficient eligible orders
24c1de8d9551c0b4fbc53317d53efda8,1,1,0.0,5.0,3.1554166666666665,8.248773148148148,Insufficient eligible orders
2528513dd95219a6013d4d05176e391a,161,160,0.0375,3.9130434782608696,2.132664088138772,8.098373587817377,High Volume / Reliable
2528744c5ef5d955adc318720a94d2e7,5,5,0.0,2.4,2.8443657407407406,6.283231481481481,Insufficient eligible orders
252e76235acb79183cfca6e34f13337d,3,3,0.0,3.3333333333333335,2.906597222222222,10.075119598765433,Insufficient eligible orders
253c025bab43881055aeecde5e2d8b77,2,2,0.5,4.5,2.89646412037037,13.367083333333333,Insufficient eligible orders
253f95b3a0e6983ae18aed49fbc2b845,5,5,0.0,4.4,2.1424907407407408,6.792798611111111,Insufficient eligible orders
257e61d3251fb5efb9daadddbc2cf7ca,12,12,0.0,4.75,1.102097800925926,6.469835069444444,Insufficient eligible orders
258447aad3f7b01e2643c89f64dc5647,1,1,0.0,5.0,0.6908333333333333,7.247951388888889,Insufficient eligible orders
259f7b5e6e482c230e5bfaa670b6bb8f,138,136,0.014705882352941176,4.27536231884058,1.4211248607630187,6.99462414266118,High Volume / Reliable
25be943a321c8938947bdaabca979a90,5,3,0.0,3.0,1.8690702160493828,1.3223456790123456,Insufficient eligible orders
25c5c91f63607446a97b143d2d535d31,158,156,0.07051282051282051,3.8164556962025316,4.414006632834758,9.42830558523267,High Volume / Problematic
25cf099de44674fde97473224f9d59ab,50,50,0.04,4.26,1.4397477324263037,7.619102314814814,High Volume / Reliable
25debeafbce801fdd479539350185eee,6,5,0.0,2.6666666666666665,5.4895254629629635,9.478002314814816,Insufficient eligible orders
25e47381a6c510ddeb36084e33b89f0c,16,16,0.0,4.25,2.9300535300925925,6.621148726851851,Insufficient eligible orders
25e6ffe976bd75618accfe16cefcbd0d,108,106,0.02830188679245283,4.407407407407407,1.718789351851852,8.044832721872815,High Volume / Reliable
262237171f48e85819065498cac80d7b,4,4,0.0,4.25,1.9961766975308641,9.43642650462963,Insufficient eligible orders
2646baaf662d4d92ac48f047e35db92d,15,15,0.06666666666666667,4.466666666666667,1.4783413461538462,4.108956018518518,Insufficient eligible orders
26562f211dd1364af2a8596dc945e8ae,2,2,0.0,5.0,1.1253703703703704,1.1147685185185185,Insufficient eligible orders
265fdc289dffa9f1ad801c74f7d0de47,1,1,0.0,5.0,1.0678125,6.283113425925926,Insufficient eligible orders
26785a546900236d66f2e4197c211158,15,15,0.0,4.666666666666667,2.123894675925926,3.5541581790123455,Insufficient eligible orders
269c5fc9fcadee614364c3620c30a1f9,3,3,0.0,5.0,2.6598611111111112,1.9108912037037038,Insufficient eligible orders
269cff2d3c8d205c11f37a52402ea93b,4,4,0.0,4.5,1.64296875,5.473668981481482,Insufficient eligible orders
26af45f5dfd967225a832838aa4e24a3,10,10,0.0,4.1,1.5363969907407407,7.892774305555555,Insufficient eligible orders
26b482dccfa29bd2e40703ba45523702,3,3,0.0,5.0,0.9095447530864198,2.5952199074074076,Insufficient eligible orders
26bad72add1f86e08a776ce4ffdaf1ca,7,7,0.0,4.428571428571429,1.80255291005291,8.75650958994709,Insufficient eligible orders
26d6bbee02420494d471c9f6436929c0,12,12,0.0,4.666666666666667,1.1486237373737376,6.834980709876543,Insufficient eligible orders
26d8a1c7c75d513045798992ead43aa2,36,34,0.08823529411764706,4.305555555555555,2.9226831427015254,9.58349945533769,High Volume / Problematic
26e13b6ff5b641b329e5524241ee2c93,4,4,0.0,4.0,0.6458072916666667,5.9839872685185185,Insufficient eligible orders
26e2c91ef821e1ff8985f408788fe35b,12,12,0.4166666666666667,3.0,2.5191078317901234,23.29642939814815,Insufficient eligible orders
26e2e5033827d2ba53929f43e03d8ffe,1,1,0.0,5.0,2.0544675925925926,3.2051736111111113,Insufficient eligible orders
26f6b7ab07be3e9e69ce82a6552efc19,2,2,0.5,3.0,6.3621585648148145,3.8615046296296294,Insufficient eligible orders
270297ead4c65a6cd2593960d2af6b21,18,17,0.0,3.888888888888889,2.880279139433551,11.202331835511982,Insufficient eligible orders
270572bb714b00531be85e16e1550f26,1,1,0.0,5.0,1.4786342592592592,9.572303240740741,Insufficient eligible orders
2709af9587499e95e803a6498a5a56e9,26,25,0.12,3.8076923076923075,2.033390277777778,8.557337962962963,High Volume / Problematic
270d3ef21830ad0ecf3a6c53d08a533a,6,5,0.0,2.3333333333333335,4.414407407407408,6.493800925925926,Insufficient eligible orders
271b8923c6a549e02d3c9fd1f8c0422b,1,1,1.0,4.0,7.378483796296297,5.468541666666667,Insufficient eligible orders
271c58a1d139c45eaf3316107c6d3a3b,29,27,0.07407407407407407,4.068965517241379,5.493560099451303,7.2387324245541835,High Volume / Problematic
272f092de69afedd4d2969440b37f18f,26,25,0.0,3.730769230769231,2.6930175925925925,7.275043981481482,High Volume / Reliable
2745f798279e0ed033addcc1474776d7,32,32,0.09375,3.90625,2.7412138310185186,10.008621961805556,High Volume / Problematic
276677b5d08786d5dce7c2149dcce48b,33,31,0.06451612903225806,3.909090909090909,1.4870661717752234,9.929723715651134,High Volume / Reliable
278b6e0b20c4f61fefaa0577943d7a35,1,0,,1.0,,,Insufficient eligible orders
27a56ff04b34c2ba34ce6ba4d3b9d616,8,8,0.125,4.125,2.7736530671296293,9.737359664351851,Insufficient eligible orders
282c7480173bb9c01dd41cc739fec010,5,5,0.2,3.4,1.7217083333333334,11.875543981481481,Insufficient eligible orders
282f23a9769b2690c5dda22e316f9941,99,98,0.04081632653061224,4.333333333333333,3.0330427758487652,7.778030753968254,High Volume / Reliable
28405831a29823802aa22c084cfd0649,7,6,0.0,4.285714285714286,4.259741512345679,2.8275385802469137,Insufficient eligible orders
28872dc528e978a639754bc8c2ce5a4c,1,1,0.0,5.0,0.5316087962962963,3.4916898148148148,Insufficient eligible orders
289cdb325fb7e7f891c38608bf9e0962,110,109,0.01834862385321101,4.572727272727272,1.2755611200142452,5.105272043832824,High Volume / Reliable
28a26ebce31d5918b181ede016fd693b,1,1,0.0,5.0,2.8936574074074075,8.167233796296296,Insufficient eligible orders
28c7d8743fbc8679f484868cc0fcaefb,3,3,0.0,5.0,2.7833449074074075,10.720910493827162,Insufficient eligible orders
28d162ab86bb49d719c32f0ee6186eaa,1,1,0.0,4.0,0.39046296296296296,15.987962962962962,Insufficient eligible orders
28ea411b354f14b1a494be4e79f0ce02,6,6,0.0,4.666666666666667,1.9822202932098765,6.912212577160493,Insufficient eligible orders
28f10b1c5e5abb9d4857745bede6147c,28,28,0.14285714285714285,4.0,1.4482663690476192,5.874170386904761,High Volume / Problematic
28fb0829fd777877cdc350d25cb5bd5b,4,2,0.0,3.75,0.8213020833333333,13.251608796296296,Insufficient eligible orders
293dee954235e4e4e43f129313625ebe,8,8,0.0,5.0,1.5847916666666668,12.155907118055556,Insufficient eligible orders
2953ce3a88f5e3c3b696d77fc9e4c8eb,14,14,0.07142857142857142,4.642857142857143,2.0720056216931217,5.734783399470899,Insufficient eligible orders
296729ffb9b684050dd24836dac4494a,2,2,0.0,5.0,1.2900578703703705,5.29556712962963,Insufficient eligible orders
297d5eccd19fa9a83b2630071ff105e4,8,8,0.0,5.0,0.9020413773148148,5.290475983796297,Insufficient eligible orders
299c89a525fee36c567f4fe72f038100,2,1,0.0,2.0,0.8170717592592592,8.496203703703705,Insufficient eligible orders
29c322e3f09f886f8bacbe91dfbd979e,1,1,0.0,5.0,0.3345138888888889,5.061655092592592,Insufficient eligible orders
29e6e05b65f93bc224c644319dc52ecf,4,4,0.0,4.75,0.7377835648148148,6.170379050925925,Insufficient eligible orders
29fe9f200d3fa0c668d2aa1ec7e08dfb,5,5,0.0,4.0,3.0900046296296297,7.651083333333334,Insufficient eligible orders
2a1348e9addc1af5aaa619b1a3679d6b,52,48,0.2708333333333333,3.076923076923077,4.808942177854939,22.18642047646605,High Volume / Problematic
2a167ca73899c85001a837d8fb4962f6,2,2,0.0,4.5,1.3194849537037037,5.1797511574074075,Insufficient eligible orders
2a261b5b644fa05f4f2700eb93544f2c,51,51,0.1568627450980392,3.843137254901961,1.8230614606953894,11.890067855846041,High Volume / Problematic
2a50b7ee5aebecc6fd0ff9784a4747d6,1,1,1.0,1.0,3.7829050925925927,35.94525462962963,Insufficient eligible orders
2a5b78b41cd05baeac8df54c6606b92c,49,46,0.021739130434782608,4.326530612244898,1.379520933977456,7.3796492552334945,High Volume / Reliable
2a61c271b1ac763450d846849783e922,18,17,0.17647058823529413,4.055555555555555,1.4506175108932462,16.63831086601307,Insufficient eligible orders
2a6fbeaa7ab9e5d59a35841a8da71ce4,30,30,0.06666666666666667,3.8666666666666667,3.948589891975309,10.337275462962962,High Volume / Reliable
2a73cba571d90c694b7caca072ccf6ce,1,1,0.0,5.0,11.294270833333334,9.322650462962963,Insufficient eligible orders
2a7c6c0b0d5efde2bf75ec1e1cec2d41,3,3,0.0,3.3333333333333335,2.675358796296296,7.180478395061729,Insufficient eligible orders
2a7dc43cecabf23403078e2188437d1d,52,52,0.057692307692307696,4.096153846153846,3.8714996368917935,8.961554042022792,High Volume / Reliable
2a84855fd20af891be03bc5924d2b453,164,155,0.025806451612903226,4.237804878048781,1.6710327823422013,6.737716696535244,High Volume / Reliable
2aa3443d7bf9d9bb11133f420d75e083,10,10,0.2,3.0,2.096912037037037,8.307280092592594,Insufficient eligible orders
2aafae69bf4c41fbd94053d9413e87ee,2,2,0.0,4.5,2.6755787037037035,5.496400462962963,Insufficient eligible orders
2addf05f476d0637864454e93ba673d5,12,12,0.0,5.0,1.1042573302469136,9.108239776234567,Insufficient eligible orders
2b03ac196f5ed62ac483960fe0fa3b65,7,7,0.14285714285714285,4.142857142857143,1.5083815586419753,11.50435515873016,Insufficient eligible orders
2b1a40c1daabc6ca280c4b815c101841,23,22,0.045454545454545456,3.6956521739130435,0.8037378998316498,12.2664788510101,High Volume / Reliable
2b2fed75b8e5ea3a052fc4c0825da485,3,3,0.0,5.0,0.8134992283950617,3.4037422839506175,Insufficient eligible orders
2b3b9ce054da76a7428df143a567b156,5,5,0.0,3.6,1.8645810185185183,5.788868055555556,Insufficient eligible orders
2b3e4a2a3ea8e01938cabda2a3e5cc79,52,52,0.0,4.365384615384615,2.4649349537037035,5.749011752136752,High Volume / Reliable
2b402d5dc42554061f8ea98d1916f148,1,1,0.0,5.0,1.8363194444444444,4.154861111111111,Insufficient eligible orders
2b5ed0c9139dae8883a200dfcb272ece,4,4,0.25,4.25,2.9966435185185185,13.465720486111111,Insufficient eligible orders
2ba91c7ad80ff88b23b7db823b43c233,6,6,0.16666666666666666,3.8333333333333335,1.0157002314814816,17.36684799382716,Insufficient eligible orders
2bd05d410a8fd26dc4184a15f4f2f588,6,6,0.0,5.0,3.4524382716049384,6.1971084104938265,Insufficient eligible orders
2bdb95a56a36ebbc6640337ac5eac174,1,1,0.0,5.0,0.3076388888888889,2.271145833333333,Insufficient eligible orders
2be17df1c49978426251562096c3cc09,16,16,0.0625,4.1875,1.4659642650462963,10.555728443287038,Insufficient eligible orders
2bf28e311bba65237358230cabac3f15,7,7,0.2857142857142857,3.7142857142857144,3.446510416666667,7.402541335978836,Insufficient eligible orders
2bf6a2c1e71bbd29a4ad64e6d3c3629f,30,30,0.06666666666666667,4.166666666666667,2.0725478395061727,11.010417052469135,High Volume / Reliable
2c00c85d30361cd2ced2969cffbbffa3,1,1,0.0,5.0,0.8641087962962963,0.9934953703703704,Insufficient eligible orders
2c2c9832d1bb38c5b0034a3b47d313ee,1,1,0.0,3.0,5.195625,6.890162037037037,Insufficient eligible orders
2c3d56f92f360fb89d849b84e8f50eae,8,7,0.14285714285714285,3.125,1.743614417989418,11.550892857142857,Insufficient eligible orders
2c43fb513632d29b3b58df74816f1b06,3,3,0.0,3.6666666666666665,1.2924537037037036,3.098973765432099,Insufficient eligible orders
2c4c47cb51acd5ea5db5e0ae0e26542a,12,12,0.0,4.666666666666667,1.901760223765432,8.391795910493828,Insufficient eligible orders
2c538755f1ca9540af144f266e70df6c,1,1,0.0,5.0,2.307847222222222,4.23994212962963,Insufficient eligible orders
2c54051840f19eca309a5423cf22df36,2,2,0.0,4.5,5.669149305555556,3.250630787037037,Insufficient eligible orders
2c9005d8043aff18b8557ffb7b13cda4,1,1,0.0,5.0,1.8529282407407408,5.130462962962963,Insufficient eligible orders
2c9e548be18521d1c43cde1c582c6de8,126,124,0.1532258064516129,4.079365079365079,1.6024709236675698,11.657765456989248,High Volume / Problematic
2cb4700db635baa1c0d4f90ed27b6669,2,2,0.0,2.0,13.55625,2.9271354166666668,Insufficient eligible orders
2cb6eb1b7185064167657fa09f541105,6,6,0.0,4.333333333333333,3.1053067129629626,4.8271952160493825,Insufficient eligible orders
2cb98e27ce1c18abdb42209b34c382a7,1,1,0.0,4.0,1.0185416666666667,18.027511574074072,Insufficient eligible orders
2d20f1cd18725c91147da0791d498022,1,1,0.0,5.0,1.8684837962962964,8.072696759259259,Insufficient eligible orders
2d22fc3089eb907b29ebff50581fb472,3,3,0.0,3.6666666666666665,0.704753086419753,8.887986111111111,Insufficient eligible orders
2d2322d842118867781fc737e96d59a1,8,8,0.125,4.875,1.2243105158730159,6.03164207175926,Insufficient eligible orders
2d2c62bef4c8ba0dd74e0e228e808539,16,16,0.125,4.125,1.4831459780092593,8.724312065972223,Insufficient eligible orders
2d34636518ba88f5349b732fcf8ba2e4,1,1,0.0,5.0,1.3949537037037036,9.153113425925927,Insufficient eligible orders
2d378dbb39815785238c0139c7647fb7,2,2,0.0,5.0,3.552986111111111,13.318460648148148,Insufficient eligible orders
2d42ebcda99fd55f6f4bc2f1ca035d50,10,10,0.0,4.3,1.2581793981481482,8.047079861111111,Insufficient eligible orders
2d50d6282f8aa2257819a77bfaa0efe0,44,42,0.09523809523809523,3.7045454545454546,2.7777806007226737,10.561149966931216,High Volume / Problematic
2d518637f53161b973e01f56ea4bb88e,13,13,0.0,4.923076923076923,3.388876424501425,9.623982371794872,Insufficient eligible orders
2d8cfba3fcd3170555941605edaa196a,1,1,0.0,5.0,0.6925578703703704,4.2610069444444445,Insufficient eligible orders
2d9e8987a2ea5cf88dce330249043ff1,2,2,0.0,4.5,1.49953125,7.37984375,Insufficient eligible orders
2dcf93836ae3ce0d7c93e2f10876467a,9,9,0.2222222222222222,4.111111111111111,1.622505144032922,4.452097479423868,Insufficient eligible orders
2dd1fb6f0e42a2243b8a01e40cd41216,4,3,0.0,3.0,0.45494984567901237,12.243113425925927,Insufficient eligible orders
2dee2ce60de9709b1a24083217181a1f,54,54,0.018518518518518517,4.425925925925926,1.6862304955418381,12.020462319958847,High Volume / Reliable
2e0dba2da448400b1c11d7b4b22f32a4,7,7,0.0,3.142857142857143,1.8846478174603176,5.746944444444444,Insufficient eligible orders
2e13c71026e1a39ba5cc1b86dcb679aa,24,24,0.041666666666666664,4.375,2.6314407206119164,7.660073784722222,High Volume / Reliable
2e1a7d075abe038c1b2743005fe42ff1,19,18,0.16666666666666666,4.052631578947368,2.8237403549382716,9.287586162551442,Insufficient eligible orders
2e1c9f22be269ef4643f826c9e650a52,167,161,0.062111801242236024,4.107784431137724,1.8561011185875318,7.692927737520129,High Volume / Reliable
2e2f44824ab87a0cb961f68bf4073e7f,1,1,0.0,2.0,6.974814814814815,2.731886574074074,Insufficient eligible orders
2e3be8a987a30d7544dbbda6861cc14e,18,14,0.07142857142857142,3.1666666666666665,3.1224207621082622,11.334327876984128,Insufficient eligible orders
2e7ea2aafec5835e781b21d6d1faf1f1,7,7,0.14285714285714285,4.0,2.478121693121693,4.573313492063492,Insufficient eligible orders
2e90cb1677d35cfe24eef47d441b7c87,127,127,0.12598425196850394,4.118110236220472,1.9605398148148148,10.148499927092447,High Volume / Problematic
2ea0861cc19e94cad86438c984c52da4,6,6,0.0,3.3333333333333335,1.5547280092592592,3.380817901234568,Insufficient eligible orders
2eb70248d66e0e3ef83659f71b244378,202,187,0.11229946524064172,2.6633663366336635,10.786268196672609,6.85223720043573,High Volume / Problematic
2ec6e37d992a95eaddb3369dcbcc76d9,2,2,0.0,1.5,3.506302083333333,5.9194155092592595,Insufficient eligible orders
2ee0a0689f2f6a72f35a7cb6033f6e7e,4,4,0.0,4.0,0.8366059027777778,7.681750578703704,Insufficient eligible orders
2eeb6531ee027a48d401e72bebdd87d3,3,3,0.0,4.333333333333333,1.4515547839506173,10.077249228395063,Insufficient eligible orders
2ef086a599b597572aca4433b7ed6b3d,1,1,0.0,5.0,1.2727777777777778,9.951909722222222,Insufficient eligible orders
2f09f7d37a97956d11cc1a7cadd5262b,11,7,0.14285714285714285,2.909090909090909,4.173482142857143,8.203100198412699,Insufficient eligible orders
2f1e7b90e01d9f086cbcb301c0c3d406,1,1,0.0,5.0,0.8508796296296296,6.253923611111111,Insufficient eligible orders
2f3d8b4c9e2ee165075331fea3f3095a,1,1,0.0,5.0,5.076203703703704,7.242962962962963,Insufficient eligible orders
2f4b0d3b9634b647d4edee577d7ebb7e,10,10,0.0,4.9,3.740045138888889,2.0435439814814815,Insufficient eligible orders
2f4b9d112bfa44a214bc6cef085d17c8,5,5,0.0,4.4,2.7567662037037035,11.697918981481482,Insufficient eligible orders
2f73e04d12cdf0c945ded66bb3fcf6c7,3,3,0.0,3.3333333333333335,1.7616859567901235,11.453792438271606,Insufficient eligible orders
2f74af7a0ee5636f12c2336f9fffed47,13,13,0.0,4.3076923076923075,3.7215954415954418,5.7830039173789185,Insufficient eligible orders
2f9b7ce230a057a98a9f5df5893ee36c,2,2,0.0,4.5,3.725746527777778,5.898686342592592,Insufficient eligible orders
2fa13c8bd5705d279f7ed5cc9ec61c68,2,2,0.0,5.0,1.039369212962963,3.456788194444444,Insufficient eligible orders
2fb25ab44bdbeae6a4d816e0d0c9d500,5,5,0.0,4.8,2.1110902777777776,6.052759259259259,Insufficient eligible orders
2fdde51ad3e12f297da656d4fbd5d0b5,10,9,0.0,4.7,2.276518775720165,12.654390432098767,Insufficient eligible orders
2ff6b7bff164ef05590a52734e1296da,7,7,0.0,4.714285714285714,1.7022205687830687,9.815643187830688,Insufficient eligible orders
2ff97219cb8622eaf3cd89b7d9c09824,89,87,0.034482758620689655,4.52808988764045,1.2752808159722222,7.3674596902937415,High Volume / Reliable
3076499bbc033a927bf4a8a41bcf7fd4,7,7,0.0,4.285714285714286,2.0371808862433864,4.8063905423280415,Insufficient eligible orders
3078096983cf766a32a06257648502d1,59,56,0.03571428571428571,4.203389830508475,1.5617861276455027,10.18972408234127,High Volume / Reliable
30829ded4523ab9224b93bc49a62c95f,18,18,0.05555555555555555,3.7777777777777777,3.7923058127572014,7.815094521604938,Insufficient eligible orders
3092c0b297aacfb4bb6e056ebe13b9b8,19,16,0.0,3.6315789473684212,3.6349645061728397,9.633148148148148,Insufficient eligible orders
30a2f535bb48308f991d0b9ad4a8c4bb,71,71,0.028169014084507043,4.28169014084507,1.4067351046698873,6.59608201058201,High Volume / Reliable
30a81d8cf85fb2ada1b1b094c9583a95,17,17,0.0,4.823529411764706,1.3870109953703702,2.6423835784313727,Insufficient eligible orders
30c7f28fd3a5897b2c82d152bb760c17,7,6,0.16666666666666666,1.5714285714285714,9.61363811728395,10.504502314814815,Insufficient eligible orders
312ba1d77e9c332ef21f9598b7f64cd7,9,7,0.5714285714285714,2.7777777777777777,10.78635582010582,14.638070436507936,Insufficient eligible orders
31344c16881c08a8a72c6d2eb29918c1,43,42,0.047619047619047616,4.348837209302325,2.641250275573192,12.928075316169828,High Volume / Reliable
31561f325664a8a7aba4c8d0c3a9b3db,36,36,0.0,4.638888888888889,1.7091935593681917,5.44524916409465,High Volume / Reliable
318f287a62ab7ac10b703ac37435a231,52,51,0.09803921568627451,3.8653846153846154,4.002931417937545,7.247823847131445,High Volume / Problematic
31ae0774c17fabd06ff707cc5bde005f,11,11,0.09090909090909091,4.0,1.3824126683501683,9.632967171717171,Insufficient eligible orders
31be790e64fc99f8ff48ec2bd18a3104,6,6,0.3333333333333333,4.333333333333333,3.7067341820987654,2.415704089506173,Insufficient eligible orders
31da954dc0855f2495c6310f70a2f931,29,29,0.06896551724137931,4.206896551724138,1.1708756385696042,6.551016922094508,High Volume / Problematic
31e60bf8d103ce47932a85f5562deb16,1,1,0.0,5.0,0.8071990740740741,13.64079861111111,Insufficient eligible orders
31eec405c9bb71dec8e2629a92e764fa,5,5,0.0,4.6,0.8392175925925927,6.9939374999999995,Insufficient eligible orders
323ce52b5b81df2cd804b017b7f09aa7,30,29,0.13793103448275862,4.266666666666667,3.9705260217113665,12.894821998722861,High Volume / Problematic
324583d68897f5ddbaf38f6248322176,2,2,0.5,1.0,2.233229166666667,18.51765625,Insufficient eligible orders
325f3178fb58e2a9778334621eecdbf9,36,36,0.0,4.444444444444445,1.699862075617284,4.292830825617283,High Volume / Reliable
327b89b872c14d1c0be7235ef4871685,3,3,0.3333333333333333,2.3333333333333335,3.4279012345679014,44.41079861111111,Insufficient eligible orders
3289d8c3eef4873f91ce0b1343c0dd58,1,1,0.0,5.0,2.8398958333333333,10.9684375,Insufficient eligible orders
328acb143b4a73aad6bee8e734f5d20d,2,2,0.0,4.0,2.4696180555555554,9.555011574074076,Insufficient eligible orders
3296662b1331dea51e744505065ae889,1,1,0.0,5.0,1.077199074074074,2.3040046296296297,Insufficient eligible orders
32b8764b4ef628b53608fc34011fcc13,36,36,0.027777777777777776,4.194444444444445,1.558021556712963,9.313087384259259,High Volume / Reliable
32e5635e63cb374eb63afdd242fb6134,1,1,0.0,5.0,3.056574074074074,1.5855208333333333,Insufficient eligible orders
32f1bb9dfa65bc7df5c0d9d95a616be4,5,4,0.25,3.4,2.4814814814814814,3.364872685185185,Insufficient eligible orders
32f83ffe11cd40f7adcf4eef171f52d9,1,1,0.0,5.0,2.5712152777777777,6.402939814814815,Insufficient eligible orders
32fdd5d44ecb43dfd6a24b9369eca144,8,8,0.0,4.375,1.8362109375,13.486355613425925,Insufficient eligible orders
3338e7a0710a195872be80e0d2423867,1,0,,1.0,,,Insufficient eligible orders
333c4210e76a1aa2ab817b99437e3ff1,2,2,0.0,5.0,0.4028819444444445,6.748715277777778,Insufficient eligible orders
3340ef1913fb70d28420f6ceb685c339,32,32,0.03125,4.375,1.930945457175926,14.508509476273149,High Volume / Reliable
334cab711dee080b079fa5779b584783,11,11,0.0,4.909090909090909,0.9503227880658436,6.559292929292929,Insufficient eligible orders
33576ec5412fb5905d876f12f33bfde6,31,31,0.03225806451612903,4.096774193548387,8.13485103046595,6.272739321983273,High Volume / Reliable
3361277dc30b7cccdb0c286b24219756,29,29,0.06896551724137931,4.344827586206897,2.4954793263090678,10.23723738825032,High Volume / Problematic
3364a91ec4d56c98e44174de954b94f6,6,6,0.0,3.8333333333333335,1.5060416666666667,13.145219907407409,Insufficient eligible orders
33a17d60c64393351ebf1ef860f4e0f2,43,43,0.023255813953488372,4.627906976744186,3.1125650352733683,7.233078703703703,High Volume / Reliable
33a6f4b1e7cdc205511e76ba1b6e0186,105,105,0.01904761904761905,4.40952380952381,1.5163289351851852,6.782943342151675,High Volume / Reliable
33ab10be054370c254ddfcf0a6253422,4,4,0.0,5.0,1.9135619212962962,3.869013310185185,Insufficient eligible orders
33ac3e28642ab8bda860a2f693000e78,34,34,0.0,4.205882352941177,2.442145969498911,6.093389501633986,High Volume / Reliable
33c51922b6e3c16b24a8f28e5833c99d,18,18,0.05555555555555555,4.111111111111111,6.20419045781893,7.947386188271604,Insufficient eligible orders
33cbbec1e7e1044aaf11d152172c776f,15,15,0.0,4.733333333333333,0.8766261574074073,7.26977700617284,Insufficient eligible orders
33cbda8716511e27e556dff9d8418bf2,5,5,0.0,4.8,2.0059328703703705,10.421826388888888,Insufficient eligible orders
33d677f27a69b84051204ee4ae76eaca,9,9,0.0,4.555555555555555,2.70312628600823,5.73275720164609,Insufficient eligible orders
33dd941c27854f7625b968cc6195a552,5,5,0.0,4.4,1.8322222222222222,9.655722222222222,Insufficient eligible orders
33fd411ed63a7c2f9005e3f065d9f85d,1,1,0.0,4.0,0.6314467592592593,5.892337962962963,Insufficient eligible orders
34056b8b55c1775a22af2331670a799c,78,77,0.11688311688311688,4.0,1.4027169011544012,10.990464766714767,High Volume / Problematic
340636a908b13bbe0f4fb63fbe1d0c03,5,3,0.0,3.4,3.0778858024691362,3.9571720679012343,Insufficient eligible orders
343e716476e3748b069f980efbaa294e,17,16,0.0625,4.352941176470588,5.2651661220043575,7.5023415798611115,Insufficient eligible orders
3442033154be05bac582e173ef54fd12,1,1,0.0,5.0,0.5914814814814815,3.3046296296296296,Insufficient eligible orders
344223b2a90784f64136a8a5da012e7f,1,1,0.0,2.0,5.513310185185185,27.104525462962965,Insufficient eligible orders
3442f8959a84dea7ee197c632cb2df15,3,3,0.3333333333333333,3.0,4.938398919753086,8.059417438271604,Insufficient eligible orders
34675b28b826facfde119785bf287dc1,1,1,0.0,4.0,0.8228009259259259,5.101851851851852,Insufficient eligible orders
3481aa57cd91f9f9d3fa1fa12d9a3bf7,25,25,0.0,3.88,3.996200810185185,5.445168981481482,High Volume / Reliable
3492e68f37fd1df87f4f2f2ea247f445,8,8,0.0,3.875,1.789269386574074,6.651727430555556,Insufficient eligible orders
34a557286ead8fe75c989e0afcf7d98c,4,4,0.0,4.75,1.7777584876543209,6.473683449074074,Insufficient eligible orders
34aefe746cd81b7f3b23253ea28bef39,1,0,,1.0,,,Insufficient eligible orders
34d1ca11b242c0fee2c834ae8d788566,40,40,0.0,4.25,1.6258932811016145,11.063608217592591,High Volume / Reliable
34f563c82a85b99ae9e6d60db5fc2e28,8,8,0.0,4.625,2.4527763310185184,7.803061342592592,Insufficient eligible orders
3504c0cb71d7fa48d967e0e4c94d59d9,53,53,0.0,4.415094339622642,1.6111102375960866,5.490815207896576,High Volume / Reliable
35281d148dcf7134bae913c57db4e6da,1,1,0.0,5.0,3.4644675925925927,1.802511574074074,Insufficient eligible orders
353e21e8bf8de2722b4fae1636664b76,4,4,0.0,2.5,1.8515277777777777,6.668043981481482,Insufficient eligible orders
35857757f553273b1056c1cabdace7fb,6,6,0.16666666666666666,4.0,2.090655864197531,16.10833912037037,Insufficient eligible orders
3586b8580d9c917874e053a1bb37b5ff,36,36,0.027777777777777776,4.416666666666667,1.5667248585390945,11.231377636316871,High Volume / Reliable
35b96509602ec4b7da831b5cd73ff2c2,2,2,0.0,4.5,1.499565972222222,7.122442129629629,Insufficient eligible orders
35ef5aa32949680f627efec3c23e705c,4,4,0.0,3.75,4.406970486111112,6.202994791666667,Insufficient eligible orders
35fb511489d9ee3ee27a76debce9df06,7,7,0.14285714285714285,3.5714285714285716,4.459340277777778,12.23825066137566,Insufficient eligible orders
3606774ec64634822d78dc2db6d37045,2,1,0.0,3.0,8.870358796296296,5.274398148148149,Insufficient eligible orders
365e445f796710c3431557e85caa25db,4,4,0.0,4.5,0.6480208333333333,7.734227430555555,Insufficient eligible orders
365e4bce19bda0082c3d15d83fdb8bcd,6,6,0.0,4.666666666666667,1.6506693672839505,8.675038580246914,Insufficient eligible orders
36890be00bbfc1cdb9a4a38a6af05a69,13,13,0.15384615384615385,4.230769230769231,2.762281873219373,6.155040064102565,Insufficient eligible orders
36a968b544695394e4e9d7572688598f,154,148,0.033783783783783786,3.6493506493506493,3.719398385971588,6.630496740362812,High Volume / Reliable
36f98ad67cc981f50ce8aed093d5783c,2,2,0.0,4.0,0.37389467592592596,5.386452546296296,Insufficient eligible orders
37303482a42fb700d8d127e70a9cd6c8,2,1,0.0,3.0,1.1299768518518518,0.9093287037037037,Insufficient eligible orders
373ee4a3a775a733770ca3f790b8b9ac,13,13,0.07692307692307693,3.923076923076923,4.408632478632478,4.612866809116809,Insufficient eligible orders
37515688008a7a40ac93e3b2e4ab203f,228,227,0.07929515418502203,4.0701754385964914,4.562352188366781,10.184428978203869,High Volume / Problematic
376a891762bbdecbc02b4b6adec3fdda,57,57,0.03508771929824561,4.666666666666667,1.1579357537361925,10.533814165042235,High Volume / Reliable
376d67b61dce0c990155286e7ae486a4,1,1,0.0,4.0,1.1620833333333334,13.166400462962963,Insufficient eligible orders
3771c85bac139d2344864ede5d9341e3,26,26,0.11538461538461539,3.8461538461538463,3.7465607193732193,9.05105056980057,High Volume / Problematic
377bc18334c78dd2f1535ef22a3ad225,1,1,0.0,5.0,1.8185995370370371,8.060925925925925,Insufficient eligible orders
3785b653b1b82de85ab47dd139938091,21,21,0.0,4.714285714285714,1.3844901895943562,10.07234623015873,High Volume / Reliable
37be5a7c751166fbc5f8ccba4119e043,272,269,0.026022304832713755,4.3125,2.996643948781495,7.296978047982927,High Volume / Reliable
37ceb404da208418c9032f0674e57804,1,0,,1.0,,,Insufficient eligible orders
37dd29b36c458d82f74a953c40c43645,7,7,0.14285714285714285,3.857142857142857,5.99522156084656,12.310244708994707,Insufficient eligible orders
38102b031c2a15e54623d711bfc753d3,9,8,0.0,3.6666666666666665,6.751388888888889,13.944150752314815,Insufficient eligible orders
381c83fdca332ea6afd896da20bf6e4a,46,46,0.021739130434782608,4.391304347826087,2.089541062801932,10.333782206119162,High Volume / Reliable
3820c6537b3853be1a0687d5a60807ec,1,0,,1.0,,,Insufficient eligible orders
382229d1e840115ffe3dbf5ff460e417,46,45,0.06666666666666667,4.217391304347826,1.3255010288065845,7.62151774691358,High Volume / Reliable
385799a1cddbd26dfeb9157356a42282,5,4,0.0,4.0,3.9548234953703707,3.872349537037037,Insufficient eligible orders
38874e327ce94d11390b96eb42d61928,6,6,0.16666666666666666,4.0,14.499091435185186,5.361413966049383,Insufficient eligible orders
389e45560e33d2d0747f949dcddbc08e,1,1,0.0,5.0,0.6811111111111111,3.2602546296296295,Insufficient eligible orders
38af8acfd46ac4a7bf754e8ca6736664,5,5,0.0,4.8,2.2523032407407406,3.5258935185185187,Insufficient eligible orders
38e679b9e0064cd94c6f035707344dae,28,27,0.037037037037037035,4.035714285714286,2.214588477366255,8.5805109739369,High Volume / Reliable
38e6dada03429a47197d5d584d793b41,7,7,0.0,4.428571428571429,4.652238756613756,5.213885582010582,Insufficient eligible orders
38f276ca6e7cc95a6d1bb55ac9e5550f,1,1,0.0,5.0,1.9232523148148148,3.270046296296296,Insufficient eligible orders
3903c788ded8dc03b5ebab37a2f3e9a1,5,5,0.2,4.0,3.843303240740741,5.207870370370371,Insufficient eligible orders
391bbd13b6452244774beff1824006ed,2,1,1.0,1.0,14.27576388888889,29.28266203703704,Insufficient eligible orders
391fc6631aebcf3004804e51b40bcf1e,526,521,0.08637236084452975,4.022813688212928,3.1171725997842503,11.080748024810525,High Volume / Problematic
392353362d22cc2c236e1ee81ff19890,5,5,0.0,4.6,1.2660925925925925,5.711907407407407,Insufficient eligible orders
392e0502231ae2f8b29994ef6398cd77,20,17,0.11764705882352941,4.0,2.9054330065359477,14.549569035947712,Insufficient eligible orders
392f7f2c797e4dc077e4311bde2ab8ce,2,2,0.0,5.0,0.15191550925925926,4.509855324074074,Insufficient eligible orders
3935fe5fe0f82787a9dcb8deb62be09d,16,16,0.125,4.0,1.6756358506944444,9.412135416666667,Insufficient eligible orders
3968920b9aa752ab98f7d5888c9252f2,8,8,0.125,3.875,1.4481293402777777,7.796880787037037,Insufficient eligible orders
3969863bb8af7f72580b3b1ffd3a17b3,12,12,0.0,4.083333333333333,4.270274884259259,5.807872299382716,Insufficient eligible orders
397c4d0c005b6f41f90098ac724e28cb,5,5,0.4,4.4,4.223030092592593,11.251083333333334,Insufficient eligible orders
3985a3c45be355a4c57fde108bfabd1c,7,7,0.0,4.0,0.7271412037037036,9.985952380952382,Insufficient eligible orders
3986c0b54f6b748b75e7bd4e092aa3e5,1,1,0.0,5.0,2.738865740740741,3.374016203703704,Insufficient eligible orders
398cb257329ef7af7f1943a8974a3cbc,1,1,0.0,5.0,2.866412037037037,4.000868055555555,Insufficient eligible orders
39a5005f2605cbdb4f9ac14485cabfd1,3,3,0.0,5.0,0.9882677469135803,7.708217592592592,Insufficient eligible orders
39c763cca83e654764b7a4a650fb9b7c,11,11,0.18181818181818182,3.8181818181818183,2.0413520622895622,11.15267361111111,Insufficient eligible orders
39d54ff918774174706fb065d7f9dc07,23,22,0.09090909090909091,3.9130434782608696,2.4089104587542085,11.279291351010102,High Volume / Problematic
39d61be7a92eb77b7da367bd4845bc0e,7,7,0.0,4.0,3.876808862433862,6.356676587301587,Insufficient eligible orders
39f776d2974049026ff531fc42ef2a3e,3,3,0.0,3.6666666666666665,9.281118827160492,6.986122685185186,Insufficient eligible orders
3a1a1fec38dd360f15fc912e821e169d,15,15,0.26666666666666666,3.8666666666666667,3.087059413580247,10.925506172839507,Insufficient eligible orders
3a3c180dd702a725bd0ba4117689239e,1,1,0.0,4.0,2.7511111111111113,11.063275462962963,Insufficient eligible orders
3a3e46d10f74d8a6ca76e2b538f106a0,3,2,0.0,3.3333333333333335,2.410885416666667,16.632158564814816,Insufficient eligible orders
3a4127e1ba7208ea37044c5092aae170,6,5,0.0,3.5,2.3911689814814814,8.790495370370369,Insufficient eligible orders
3a490ba60afa30ece0e7d50cfe74a4f0,8,8,0.0,4.625,1.2353125,10.672582465277777,Insufficient eligible orders
3a52d63a8f9daf5a28f3626d7eb9bd28,1,1,0.0,1.0,1.9740162037037037,4.356886574074074,Insufficient eligible orders
3a734b715d333a2588a3d54a0c9b8746,18,15,0.06666666666666667,3.9444444444444446,2.392202160493827,9.498138888888889,Insufficient eligible orders
3a79f35a2344ede41af21267f61d5ec6,1,1,0.0,1.0,4.499131944444445,8.250497685185184,Insufficient eligible orders
3aa3c89ae3cd482385568be76120f63c,1,1,0.0,4.0,5.459247685185185,4.1908564814814815,Insufficient eligible orders
3ab971ce71839580d2ae5b4e40fe8044,36,35,0.05714285714285714,3.75,1.8264171432461875,4.7273316798941805,High Volume / Reliable
3ac588cd562971392504a9e17130c40b,1,1,0.0,5.0,5.758831018518518,1.3150694444444444,Insufficient eligible orders
3ade81dab5a172b88e1871c28ae05260,30,28,0.10714285714285714,3.9,3.5352959656084657,10.333198578042328,High Volume / Problematic
3afc536624bc2e65bddfb5db33cc01f3,6,6,0.0,3.5,2.736489197530864,6.562660108024691,Insufficient eligible orders
3b15288545f8928d3e65a8f949a28291,104,101,0.06930693069306931,3.980769230769231,2.9085020168683533,11.223913870553723,High Volume / Problematic
3b18f9856c6eb2413eafedb58e9eecd9,1,1,0.0,5.0,3.2371296296296297,4.060196759259259,Insufficient eligible orders
3b872fd4747f01cc56206f2934198618,25,25,0.16,3.88,1.8829208333333332,12.026673148148147,High Volume / Problematic
3bb32fedaa74e4ad20f4ce067733bd31,2,2,0.0,4.5,1.526568287037037,5.296701388888889,Insufficient eligible orders
3bb548e3cb7f70f28e3f11ee9dce0e59,46,46,0.0,4.195652173913044,2.880912615740741,7.864307065217392,High Volume / Reliable
3bdff180c7e1f6551a643b99c265a120,59,56,0.017857142857142856,4.033898305084746,1.7201510830026456,7.8983738425925925,High Volume / Reliable
3be5841cdcc46de4ed3f9116f104b2c5,4,4,0.0,4.75,2.0522395833333333,4.6573697916666665,Insufficient eligible orders
3be634553519fb6536a03e1358e9fdc7,83,80,0.075,3.9397590361445785,2.3719752604166664,7.471539207175925,High Volume / Problematic
3bfad056cf05c00dabe2f895925d83b1,1,0,,1.0,,,Insufficient eligible orders
3bfba5a77604f6dfae7e6dd7aaf65821,4,4,0.0,5.0,0.8863136574074073,7.980494791666667,Insufficient eligible orders
3c010235b7345c92f125d14ee232a76b,15,15,0.0,4.666666666666667,4.60198225308642,5.8169305555555555,Insufficient eligible orders
3c03b12bab54d8b37d79d914bfdb1aa0,37,37,0.16216216216216217,3.7567567567567566,1.3939849224224226,11.901121121121122,High Volume / Problematic
3c3017960b2dbd72711a61f0400aab8f,10,9,0.0,4.0,0.736318158436214,11.361378600823045,Insufficient eligible orders
3c487ae8f8d7542beff5788e2e0aea83,30,30,0.03333333333333333,4.2,2.947413194444444,10.313762731481482,High Volume / Reliable
3c4e0452bff7a2a788179488d3d77032,32,32,0.03125,3.875,1.915916160300926,11.580886140046296,High Volume / Reliable
3c7c4a49ec3c6550809089c6a2ca9370,141,139,0.05755395683453238,3.6595744680851063,1.760843741673328,7.205081851185718,High Volume / Reliable
3c88ed2e76a2247933a15daa7161eb1c,1,1,0.0,5.0,4.907222222222222,14.98224537037037,Insufficient eligible orders
3ca08eeb8d5595949fed424bd3677742,14,13,0.0,4.428571428571429,2.013439280626781,7.929129273504273,Insufficient eligible orders
3cfa1358a6caa965278721344c8d76f2,5,5,0.0,4.8,2.0885648148148146,3.705747685185185,Insufficient eligible orders
3d01d1c414c44b5943a09619ff3853cb,5,4,0.0,3.8,0.9364554398148148,11.826684027777778,Insufficient eligible orders
3d0cd21d41671c46f82cd11176bf7277,9,9,0.0,4.666666666666667,3.2764994855967076,9.417962962962964,Insufficient eligible orders
3d2400ac620cffa23ac81bd192f7f555,1,1,0.0,5.0,3.0608449074074073,4.281979166666667,Insufficient eligible orders
3d2531eccfbde1d7c8db7a3a12fb267a,10,10,0.0,3.9,2.106474537037037,7.118265046296297,Insufficient eligible orders
3d290fe363c60a77498c1126fd3fb8d3,3,3,0.0,4.333333333333333,3.329170524691358,3.6338078703703705,Insufficient eligible orders
3d39fbf22a665714baf62fae36029e23,8,8,0.0,4.75,2.2902806712962964,6.221357060185185,Insufficient eligible orders
3d3ccf2b2f8134b10dce9dd446f0e075,3,3,0.3333333333333333,3.3333333333333335,2.3002854938271606,13.791369598765433,Insufficient eligible orders
3d4824f20035949c710eaf111f869d39,9,8,0.125,4.111111111111111,3.8987311921296293,4.557458043981481,Insufficient eligible orders
3d49bfdd1b43a7fe169b3740067acc61,3,3,0.0,4.666666666666667,0.6469039351851853,6.780686728395062,Insufficient eligible orders
3d4b1ae7539303b5704493798893e82c,6,6,0.0,4.833333333333333,2.0515354938271604,9.34231674382716,Insufficient eligible orders
3d5d0dc7073a299e31fa718ce1bc00b6,23,21,0.047619047619047616,4.304347826086956,1.490303971734893,6.624383267195767,High Volume / Reliable
3d621842b2ed28e2b474132480edac3c,10,8,0.0,3.9,3.7286660879629627,5.83324363425926,Insufficient eligible orders
3d62f86afa7c73be2628a3be1423f5a0,2,2,0.0,4.0,3.9866319444444445,12.475428240740742,Insufficient eligible orders
3d68c634a99a1ba46dbca3967a69c623,2,2,0.0,5.0,0.518900462962963,8.21828125,Insufficient eligible orders
3d700782d7818f2c1e0d7a9e9d75fc00,3,3,0.3333333333333333,3.6666666666666665,1.582831790123457,23.804726080246912,Insufficient eligible orders
3d871de0142ce09b7081e2b9d1733cb1,1080,1064,0.05451127819548872,4.135185185185185,2.9513768330179753,10.206548587179755,High Volume / Reliable
3d8fa2f5b647373c8620330c4e077a9f,43,42,0.023809523809523808,4.093023255813954,2.856872177055104,6.013979552469136,High Volume / Reliable
3da38366e7bd9baf6369071f782ecdf0,1,1,1.0,1.0,22.50747685185185,30.298738425925926,Insufficient eligible orders
3db66a856d18a9cba7c9241fc5221c50,94,94,0.10638297872340426,4.202127659574468,5.287863475177305,10.26252056245075,High Volume / Problematic
3dbbce181edfaa4a597ec858c382d2ec,17,17,0.058823529411764705,4.235294117647059,2.945542619825708,10.569980936819173,Insufficient eligible orders
3dc69bf2c42f0568a5c4791ec3fd3745,2,1,0.0,4.0,0.3635763888888889,25.898506944444446,Insufficient eligible orders
3ded4e2d5f135cb103e5949d7263d2dd,1,1,0.0,5.0,0.7108796296296296,3.7589814814814817,Insufficient eligible orders
3df020b72d3d44b3af9d110fa3940b65,55,55,0.09090909090909091,4.054545454545455,1.6684895833333333,11.395420664983165,High Volume / Problematic
3dfd3dc96f7f8598eca74e9ac8a2fa31,6,6,0.16666666666666666,4.0,2.647872299382716,9.56538387345679,Insufficient eligible orders
3e35a8bb43569389d3cebef0ce820f69,1,1,0.0,5.0,5.188148148148148,2.7133101851851853,Insufficient eligible orders
3e46a38ee171c503c3b4a3f23fe3bf0c,1,1,0.0,5.0,2.969236111111111,1.2017824074074075,Insufficient eligible orders
3e51f9cbe317bc3a88f2c76583811ee4,1,1,0.0,5.0,3.629699074074074,5.236018518518518,Insufficient eligible orders
3e8bd881d92466e63ba9e3e809cd3c50,9,8,0.25,3.7777777777777777,0.8964988425925926,12.50201244212963,Insufficient eligible orders
3ea00e1dea2b0659dbaf654735929220,7,7,0.0,4.857142857142857,1.952590939153439,8.48667824074074,Insufficient eligible orders
3ea08c48e851106d2f584349daba335f,1,1,0.0,4.0,4.696099537037037,1.295474537037037,Insufficient eligible orders
3ef37b7ca6dd2b80bd8af81a62504996,2,2,0.0,4.5,6.202274305555555,6.396556712962964,Insufficient eligible orders
3f0e48d209018b466fcd3bb4ccfeb520,9,9,0.0,3.888888888888889,1.3190483539094648,8.015833333333333,Insufficient eligible orders
3f2af2670e104d1bcb54022274daeac5,6,6,0.16666666666666666,3.3333333333333335,3.1242013888888893,9.338282407407409,Insufficient eligible orders
3f3486b61f45078d4f31ee5e43d8c5bb,40,39,0.10256410256410256,4.325,1.449011752136752,11.992269408831909,High Volume / Problematic
3f8034bfc6b8b4135534975d49f04c63,12,11,0.0,3.75,1.4003577441077442,9.175613425925926,Insufficient eligible orders
3f8247d0f772ffa58560e5c682521ad5,1,0,,3.0,,,Insufficient eligible orders
3f84fefc07dc159b268d4a77d3e8c425,3,3,0.0,5.0,2.7905131172839504,5.168869598765432,Insufficient eligible orders
3f995f07c49d0d55a99d5c54957f7d81,43,43,0.023255813953488372,4.209302325581396,1.3894207451499119,7.823909345391904,High Volume / Reliable
3f9be91358837bff69df67edfa3e42e8,7,7,0.0,4.428571428571429,1.1831117724867724,8.51334656084656,Insufficient eligible orders
3f9c56764fabca627406093dcb3ef0b4,7,7,0.0,4.714285714285714,2.5877943121693123,5.419836309523809,Insufficient eligible orders
3fac58ce0ad699020c7944d53c41329c,10,10,0.0,4.4,2.4722650462962963,2.3120231481481484,Insufficient eligible orders
3fadb4cba4c35bce6a7eaf9872d5623a,3,3,0.0,3.3333333333333335,1.5603086419753087,5.562391975308642,Insufficient eligible orders
3faf68a3b0af94b10bac70d86077be49,7,7,0.0,4.571428571428571,9.677906746031747,6.263845899470899,Insufficient eligible orders
3fd1e727ba94cfe122d165e176ce7967,37,35,0.2,3.7837837837837838,2.0637665343915343,13.354630621693122,High Volume / Problematic
3fe7120d6257285ac6a3ce7cb071ccec,2,2,0.0,3.5,3.4066724537037034,6.15666087962963,Insufficient eligible orders
3febca52652e7209509ccfe61cbde40e,2,0,,2.0,,,Insufficient eligible orders
3fefda3299e6dfaea3466ef346a3571a,1,1,0.0,4.0,2.7971296296296297,2.8226388888888887,Insufficient eligible orders
4003520d80d0bad1d5623f7aa3c63cda,1,1,0.0,1.0,1.8075578703703703,15.261747685185185,Insufficient eligible orders
400f221ab83037c0ea78f1267da9624d,1,0,,1.0,,,Insufficient eligible orders
402916f742e5c740cc751493d9cf5053,9,9,0.0,4.666666666666667,0.9733391203703704,5.403333333333332,Insufficient eligible orders
403aa86912527d730337ffcb0fb096ab,11,11,0.0,3.727272727272727,2.701599326599327,7.593584806397306,Insufficient eligible orders
4049512728d969bec69f84088b012416,7,7,0.0,5.0,2.5795965608465607,7.416643518518518,Insufficient eligible orders
404e1ba01358af4cd63f679b2c4d1fa1,8,8,0.0,5.0,2.3720109953703705,5.821861979166667,Insufficient eligible orders
40536e7ca18e1bce252828e5876466cc,2,0,,1.0,,,Insufficient eligible orders
406740ee611378a662d274c7d8c43c4a,8,8,0.125,4.375,2.231652199074074,12.141362847222222,Insufficient eligible orders
406822777a0b9eb5c50e442dd4cd3ec5,45,44,0.11363636363636363,4.222222222222222,1.983171033249158,11.152157249579124,High Volume / Problematic
4091f77d8c768fc3e81c20761471761d,8,8,0.25,2.75,1.7748394097222222,15.730674189814815,Insufficient eligible orders
40d54b51e962dbe09cabbcfd33298dee,30,30,0.0,4.0,2.1378373015873016,4.8905617283950615,High Volume / Reliable
40db9e9aa57f7bb151bcda6b0f9bdbb7,12,12,0.08333333333333333,2.25,5.148938078703703,8.809417438271604,Insufficient eligible orders
40ec8ab6cdafbcc4f544da38c67da39a,2,2,0.0,5.0,1.858449074074074,4.711643518518518,Insufficient eligible orders
411f3b52d857390502ee4e4d5ceabc2d,21,21,0.09523809523809523,3.9047619047619047,1.6241030092592592,8.08981316137566,High Volume / Problematic
4125d9385a25e82d2f72d3a0fd55bc3f,1,1,0.0,5.0,4.812407407407408,4.166990740740741,Insufficient eligible orders
412a4720f3e9431b4afa1476a1acddbe,21,21,0.047619047619047616,4.238095238095238,0.9486711860670193,8.963456238977072,High Volume / Reliable
4170f6a9367e6b5d6401d03ce6d54569,4,4,0.25,4.0,15.06605613425926,8.864212962962963,Insufficient eligible orders
417a1e6c7321084d2a0ae0d023cfad93,1,1,0.0,5.0,2.112060185185185,3.877083333333333,Insufficient eligible orders
41958cbd3335433c8740300e8cd600d5,1,1,0.0,5.0,3.9720601851851853,0.8492592592592593,Insufficient eligible orders
41ab63a91b8b264e8c8780368bf1dd5b,12,12,0.0,4.25,7.148322723765432,8.582256944444444,Insufficient eligible orders
41b14765bd56c8ad10971074380f9c0c,8,8,0.0,4.625,1.6290525793650794,5.221760706018518,Insufficient eligible orders
41b39e28db005d9731d9d485a83b4c38,195,187,0.0481283422459893,4.066666666666666,4.131019016328156,7.9521512221226605,High Volume / Reliable
41b86b552e54e3a7009596125aa8b167,10,10,0.0,4.3,1.9019675925925927,11.788063657407408,Insufficient eligible orders
41c2bad7229b0c25e6becf179ebf63ff,20,20,0.0,4.95,1.1998501157407406,2.845019675925926,High Volume / Reliable
41c9d3997dd3c072c31139dc5bb5761f,3,3,0.0,4.333333333333333,9.847750771604938,11.564116512345677,Insufficient eligible orders
41da412d33e8da4f22baf55cb1bde82c,15,15,0.0,4.666666666666667,1.6803302469135803,8.071239197530865,Insufficient eligible orders
41e0fa5761c886a630994a55c12087e7,5,5,0.0,5.0,2.848640046296296,7.499636574074074,Insufficient eligible orders
4200ddf1967c5e41e48db62bc6d4b5ac,22,22,0.045454545454545456,4.0,1.8183162477954145,7.976977588383838,High Volume / Reliable
4221a7df464f1fe2955934e30ff3a5a1,5,5,0.0,4.8,4.5143101851851855,11.614245370370371,Insufficient eligible orders
422be4cc81a457fdb46f47edeb968ae5,1,1,0.0,5.0,7.644722222222223,10.48193287037037,Insufficient eligible orders
427165bf50f8ca07efc7bdc2bfcf1688,5,5,0.6,3.2,1.1142662037037039,37.30824768518518,Insufficient eligible orders
42b6488f5b8246d9141712abd4b1b693,2,2,0.0,4.0,1.4713541666666667,6.41427662037037,Insufficient eligible orders
42b729f859728f5079499127a9c2ef37,104,103,0.07766990291262135,4.451923076923077,2.9750144675925925,4.574949096548004,High Volume / Problematic
42bde9fef835393bb8a8849cb6b7f245,35,34,0.029411764705882353,4.257142857142857,2.016290168845316,8.152048611111113,High Volume / Reliable
42d4b7e70819438f5ada61c965e92d7e,1,1,0.0,1.0,9.130636574074074,12.793043981481482,Insufficient eligible orders
42ef3192a9ff87a22d1867b74b3ee205,23,23,0.0,4.6521739130434785,3.6724894323671498,5.185207326892109,High Volume / Reliable
42fa4ee7240e9b8eb4576358ec142ba7,22,22,0.0,4.7272727272727275,1.0005755471380473,5.661731376262626,High Volume / Reliable
42fb44130ac3134cde8e35cf8ec7df25,3,2,0.0,3.6666666666666665,0.9355034722222222,4.964479166666667,Insufficient eligible orders
430315b7bb4b6e4b3c978f9dfa9b0558,20,19,0.05263157894736842,3.8,3.792263645224171,9.44066825048733,Insufficient eligible orders
4305fe92735c8a43d154ff6dd2b8d927,19,17,0.0,3.9473684210526314,2.4809763071895423,8.69942061546841,Insufficient eligible orders
431050a06a317f2b38168dec3dcd2b46,12,10,0.0,4.25,2.648414351851852,6.428288194444444,Insufficient eligible orders
431af27f296bc6519d890aa5a05fdb11,117,116,0.13793103448275862,3.752136752136752,4.414067089719029,12.439590217911876,High Volume / Problematic
4324dd16853115efb0fd9d0d131ba6f4,12,12,0.08333333333333333,4.083333333333333,1.450980902777778,11.146390817901235,Insufficient eligible orders
432c37c9dfba871172ec162e20118b8c,46,44,0.09090909090909091,4.108695652173913,3.8328966750841755,10.09758233375421,High Volume / Problematic
432c67955c0acd1fd6b0b5d678766a71,3,1,0.0,2.3333333333333335,3.2900347222222224,0.71,Insufficient eligible orders
43402bdf22aa2310e8f99e2f94f78628,4,4,0.0,2.5,10.574916087962961,5.01035011574074,Insufficient eligible orders
4342d4b2ba6b161468c63a7e7cfce593,20,2,0.5,1.25,3.770399305555556,11.884351851851852,Insufficient eligible orders
436bf27f2f18474fc6047702e9f8a866,1,1,0.0,5.0,4.998796296296296,14.162002314814815,Insufficient eligible orders
4371b634e0efc0e22b09b52907d9d469,102,101,0.06930693069306931,4.411764705882353,1.5044458473625142,9.275263797213055,High Volume / Problematic
43753b27d77860f1654aa72e251a7878,1,1,0.0,5.0,3.5200694444444443,21.02721064814815,Insufficient eligible orders
4391ea5c5990502176a1dcda44a2373d,3,3,0.0,4.666666666666667,1.0103819444444444,10.085570987654322,Insufficient eligible orders
439a47cc365d6e3bd526812ea9de3c29,8,8,0.0,4.25,1.0804181134259259,5.820131655092593,Insufficient eligible orders
43a1d4bab73b816e44ef4e4facd9f9b5,1,1,0.0,4.0,1.8347569444444445,7.981331018518518,Insufficient eligible orders
43a5d4a57af536fddc96d08be3afdfcb,1,1,0.0,1.0,12.765115740740741,,Insufficient eligible orders
43b2c864251aa0ce4030c746984e088a,2,2,0.0,3.0,1.8554513888888888,4.679334490740741,Insufficient eligible orders
43f8c9950d11ecd03a0304a49e010da6,41,41,0.04878048780487805,4.560975609756097,1.4355510388437218,9.54526281616983,High Volume / Reliable
44073f8b7e41514de3b7815dd0237f4f,144,142,0.035211267605633804,3.75,2.7182979544260575,10.056893909754825,High Volume / Reliable
440dd6ab244315c632130ecfb63827b1,94,91,0.13186813186813187,3.8191489361702127,2.6378229293854294,13.609044312169312,High Volume / Problematic
443d880f15cbd3572885e1d44bf2c478,1,1,0.0,2.0,5.064444444444445,7.329166666666667,Insufficient eligible orders
4450bd8327d471c4a11a83d1445b1b62,1,1,0.0,5.0,1.423125,5.874479166666666,Insufficient eligible orders
446cc09cdbb130904da114e807dbec40,3,3,0.0,4.666666666666667,0.8150154320987655,2.918560956790124,Insufficient eligible orders
44717f64ec2a457979cf83c429077666,2,2,0.0,5.0,0.7463946759259259,3.707563657407407,Insufficient eligible orders
447d377bdb757058acb569025ee18a93,1,1,0.0,5.0,3.219224537037037,14.746435185185184,Insufficient eligible orders
44ed138eca6214d572ce1d813fb0049b,2,2,0.0,4.5,2.9185995370370375,5.583773148148148,Insufficient eligible orders
44f091b5abab8018f682fce8124b85e5,6,3,0.6666666666666666,2.5,10.893541666666666,3.7590046296296293,Insufficient eligible orders
45213867cefbf2cd4c6177e10216a951,14,14,0.07142857142857142,3.857142857142857,2.2638905423280424,12.034642857142858,Insufficient eligible orders
4559697a8f7e637227c2eeaed843baff,42,39,0.07692307692307693,4.0476190476190474,2.1313734567901235,10.44315378679962,High Volume / Problematic
455befea1bb853c75ccbca94cff26e5c,1,1,0.0,3.0,3.45525462962963,7.210613425925926,Insufficient eligible orders
455c5640e8c5bd1b2ee85c0158f85727,8,8,0.0,4.5,2.300372299382716,12.730102719907407,Insufficient eligible orders
455f46ef09a9e45667e2981df84b5cc2,2,1,0.0,2.5,8.667164351851852,4.308078703703703,Insufficient eligible orders
457fe919b032a3f7dadba6fb92cf7855,9,9,0.0,4.777777777777778,1.6960532407407407,3.7920550411522638,Insufficient eligible orders
458c6fa920810ce2492da71bc26d9eec,2,2,0.0,2.5,4.838269675925925,20.54865162037037,Insufficient eligible orders
458d868c9642f55f18f04e951a3fdde6,2,2,0.0,5.0,6.036197916666667,11.564230324074074,Insufficient eligible orders
45a3d05fb00435e52a28859dd03703b3,1,1,0.0,5.0,16.158310185185186,9.024212962962963,Insufficient eligible orders
45ba18c210d42734ec52c0c1c574e9ee,38,35,0.05714285714285714,3.8684210526315788,0.9824471450617284,5.74406712962963,High Volume / Reliable
45c20d94d9171b0bcfab3c955e47d67b,4,4,0.0,4.5,1.9561400462962963,12.406267361111112,Insufficient eligible orders
45d33f715e24d15a6ccf5c17b3a23e3c,59,56,0.05357142857142857,4.016949152542373,3.9285675016534394,7.132240823412699,High Volume / Reliable
461ff5303b6c9c1a4a07f40c5aece516,3,3,0.0,3.6666666666666665,1.7246682098765431,4.5356404320987656,Insufficient eligible orders
466222e777149751370e7e98fb623b0c,1,1,0.0,5.0,0.6185300925925926,6.203240740740741,Insufficient eligible orders
4677a5437afda5fa7140b927b07be1cc,11,11,0.09090909090909091,4.363636363636363,3.0327704124579125,9.003623737373736,Insufficient eligible orders
46dc3b2cc0980fb8ec44634e21d2718e,521,503,0.05765407554671968,4.1708253358925145,2.843387807717898,8.822211408993654,High Volume / Reliable
46ef1a25845fc051c2998d878354810c,5,5,0.0,4.4,2.038326388888889,14.796939814814815,Insufficient eligible orders
4736e9d642ef4257cd7622516931eb51,16,16,0.0,4.125,1.4967064525462963,2.7916861979166665,Insufficient eligible orders
47648caee88ccfe951fbb27fbf7b4cbe,3,3,0.3333333333333333,3.6666666666666665,2.5886574074074074,10.813942901234569,Insufficient eligible orders
478bfe564db21eeb44386606aa30b650,3,3,0.0,4.666666666666667,4.880895061728395,9.084471450617285,Insufficient eligible orders
47efca563408aae19bb7206c2d969ea9,12,11,0.0,4.083333333333333,1.5209438131313133,12.005421927609428,Insufficient eligible orders
47f55702f598c7c6cc8458b0fbc1c49a,2,1,0.0,3.0,6.158900462962963,11.120833333333334,Insufficient eligible orders
48162d548f5b1b11b9d29d1e01f75a61,68,66,0.015151515151515152,3.8970588235294117,1.226241407126824,9.938035739337822,High Volume / Reliable
4830e40640734fc1c52cd21127c341d4,210,204,0.049019607843137254,4.133333333333334,1.6199287880861157,8.071322111020335,High Volume / Reliable
48328ec9a579151d9cc6a86d4a59336c,1,1,0.0,2.0,2.1684722222222224,19.04945601851852,Insufficient eligible orders
483ca627d131e18f988349b1655c0acd,1,1,0.0,5.0,4.260370370370371,9.157199074074073,Insufficient eligible orders
48436dade18ac8b2bce089ec2a041202,138,134,0.07462686567164178,4.0144927536231885,4.064572709369817,9.997200456053069,High Volume / Problematic
485452467ff670447e84a8370c3fc898,3,3,0.0,4.666666666666667,2.387542438271605,11.81903935185185,Insufficient eligible orders
4867209cb29b56b92893d7bde3ce8012,1,1,0.0,4.0,3.9239236111111113,6.295451388888889,Insufficient eligible orders
4869f7a5dfa277a7dca6462dcf3b52b2,1132,1124,0.10498220640569395,4.122791519434629,2.3775057454036768,12.308212526360881,High Volume / Problematic
48985c61529077fa4f1e38bcff0f2ed3,7,7,0.0,4.428571428571429,0.9252314814814815,9.32183201058201,Insufficient eligible orders
48b6c3f4c6a93171da04b75313f2130f,2,2,0.0,5.0,2.3955266203703705,21.72171875,Insufficient eligible orders
48bad451945f5227341793478d6353ea,3,3,0.3333333333333333,4.0,10.607673611111112,11.293773148148148,Insufficient eligible orders
48e5ee06fb2dc74df1c711a9b6dfac2a,1,1,0.0,5.0,3.1123148148148148,8.115844907407407,Insufficient eligible orders
48e954b2da4f6a750c844173b347ed40,2,2,0.0,4.5,0.7140104166666666,7.308217592592593,Insufficient eligible orders
48efc9d94a9834137efd9ea76b065a38,33,33,0.0,5.0,4.070240249719417,5.3669447951739615,High Volume / Reliable
48fb026ed7455a42f5d3e9390ed5088e,11,9,0.0,2.6363636363636362,1.836926440329218,9.74332690329218,Insufficient eligible orders
49067458c68f7701fd334ce326accbe0,17,17,0.0,3.3529411764705883,4.6272528594771245,7.160267565359477,Insufficient eligible orders
4917cee8d902e13428c3ec4b1ca6f315,33,31,0.03225806451612903,4.0606060606060606,7.976327284946236,9.784628509557944,High Volume / Reliable
491a5ada3aa1678414e990262c4bbdc1,2,1,0.0,3.0,1.6285532407407408,4.877349537037037,Insufficient eligible orders
49383af7ab774e4e8f3000f49c83dc4b,8,8,0.0,4.375,2.4054267939814813,5.353971354166666,Insufficient eligible orders
4965a7002cca77301c82d3f91b82e1a9,1,1,0.0,5.0,1.0098726851851851,1.8757407407407407,Insufficient eligible orders
497709c2976a8fa308730a2dec5b0726,1,1,0.0,5.0,3.835821759259259,2.102951388888889,Insufficient eligible orders
4978a02ea9c8be7a9b5480680f40334e,18,18,0.0,3.5555555555555554,1.70752237654321,3.349467592592593,Insufficient eligible orders
499185655c29ecfdbfe776ef7cf875b5,1,1,0.0,4.0,4.897881944444444,6.212314814814815,Insufficient eligible orders
4992e76a42cb3aad7a7047e0d3d7e729,57,56,0.05357142857142857,3.912280701754386,1.2757464185883998,6.158652240410054,High Volume / Reliable
499ec63c58e51296c9cf57edcfe1c8a8,5,5,0.0,4.8,0.9914583333333333,4.21374537037037,Insufficient eligible orders
49cdc90518a4f82676b38b3c1aa43ff6,5,5,0.0,3.8,1.8830740740740741,3.547712962962963,Insufficient eligible orders
49e7217cfe4e427191c378ec626d8737,13,12,0.0,3.8461538461538463,4.130654899691359,11.682390046296296,Insufficient eligible orders
49f8d2ea7b718d0ce587d34207caf2b4,1,1,0.0,5.0,3.698240740740741,3.1267824074074073,Insufficient eligible orders
4a1917ef994878940e1fb03eeb787ad7,2,2,0.0,3.0,1.7692650462962962,7.69109375,Insufficient eligible orders
4a1f694197d05fe70026b016a7316b41,14,14,0.07142857142857142,4.571428571428571,1.8801157407407405,6.766726190476191,Insufficient eligible orders
4a23adac87cf538689fa600d976f78b2,3,3,0.0,4.333333333333333,6.356921296296296,5.720459104938271,Insufficient eligible orders
4a3ca9315b744ce9f8e9374361493884,1806,1772,0.09706546275395034,3.8045404208194906,2.3856063272483756,11.722696700474458,High Volume / Problematic
4a3ccda38b2129705f3fb522db62ca31,66,64,0.0625,3.878787878787879,3.1654286024305556,9.885845088252315,High Volume / Reliable
4a5b36211b1f51bf7eaa5c10a57fa483,1,1,0.0,5.0,0.6546527777777778,3.3739583333333334,Insufficient eligible orders
4a82168aaef173cbb6e46ae88728f919,4,4,0.0,4.0,1.7639496527777778,4.803721064814814,Insufficient eligible orders
4a82c4af97ffc0fb2dc26bfdc03b1842,3,3,0.0,5.0,2.106539351851852,10.119594907407407,Insufficient eligible orders
4aba391bc3b88717ce08eb11e44937b2,29,27,0.14814814814814814,3.896551724137931,2.1072565157750343,14.284312414266118,High Volume / Problematic
4aba6a02a788d3ec81c03137144d9a80,1,1,0.0,5.0,1.2074421296296296,11.999895833333333,Insufficient eligible orders
4b0fdb526525f9890eb145bf1534640e,18,18,0.0,4.055555555555555,1.2160558127572016,7.85890753600823,Insufficient eligible orders
4b1eaadf791bdbbad8c4a35b65236d52,8,5,0.2,2.0,17.81321064814815,4.721666666666667,Insufficient eligible orders
4b39558c138930b9e5489c93b6df5fe3,4,4,0.0,4.5,0.6981336805555556,11.374406828703703,Insufficient eligible orders
4b5f66b7adcf57f1ecc0d3c07dd6b177,23,23,0.043478260869565216,4.130434782608695,4.4984782608695655,9.196776871980676,High Volume / Reliable
4b90495391ac0bd181a80a459df1e718,1,1,0.0,4.0,8.100902777777778,3.0416666666666665,Insufficient eligible orders
4b9750c8ad28220fe6702d4ecb7c898f,218,217,0.059907834101382486,4.362385321100917,1.9027209890965733,7.274675765915686,High Volume / Reliable
4b98b0428fc1932cc2514ef9ce2505e6,2,2,0.5,3.0,1.847800925925926,20.71563078703704,Insufficient eligible orders
4ba52dfeba874da5b9ee7b17c7494f04,11,11,0.09090909090909091,4.363636363636363,2.0012857744107744,8.264552819865319,Insufficient eligible orders
4bc3d93e4a5f88a598d3d8ce4ae510b3,1,0,,1.0,,,Insufficient eligible orders
4bcec44888b30ba9001234c534716d3f,5,5,0.0,4.6,1.4589421296296297,7.6874421296296305,Insufficient eligible orders
4bde6149c15cf7e177b36fa060dd6de8,2,2,0.0,5.0,7.594484953703704,3.0,Insufficient eligible orders
4be2e7f96b4fd749d52dff41f80e39dd,1,0,,1.0,,,Insufficient eligible orders
4be6b962d83299498bae2190f95d6566,11,11,0.09090909090909091,3.8181818181818183,1.1367445286195286,6.701931818181818,Insufficient eligible orders
4be9ae93c4fc0f41713d71a4194ee1b3,1,1,0.0,5.0,4.874826388888889,6.207893518518518,Insufficient eligible orders
4bf2f4ee540798a61f9636d12cd9cc80,29,29,0.0,4.137931034482759,2.280303719667944,11.226166187739464,High Volume / Reliable
4bf658053d453036c70976bccb2c31b2,2,2,0.0,4.5,13.570596064814815,10.71072337962963,Insufficient eligible orders
4bfc7a4a1cf8d4d2121c27422d9e50b5,26,26,0.038461538461538464,4.538461538461538,2.8316356481481484,4.9196278490028496,High Volume / Reliable
4c03b9dd4c11ee2cb35c96c49efc9420,48,48,0.020833333333333332,4.0625,1.8436072530864198,8.386441213348766,High Volume / Reliable
4c18691b6037662be2df78a765d98ab5,63,63,0.06349206349206349,3.873015873015873,1.6300683243727598,7.2373034244562024,High Volume / Reliable
4c1c7281388a33dd06daac44f9fadbd1,5,5,0.0,4.8,1.4396643518518517,7.014282407407407,Insufficient eligible orders
4c2b230173bb36f9b240f2b8ac11786e,261,258,0.09302325581395349,3.9348659003831417,4.767865615130635,7.593278962101636,High Volume / Problematic
4c498c7345e89aebad651544829beca0,48,47,0.10638297872340426,4.291666666666667,2.6186586934156377,7.882537677304964,High Volume / Problematic
4c4d546adf3c3868fe19c9ec6e9ffda9,2,2,0.0,4.0,2.402482638888889,4.45734375,Insufficient eligible orders
4c60877808f4318ef1107fbeb8f89afa,2,2,0.0,4.0,9.464600694444444,5.552598379629629,Insufficient eligible orders
4c61e37f664c3c88aff092aa5ac779d7,7,7,0.14285714285714285,3.5714285714285716,2.183377976190476,13.242025462962962,Insufficient eligible orders
4c8545742faaf58fafd5fd14d25d75cf,4,4,0.0,4.5,0.9161111111111111,9.039282407407407,Insufficient eligible orders
4c8b8048e33af2bf94f2eb547746a916,23,19,0.10526315789473684,2.9565217391304346,5.309892787524366,13.022953825536062,Insufficient eligible orders
4cc43a222a0f94910728b62b97a8c5f8,1,1,0.0,3.0,2.205150462962963,11.926539351851853,Insufficient eligible orders
4cc4fd4fdd406a85bbdc1f824b731bd7,1,1,0.0,5.0,2.527662037037037,5.762939814814815,Insufficient eligible orders
4ce6e5f6c52515177e18c1c9361d8677,1,0,,3.0,,,Insufficient eligible orders
4ce8b55b4bfa4659184e7becc1fba3f2,2,2,0.0,3.0,0.40086805555555555,11.41433449074074,Insufficient eligible orders
4cf490a58259286ada5ba8525ba9e84a,8,7,0.0,3.125,11.01626488095238,13.065033068783068,Insufficient eligible orders
4d0041cdbe51b4617d95c70b19decc74,8,8,0.0,4.5,1.4888917824074075,5.6240234375,Insufficient eligible orders
4d232b78ab7ef10393dc3807d827bc0d,5,5,0.0,4.4,1.051972222222222,4.541990740740741,Insufficient eligible orders
4d600e08ecbe08258c79e536c5a42fee,8,7,0.0,4.0,5.4122619047619045,7.268419312169312,Insufficient eligible orders
4d6d651bd7684af3fffabd5f08d12e5a,369,363,0.03856749311294766,4.184281842818428,3.619677501286008,9.061537630088766,High Volume / Reliable
4d6fb82c629c7a5028bfd973c07b05e0,2,0,,2.0,,,Insufficient eligible orders
4d8809767a5bafe22909c77951fb6b41,1,0,,5.0,,,Insufficient eligible orders
4d9fea3499bdc22aa4da4e339365f215,2,2,0.0,5.0,2.2856134259259258,11.197372685185185,Insufficient eligible orders
4da0e408c99d2fdc2126dc9fce518060,44,44,0.0,4.409090909090909,1.445436132154882,7.629306870791246,High Volume / Reliable
4dab98ca6cd6d3df586203cefd28a042,1,1,0.0,5.0,9.130428240740741,18.776469907407407,Insufficient eligible orders
4dbd95a08b31ede5c82d3f861cb1ce1a,6,4,0.0,3.5,4.016707175925926,8.310028935185185,Insufficient eligible orders
4dc2e811a1760953cb7c6a590b498943,1,1,0.0,5.0,0.5973495370370371,6.062291666666667,Insufficient eligible orders
4dc646b9b9e8e411ef48ba000ea3ac6f,4,4,0.25,2.75,2.1411197916666667,9.251773726851852,Insufficient eligible orders
4ddeb3e828550cddc8d45c8bc36ab2d1,1,1,0.0,5.0,1.7835185185185185,6.086412037037037,Insufficient eligible orders
4de6e4ba574aa9dfdc824bc44dc47fdd,14,14,0.07142857142857142,4.071428571428571,1.1594130291005291,7.871701388888888,Insufficient eligible orders
4deebb3199eeafb282ae33229144f94b,4,4,0.25,4.0,5.376791087962963,4.409820601851852,Insufficient eligible orders
4e06067cc08b3f41d837768d392c3ee3,31,31,0.03225806451612903,4.129032258064516,1.3815569125159641,8.378728718637992,High Volume / Reliable
4e0d109ccfba9a1151c103049880c857,2,2,0.0,3.0,5.062899305555556,14.153628472222223,Insufficient eligible orders
4e17c65a516f69d023a2ae78b84f28d6,61,61,0.04918032786885246,4.229508196721311,5.339336419753086,7.7733014571949,High Volume / Reliable
4e2627090e6e5b9fabba883a37897683,2,1,0.0,1.0,2.9263078703703704,1.0211458333333334,Insufficient eligible orders
4e326052e5dbba8adcd512f3450a307e,3,3,0.0,2.3333333333333335,2.775451388888889,14.35951774691358,Insufficient eligible orders
4e42581f08e8cfc7c090f930bac4552a,3,1,1.0,1.0,30.599074074074075,13.10761574074074,Insufficient eligible orders
4e480be820e37de1444325ff358c9296,1,1,0.0,5.0,0.7345486111111111,11.367314814814815,Insufficient eligible orders
4e5725ba188db8252977a4f0227bd462,22,21,0.23809523809523808,3.409090909090909,2.8369135802469136,17.77622905643739,High Volume / Problematic
4e6015589b781adaa5ce7f1892d06bb1,3,3,0.0,3.6666666666666665,2.441763117283951,3.3777932098765433,Insufficient eligible orders
4e7c18b98d84e05cbae3ff0ff03846c2,82,81,0.037037037037037035,4.146341463414634,1.6792882676980778,9.946221422039324,High Volume / Reliable
4e85b538b0dad58852641540686d0e14,4,4,0.5,3.75,5.594557291666667,11.364470486111111,Insufficient eligible orders
4e8dacf3d38f281ae26c3e0321d92d88,10,8,0.125,2.8,4.4590856481481485,7.251753472222222,Insufficient eligible orders
4e922959ae960d389249c378d1c939f5,420,412,0.08980582524271845,3.9452380952380954,3.4615505562380564,10.652648468401654,High Volume / Problematic
4e92348462c75b6c842b994ce84a0ed4,1,1,0.0,5.0,4.859050925925926,3.218310185185185,Insufficient eligible orders
4ea2f12dbe91deeacd2c1e74f069a6e6,4,4,0.0,4.75,3.183304398148148,5.44669849537037,Insufficient eligible orders
4eb61f060e7dcc1d5a80d806c35cc541,8,8,0.0,3.875,1.0159771825396826,5.174790219907408,Insufficient eligible orders
4ebdc7e6cd6102a022dadc49156d4ea8,29,29,0.034482758620689655,3.793103448275862,4.0826768039591315,5.552229406130268,High Volume / Reliable
4eeb99008a0f59d2c7759c59f9a346eb,2,2,0.0,4.5,1.9174652777777779,6.113009259259259,Insufficient eligible orders
4ef4c39cf3c24f326434cf0b2e48046a,8,7,0.14285714285714285,3.375,2.636896494708995,9.908875661375662,Insufficient eligible orders
4f0d637c1197fd65405ebd755ac9f86b,2,2,0.0,5.0,0.5364699074074074,4.167887731481482,Insufficient eligible orders
4f1f1c8666cdb6442f775c4e8caed465,2,2,0.0,5.0,8.656782407407407,11.296788194444444,Insufficient eligible orders
4f40d2ed38d1cc945364a7cd202a82c7,1,0,,1.0,,,Insufficient eligible orders
4fae87d32467e18eb46e4a76a0a0b9ce,1,1,0.0,5.0,2.3939120370370373,4.396273148148148,Insufficient eligible orders
4fb41dff7c50136976d1a5cf004a42e2,3,3,0.3333333333333333,4.0,2.1660648148148147,64.26762345679013,Insufficient eligible orders
4fe2f67634d00c021aa01f96b6f2d68e,2,2,0.0,5.0,2.8133854166666667,7.668605324074074,Insufficient eligible orders
5011f0d93373a4c5753adf58ca77af8d,12,11,0.09090909090909091,3.8333333333333335,1.7526746632996633,8.73418244949495,Insufficient eligible orders
503c1de08ae81a2d86f17951b204db55,22,22,0.045454545454545456,4.409090909090909,1.220150989057239,11.81580808080808,High Volume / Reliable
5058e8c1e82653974541e83690655b4a,63,62,0.11290322580645161,3.2063492063492065,15.233420885603344,10.829691793608124,High Volume / Problematic
5075aaa8404020ae6aa8bf4792099b41,13,10,0.0,3.3846153846153846,4.1260763888888885,7.585146990740741,Insufficient eligible orders
50770d25768b0486d89be26afca3108f,6,6,0.16666666666666666,4.0,1.6094618055555554,10.427447916666667,Insufficient eligible orders
508808d438fe2ff972ed13bb8f4a82e2,10,9,0.0,4.3,1.2374164094650206,3.5621759259259256,Insufficient eligible orders
50a7e551a7b3f8d37cd6e32d8bfbe5ea,1,1,0.0,5.0,6.590162037037037,5.986076388888889,Insufficient eligible orders
50bf89f1349bc0409a268c3a49678009,1,1,0.0,5.0,0.544537037037037,8.044490740740741,Insufficient eligible orders
50c361bcf670d16f6df4d52de3dff924,1,0,,1.0,,,Insufficient eligible orders
50c9975695009e5e6473912e83a6d1da,50,50,0.14,3.88,3.22780162037037,12.830892361111111,High Volume / Problematic
51209b446b2073894bdc0face6c73ffc,2,2,0.0,2.5,0.851736111111111,9.093553240740741,Insufficient eligible orders
512d298ac2a96d1931b6bd30aa21f61d,11,11,0.0,4.2727272727272725,1.760146254208754,8.211340488215487,Insufficient eligible orders
513a54369b6a8a6602fcb0e129c6d78d,2,2,0.0,4.5,2.293605324074074,1.2598553240740742,Insufficient eligible orders
5145090ab595c0d0b8557199f5701fbf,4,4,0.0,4.25,6.049811921296296,8.300237268518519,Insufficient eligible orders
5151aea44289d6c6b090ee31c2132508,7,7,0.0,1.7142857142857142,7.1139632936507935,10.05121693121693,Insufficient eligible orders
515d781150feed28a6ac091bb0e3cb8c,6,6,0.0,4.166666666666667,1.3324398148148149,8.168640046296296,Insufficient eligible orders
5160d23075764e18e07c1f4a87fad743,34,33,0.0,4.382352941176471,2.7540463664422,6.152672909652076,High Volume / Reliable
516e7738bd8f735ac19a010ee5450d8d,76,74,0.02702702702702703,4.565789473684211,1.3261986714975844,7.262957645145145,High Volume / Reliable
51702dc2a3e106c76dbff722b5bf0726,13,13,0.0,4.3076923076923075,2.8039245014245013,11.252613069800569,Insufficient eligible orders
5194c22ed1f616ec0c0f33c571542879,4,4,0.0,4.25,1.5167737268518517,8.482314814814815,Insufficient eligible orders
519a7aa428f18d125a283cf8c014fdd6,3,3,0.0,4.0,1.7063966049382715,5.7651157407407405,Insufficient eligible orders
51a04a8a6bdcb23deccc82b0b80742cf,1,1,1.0,1.0,13.353726851851851,21.953310185185185,Insufficient eligible orders
51e0557bc7b86de13e946c60ee91ce39,1,1,0.0,5.0,2.3316319444444447,8.09738425925926,Insufficient eligible orders
51e4e89242cbb846c2deff3dc015650e,16,16,0.0,4.625,1.5792631172839506,7.515537471064815,Insufficient eligible orders
51ed72984a04e5dd35c2b27e77179038,7,7,0.14285714285714285,3.5714285714285716,2.332728174603175,13.67215443121693,Insufficient eligible orders
51f108f62cb87d61918159902c8f8583,3,3,0.0,4.333333333333333,0.6611766975308643,4.917507716049383,Insufficient eligible orders
5206cc4bc2297c833e6061c49bf9c43f,1,0,,1.0,,,Insufficient eligible orders
52092ddbd3a58c450a4459bf051b2287,6,6,0.0,4.333333333333333,1.5838966049382714,11.293686342592592,Insufficient eligible orders
520b493b57809f446cb0a233bb3e25c7,63,63,0.015873015873015872,4.301587301587301,1.6158994708994707,5.670801183127573,High Volume / Reliable
522620dcb18a6b31cd7bdf73665113a9,174,172,0.0872093023255814,3.8563218390804597,2.386501448451375,12.715857288975023,High Volume / Problematic
5236605f4d4b0b3e4df85b850393fca0,5,5,0.2,4.8,3.308821759259259,6.906481481481481,Insufficient eligible orders
52454f90d4c30c016768db02f88c1a74,3,3,0.0,3.6666666666666665,6.052368827160493,5.829953703703704,Insufficient eligible orders
52562a9f449c3dc3d53f5f5b9ed74903,14,14,0.0,4.785714285714286,2.368767361111111,10.58190558862434,Insufficient eligible orders
525e75a6fb1454a2325ab1734bcec221,10,9,0.0,3.6,0.6780336934156379,5.515916923868313,Insufficient eligible orders
5275ca25d0358ca73864e0ae41be1320,4,4,0.0,4.75,2.5747164351851852,4.330558449074074,Insufficient eligible orders
527801b552d0077ffd170872eb49683b,90,90,0.1,4.433333333333334,2.079946313029897,10.77827237654321,High Volume / Problematic
52831e5990d0771cb4951d6f12928167,1,1,0.0,3.0,1.3122685185185186,3.291608796296296,Insufficient eligible orders
528bcf6680c36dddf07620bd35b33a6f,2,2,0.5,4.5,3.3812094907407406,16.630746527777777,Insufficient eligible orders
528ce32f560edd11add4169f6a5b65be,2,2,0.0,5.0,2.561898148148148,6.963333333333334,Insufficient eligible orders
52956b80ae65fda598f06f6b9943e7a9,3,3,0.3333333333333333,4.0,14.566570216049383,11.031161265432099,Insufficient eligible orders
52a50b42accf164f9f019941e5759d9b,4,4,0.0,4.75,1.1770370370370369,4.028107638888889,Insufficient eligible orders
52a52b9f656520e99716f5bc40f661c8,7,7,0.0,4.0,3.742141203703704,6.93442791005291,Insufficient eligible orders
52ac6f920b7280e4c6d30dd94de6259b,6,6,0.0,3.6666666666666665,3.1882156635802468,8.658269675925926,Insufficient eligible orders
52b53f7061969fe471d119b6195da864,1,1,0.0,5.0,0.7143055555555555,1.0771875,Insufficient eligible orders
52bb00821bcdd358a5a5a27e1f6be5a1,2,2,0.0,4.5,2.6802256944444443,12.318842592592592,Insufficient eligible orders
52d76513f0c4d97f3b99570e2c94ee31,19,19,0.05263157894736842,3.8947368421052633,1.5389317810457517,8.84798611111111,Insufficient eligible orders
52f0fe436a347ddad7ed5f9aa4e27eaa,21,19,0.10526315789473684,3.5238095238095237,3.3858564814814813,11.014377436647173,Insufficient eligible orders
52f6f9f13ba19504c02781132a049e75,1,1,0.0,3.0,7.459201388888889,6.050983796296296,Insufficient eligible orders
52f976b17ea7f2f087f56dcc419328f6,6,6,0.0,3.6666666666666665,2.1316628086419755,7.729560185185186,Insufficient eligible orders
52f9db5cfb423382a2fa5c9e39303202,22,21,0.0,4.136363636363637,1.2696186342592592,8.473729607583774,High Volume / Reliable
5305693ffae2d3463377b1f6fe67b15a,1,1,0.0,5.0,0.43984953703703705,12.923159722222222,Insufficient eligible orders
53088c75f948b48a7ece173ac17f0c12,3,3,0.0,5.0,3.0183680555555554,7.935871913580248,Insufficient eligible orders
530ec6109d11eaaf87999465c6afee01,97,94,0.010638297872340425,4.237113402061856,1.7087035751028805,8.750588800236406,High Volume / Reliable
53243585a1d6dc2643021fd1853d8905,358,348,0.034482758620689655,4.122905027932961,3.0587662968284377,9.897656449553,High Volume / Reliable
53336f97ddbe53e2a617d07b17447b95,1,1,0.0,5.0,0.46403935185185186,17.95980324074074,Insufficient eligible orders
533d46c1b06970e99f09523a61df4972,2,2,0.0,4.5,6.6815798611111115,9.062899305555556,Insufficient eligible orders
5343d0649eca2a983820bfe93fc4d17e,71,70,0.1,3.788732394366197,1.1341127645502647,9.69846345899471,High Volume / Problematic
534a01cc6df1e034e05c32028a291fa2,5,5,0.0,4.4,2.461574074074074,7.90699537037037,Insufficient eligible orders
535bf14f36346c7f59d87cece104d70c,1,1,0.0,4.0,1.8601736111111111,1.3541666666666667,Insufficient eligible orders
537eb890efff034a88679788b647c564,160,158,0.0379746835443038,4.21875,1.397472622863248,7.418496835443038,High Volume / Reliable
538caafddff204241cecbf3a02e6b3cf,9,8,0.375,2.5555555555555554,12.945228587962964,3.9790538194444443,Insufficient eligible orders
539ed9e19811677513447759be5eccfc,2,2,0.0,3.0,1.9495543981481482,3.1059895833333333,Insufficient eligible orders
53b0300ca793f9834cd69c0678d35ee8,5,5,0.0,5.0,2.161159722222222,3.731527777777778,Insufficient eligible orders
53d00c40e32aeb924a84ce72b1af869d,17,17,0.11764705882352941,4.352941176470588,2.988135212418301,12.7364651416122,Insufficient eligible orders
53e4c6e0f4312d4d2107a8c9cddf45cd,473,463,0.047516198704103674,4.080338266384778,3.5895750160333493,8.034425404842072,High Volume / Reliable
54065e9aef7e9e9c2dc23b7594db021a,14,12,0.0,3.857142857142857,2.7242660108024688,9.52214313271605,Insufficient eligible orders
5415337f1863452476d42d9f14a16a61,1,1,0.0,3.0,2.8171412037037036,13.22,Insufficient eligible orders
54219883e72aad869adfb2a54b7bfa0f,5,5,0.0,3.2,8.179851851851852,8.406085648148148,Insufficient eligible orders
542917da124346b47ea1ac79a93ce454,20,20,0.05,4.15,2.7031672453703703,8.453752314814816,High Volume / Reliable
5444b12c82f21c923f2639ebc722c1ea,1,0,,4.0,,,Insufficient eligible orders
544863df86ed3b78a04e0820d41430ee,1,1,0.0,5.0,,3.5079398148148146,Insufficient eligible orders
54583ab379489add547fe47b628db589,10,10,0.0,4.8,1.2229895833333333,3.6643599537037033,Insufficient eligible orders
54965bbe3e4f07ae045b90b0b8541f52,78,73,0.3013698630136986,2.8974358974358974,15.35375065206051,10.859685597412481,High Volume / Problematic
54a1852d1b8f10312c55e906355666ee,200,198,0.07575757575757576,4.31,1.4027801519468186,9.62138590768799,High Volume / Problematic
54aa8463e87776b5612f4bdc4bd5d4de,7,7,0.0,3.857142857142857,1.933204365079365,10.903516865079366,Insufficient eligible orders
54c04bdb5ec46762f8f08c7e8f86ed4a,18,18,0.1111111111111111,4.333333333333333,1.5598304738562092,13.941240354938271,Insufficient eligible orders
55029529919c0123526150bd26ca8f20,7,7,0.0,4.714285714285714,3.4715509259259263,5.124971891534392,Insufficient eligible orders
553a440137d6e0cf776aee0bb83ac9f5,2,2,0.5,1.0,6.44880787037037,16.53875,Insufficient eligible orders
5563732abe64c3036cb97ad924128dd1,2,2,0.0,4.5,5.841267361111111,6.308200231481481,Insufficient eligible orders
5566627eab3fe93fd6ee08798226101a,5,5,0.0,4.4,1.5922685185185184,6.920636574074075,Insufficient eligible orders
556a6409838156ea299c9d1f9e2dde43,4,4,0.0,3.25,0.6912181712962963,5.73377025462963,Insufficient eligible orders
557f22c76691849db52d2abccf0015d0,13,12,0.0,2.923076923076923,1.9991068672839507,11.994308449074074,Insufficient eligible orders
5587130f9850696ed7fafbc91c2cee44,2,2,0.0,5.0,1.1308738425925926,3.684074074074074,Insufficient eligible orders
559d56f3b8f0bc2e5a9a62fe2ce2a39f,2,2,0.5,2.5,5.885607638888889,6.401568287037037,Insufficient eligible orders
55a5b51f93f2b70ea513f5a047b0262a,39,39,0.02564102564102564,4.461538461538462,2.19321047008547,11.191602860873694,High Volume / Reliable
55bb6fe5bebe5012e2d7d9928e1128ff,15,15,0.13333333333333333,3.466666666666667,3.295606481481481,11.293092592592592,Insufficient eligible orders
55c26bcb609f480eb7868594245febb5,6,6,0.0,4.0,0.6930989583333333,8.411541280864197,Insufficient eligible orders
55c96925041a14097b6a7825554f4ad5,6,5,0.2,4.0,4.50542824074074,6.09430787037037,Insufficient eligible orders
55d3daac7c404d59e51c2aa2f4dc5a23,21,21,0.0,4.095238095238095,2.3924696869488535,5.322093253968254,High Volume / Reliable
55dedd83e501d8248880557d9073cbfd,8,8,0.0,4.875,1.4468373842592592,3.0364482060185187,Insufficient eligible orders
55f7a3319d80f7fdf078b8f03e6725fe,22,22,0.045454545454545456,3.772727272727273,1.1972232744107745,4.841358375420875,High Volume / Reliable
562f8cfc51f265411f487d07e9c40e7f,13,13,0.07692307692307693,4.538461538461538,3.81102386039886,10.12534188034188,Insufficient eligible orders
562fc2f2c2863ab7e79a9e4388a58a14,260,255,0.03137254901960784,4.211538461538462,1.5384561965811965,9.28896890885984,High Volume / Reliable
5656537e588803a555b8eb41f07a944b,174,171,0.05847953216374269,3.8735632183908044,1.5906056636726547,9.331086067792938,High Volume / Reliable
5659d77e8d90378e39b960ad5956f64e,2,2,0.5,2.5,2.8372106481481483,17.451707175925925,Insufficient eligible orders
56642bcb79900e777d68e91915cb4267,48,48,0.08333333333333333,4.0625,2.472451774691358,9.628976658950618,High Volume / Problematic
5670f4db5b62c43d542e1b2d56b0cf7c,22,22,0.045454545454545456,4.409090909090909,1.9499293981481483,6.083796296296296,High Volume / Reliable
56a8b450e802502ba53a9885ee38e29f,1,0,,1.0,,,Insufficient eligible orders
56db5c0782e8f7ddc9343f9576ff6d16,2,2,0.0,3.0,0.6603530092592593,7.1210300925925925,Insufficient eligible orders
56e361f411e38dcef17cdc2a3d99628b,5,5,0.2,4.0,1.0531626157407408,8.396898148148148,Insufficient eligible orders
56f413900b5166ab4d730e9ac0b12cb0,3,3,0.0,4.666666666666667,2.853695987654321,7.11755787037037,Insufficient eligible orders
570d4583587a5fe2d47c7be89b91ad27,2,2,0.0,5.0,2.1690335648148147,3.5711458333333335,Insufficient eligible orders
5721089ba9214e80074f27d5a03fc0eb,5,5,0.0,5.0,3.570009259259259,3.481715277777778,Insufficient eligible orders
5733d806668f8712c24b9abaefbfa642,2,2,0.0,5.0,1.844982638888889,12.652320601851851,Insufficient eligible orders
5741dc2bf5044c34d0698681c5081bed,3,3,0.0,5.0,3.7913966049382712,3.3860841049382717,Insufficient eligible orders
575df70bde3f9f2b30bf8d2e9910d725,27,27,0.037037037037037035,4.074074074074074,5.519128515089164,7.403506087105624,High Volume / Reliable
577719699805dd125d5b6fdde5943bba,8,8,0.125,4.375,4.77176917989418,5.627080439814815,Insufficient eligible orders
578460d8319c51dab351cd9db95eadfe,1,0,,3.0,,,Insufficient eligible orders
578fa3a9cb6b6dceab39231ad59cdaca,3,3,0.3333333333333333,3.6666666666666665,3.4239699074074075,18.769467592592594,Insufficient eligible orders
5795aebfe331fbcd02a2c4b679fb7952,6,6,0.0,3.8333333333333335,2.4831404320987653,8.716032021604939,Insufficient eligible orders
579891617139df7d8671d373f0669622,8,8,0.25,4.5,10.137895171957672,8.667954282407408,Insufficient eligible orders
57a834594e1e9e9219603bfec184eadc,1,1,0.0,5.0,0.9122337962962963,5.187881944444444,Insufficient eligible orders
57c764b4a836300be881e2ff86e449f9,29,28,0.14285714285714285,4.0344827586206895,2.2100756448412695,12.9162677744709,High Volume / Problematic
57d2ba47f7a3209aa347532ae75c1165,2,2,0.0,4.0,4.911203703703704,10.270260416666666,Insufficient eligible orders
57df9869a600bd6b7c405f2a862eccfb,5,5,0.0,4.4,1.963863425925926,5.035673611111111,Insufficient eligible orders
57e632711dec9ec14ca7546769483e7e,62,62,0.0,4.419354838709677,1.2846785822707953,9.318049395161289,High Volume / Reliable
57fe6232e67823593374a2281d7a8af8,8,8,0.0,4.75,0.9818938078703703,7.977860243055556,Insufficient eligible orders
582d4f8675b945722eda7c0cb61ba4c7,59,59,0.01694915254237288,4.1525423728813555,1.247252354725415,9.442240858443189,High Volume / Reliable
585175ec331ea177fa47199e39a6170a,1,1,0.0,5.0,1.9132175925925925,5.361643518518519,Insufficient eligible orders
586a871d4f1221763fddb6ceefdeb95e,1,1,1.0,1.0,48.215069444444445,19.187106481481482,Insufficient eligible orders
5882820ef11c4c068eea0677a7a879b4,14,14,0.0,4.0,7.037276785714286,7.841168981481482,Insufficient eligible orders
5882f40daf39bc2a465e0cb453ddc222,1,0,,2.0,,,Insufficient eligible orders
58b98ccb79873e04eac4357cacc590d9,1,0,,1.0,,,Insufficient eligible orders
58c851d1a3c7cd3da329eb59453fed44,2,2,0.0,5.0,0.49493055555555554,2.3674594907407407,Insufficient eligible orders
58e4b302b54937e55a678c4d15111da4,3,1,0.0,2.3333333333333335,2.9964583333333334,3.133912037037037,Insufficient eligible orders
58f1a6197ed863543e0136bdedb3fce2,44,42,0.023809523809523808,4.181818181818182,2.9212381567614125,6.9082958553791896,High Volume / Reliable
59417c56835dd8e2e72f91f809cd4092,18,18,0.0,4.277777777777778,3.8339801954732513,8.154725437242798,Insufficient eligible orders
594f9aaa48e5bf431f011ddc5669b0d5,37,37,0.02702702702702703,4.594594594594595,0.8296023019547325,6.794180117617618,High Volume / Reliable
5962468f885ea01a1b6a97a218797b0a,8,6,0.0,3.75,3.5926697530864193,6.972501929012346,Insufficient eligible orders
596849622429351f47b32e6cae1055ff,14,13,0.0,3.7857142857142856,1.1762297453703703,4.250693554131054,Insufficient eligible orders
5996cddab893a4652a15592fb58ab8db,1,1,0.0,5.0,,4.075775462962963,Insufficient eligible orders
59b22a78efb79a4797979612b885db36,125,125,0.112,3.96,1.758452804560759,10.48981212962963,High Volume / Problematic
59bbc819b99a733f02f0d6b49d1c253d,2,2,0.0,5.0,0.36234374999999996,4.3828298611111105,Insufficient eligible orders
59cd88080b93f3c18508673122d26169,10,10,0.1,4.7,2.204814814814815,10.380420138888889,Insufficient eligible orders
59cea8e446d3834393058e7e0666b6fb,10,10,0.0,4.6,1.4613958333333332,5.4676377314814815,Insufficient eligible orders
59de1d4c8c057c2a53acd4ca66531af2,1,1,0.0,5.0,7.401435185185186,11.270497685185186,Insufficient eligible orders
59fb871bf6f4522a87ba567b42dafecf,126,123,0.056910569105691054,4.222222222222222,2.478846577109897,9.221415424570914,High Volume / Reliable
5a05a16bb50629ee31afab8a6d4c2674,14,14,0.0,4.214285714285714,1.8828400997150998,5.008740906084656,Insufficient eligible orders
5a32c398a06c345440bf2a683b017ad3,2,1,0.0,3.0,5.130706018518518,5.963900462962963,Insufficient eligible orders
5a413ade68e8f8d93071a7f52a64cb9e,14,14,0.07142857142857142,4.642857142857143,0.5019452711640212,3.1789575066137568,Insufficient eligible orders
5a4236931428800e9d9cc04af0987118,1,1,0.0,5.0,0.997037037037037,2.9761458333333333,Insufficient eligible orders
5a425cc503b39b262a847fd6212bf53b,15,14,0.07142857142857142,4.0,1.2007024572649572,5.439374173280423,Insufficient eligible orders
5a6a02f419701fc8c605af71d4fc57a4,10,10,0.1,4.8,2.3146231995884774,3.045959490740741,Insufficient eligible orders
5a8e7d5003a1f221f9e1d6e411de7c23,139,137,0.0364963503649635,4.122302158273381,2.0157193667207354,7.838092474317383,High Volume / Reliable
5a93f3ab0ef4c84ed5e1b5dbf23978bc,39,38,0.02631578947368421,4.6923076923076925,3.0492257553606237,11.465878411306043,High Volume / Reliable
5a9b3bcab695173c820e53934574ae80,1,1,0.0,5.0,2.7292708333333335,3.4598032407407406,Insufficient eligible orders
5a9c0859cb00fd8aa4db443837f0a700,2,2,0.0,4.5,2.6418981481481483,6.3540219907407405,Insufficient eligible orders
5aaa890629f83706d8d9bfecd8377c1c,1,0,,1.0,,,Insufficient eligible orders
5ab05b6d86d417796c69ffd6774ec832,10,10,0.1,3.8,2.551226851851852,10.881694444444445,Insufficient eligible orders
5abb8ea023c77787f2c15da891c8d384,13,13,0.23076923076923078,3.923076923076923,5.244485398860399,13.362354878917378,Insufficient eligible orders
5acd070dd3fe441bbb2ec1f1ede515ee,7,7,0.42857142857142855,3.0,1.3477496693121693,24.618892195767195,Insufficient eligible orders
5b07547f10dd980738a1a27f685af669,13,13,0.15384615384615385,4.461538461538462,2.7043258101851855,3.615559116809117,Insufficient eligible orders
5b0cc932433fa5184b5b94bfe6bcc256,12,12,0.25,3.5833333333333335,5.641873070987654,5.944019097222221,Insufficient eligible orders
5b179e9e8cc7ab6fd113a46ca584da81,34,34,0.058823529411764705,3.6176470588235294,6.031860362200436,6.4664971405228755,High Volume / Reliable
5b2e94f2c22b39ccc24d34ad0f669672,10,10,0.1,4.9,1.449929269547325,8.296585648148149,Insufficient eligible orders
5b33b527da3c5b969cc99dc435cad09a,16,16,0.0625,4.125,0.7181213831018519,11.56064163773148,Insufficient eligible orders
5b35136197710e16ac5e7b7c2bd4ea85,7,7,0.2857142857142857,2.5714285714285716,2.6025396825396823,15.484775132275132,Insufficient eligible orders
5b51032eddd242adc84c38acab88f23d,12,12,0.0,4.0,2.958369984567901,8.317365933641975,Insufficient eligible orders
5b581417df4480f632484ba681e53944,12,11,0.18181818181818182,3.5,3.1555555555555554,15.148390151515152,Insufficient eligible orders
5b664594895aefb418afaee6d40a9a23,16,16,0.0,3.9375,4.179539207175926,5.83117259837963,Insufficient eligible orders
5b67882648febfb6e1225e6ad7164f6b,27,27,0.037037037037037035,4.0,1.4230377492877493,10.7284923696845,High Volume / Reliable
5b8154610ebb21fb90eb587365e673df,38,37,0.10810810810810811,4.184210526315789,1.6951376376376377,11.047200012512514,High Volume / Problematic
5b85809efd0d0e4dea1a9544e1280ed9,12,12,0.0,4.25,0.7801435185185185,7.1884143518518515,Insufficient eligible orders
5b925e1d006e9476d738aa200751b73b,63,63,0.06349206349206349,4.603174603174603,1.7748982601553167,8.809486331569666,High Volume / Reliable
5b92bfa4120daa27c574daa2e386c693,1,1,0.0,3.0,9.8425,6.235590277777778,Insufficient eligible orders
5b97c06a046398e7005b2b7c0d707a92,4,3,0.3333333333333333,3.25,6.680158179012345,19.201485339506174,Insufficient eligible orders
5bba18b40e8c973b0f32e748004775b0,1,1,0.0,5.0,4.0,3.0416666666666665,Insufficient eligible orders
5bc237df65098fe211bb4818f4d26d78,2,2,0.0,4.5,0.7597164351851852,10.035300925925926,Insufficient eligible orders
5bc24d989e71e93c33e50a7782431b0e,17,17,0.0,4.352941176470588,1.307568082788671,7.777873093681916,Insufficient eligible orders
5bc55dbe2f12b6af6d83ed46023e0dc8,17,17,0.23529411764705882,2.411764705882353,3.3759579248366016,10.265724400871461,Insufficient eligible orders
5bf397d04035b5f45cc41e82ec106803,3,3,0.0,4.333333333333333,0.9821219135802469,3.022395833333333,Insufficient eligible orders
5bffbafbb22daf6d3bfc216a46db8708,21,21,0.0,4.761904761904762,1.440081569664903,6.801077491181657,High Volume / Reliable
5c030029b5916fed0986310385ec9009,7,7,0.0,4.857142857142857,0.8675887345679012,5.222880291005291,Insufficient eligible orders
5c243662ce92d84573bfaff24c3e3700,98,98,0.01020408163265306,4.112244897959184,2.8629209183673474,7.631756188586546,High Volume / Reliable
5c3460cd3e8a984382ae254e7dd20d9f,9,9,0.0,4.666666666666667,1.2027147633744855,8.547893518518519,Insufficient eligible orders
5c603ffb38cbbf25a0e0698941324143,2,0,,1.0,,,Insufficient eligible orders
5c6d4016c2a288f074fa0848a2b653d2,32,31,0.0967741935483871,4.0625,2.043416965352449,8.069249925328554,High Volume / Problematic
5c853bb56f70f4d14218944bae111d7a,23,23,0.0,4.0,3.21009460547504,4.953271437198068,High Volume / Reliable
5ca5d579b5857ee8709479b1047cecc3,2,1,1.0,1.0,12.85462962962963,4.924085648148148,Insufficient eligible orders
5cbbd5a299cab112b7bf23862255e43e,36,36,0.0,4.277777777777778,2.796856031378601,7.646560892489712,High Volume / Reliable
5cf13accae3222c70a9cac40818ae839,149,148,0.02027027027027027,4.456375838926174,1.663313492063492,8.800221471471472,High Volume / Reliable
5cf1ec37aea089f45110c70653a166ab,3,2,0.0,3.6666666666666665,2.710063657407407,17.357181712962962,Insufficient eligible orders
5d0363b33554b373851fc1622e4d5f3c,94,93,0.08602150537634409,4.042553191489362,3.6402927120669055,8.589332686180805,High Volume / Problematic
5d043cd5512d4bd2f88e5ccdd5736c38,1,1,0.0,2.0,3.7925810185185185,5.780868055555556,Insufficient eligible orders
5d378b73ab7dd6f0418d743e5dcb0bd1,7,6,0.16666666666666666,3.857142857142857,24.275468749999998,5.569677854938273,Insufficient eligible orders
5d3bb11474a06bdc23fb9e89f1164ee0,31,31,0.03225806451612903,3.903225806451613,2.1101097670250897,7.323400164277181,High Volume / Reliable
5d505d2298ad549e4e4e835562fa0c1e,2,2,0.0,5.0,1.350954861111111,4.545804398148148,Insufficient eligible orders
5d76d80a2f5f39c891b996a1bf4c9853,6,6,0.0,4.833333333333333,0.762265625,9.106273148148148,Insufficient eligible orders
5d9dc90a686a8fddacffab6bab5653a3,12,12,0.08333333333333333,4.166666666666667,2.036533564814815,6.5354070216049385,Insufficient eligible orders
5d9f3746e112e696f98ea22c56b3e912,1,1,0.0,5.0,0.7116898148148149,6.34837962962963,Insufficient eligible orders
5db42a6cd9bf1bf0d3aab9582767f168,1,1,0.0,5.0,2.694652777777778,14.164479166666666,Insufficient eligible orders
5dc203c7b84a0e71e878a179de05fb9a,5,5,0.0,4.0,0.9878217592592593,6.987715277777778,Insufficient eligible orders
5dc4bdaf869e8c77c648078cbe8d59c2,1,0,,1.0,,,Insufficient eligible orders
5dceca129747e92ff8ef7a997dc4f8ca,325,322,0.055900621118012424,3.9723076923076923,1.9891771264665288,9.050103879112031,High Volume / Reliable
5de1c80811ce7007f62f00d971236c09,2,2,0.0,5.0,2.379722222222222,6.393906250000001,Insufficient eligible orders
5debea795b07621e1f90532e18f96145,25,25,0.0,4.36,2.085421296296296,7.427964351851852,High Volume / Reliable
5def4c3732941a971cba8fdee992ede1,5,5,0.0,4.6,0.610849537037037,3.9353587962962964,Insufficient eligible orders
5e063e85d44b0f5c3e6ec3131103a57e,1,1,0.0,5.0,0.20416666666666666,1.0755671296296296,Insufficient eligible orders
5e105f5c9f63f5f1fd75d6cb942e55b1,8,8,0.0,4.5,1.0581221064814814,7.536870659722222,Insufficient eligible orders
5e106d93b717c2682b9383da480364a1,1,1,0.0,5.0,3.8907986111111112,3.360196759259259,Insufficient eligible orders
5e25c632f9db6cfb8bc100421c2737b6,1,1,0.0,5.0,0.7015740740740741,5.328321759259259,Insufficient eligible orders
5e49e3a44bdeb5aab2684258bbd4f525,3,3,0.3333333333333333,4.666666666666667,2.15960262345679,14.484564043209877,Insufficient eligible orders
5e9f5bd34e0830569f05c9d4f56e04a8,2,2,0.0,4.5,4.806869212962963,5.209357638888889,Insufficient eligible orders
5ee7fd217d08dfe5d3e2f51f96a12c9a,9,9,0.2222222222222222,3.4444444444444446,2.006374742798354,14.654454732510288,Insufficient eligible orders
5eeb9c756d9780b96283e5a2ac6da334,9,9,0.2222222222222222,4.222222222222222,1.023459362139918,15.118499228395061,Insufficient eligible orders
5ef131ac72773e5b3f6c0d63cf424657,10,10,0.0,4.1,1.4791396604938272,3.854349537037037,Insufficient eligible orders
5f0057b677eb963672bf05dfa3f16c34,5,4,0.0,4.2,3.051924189814815,3.7292332175925926,Insufficient eligible orders
5f06030071324cc52bf0304014ac7234,4,4,0.0,4.0,2.827433449074074,7.265587384259259,Insufficient eligible orders
5f1dc28029d2c244352a68107ec2b542,62,62,0.016129032258064516,4.370967741935484,3.1536514336917567,6.0608267995818395,High Volume / Reliable
5f2684dab12e59f83bef73ae57724e45,68,67,0.05970149253731343,3.8088235294117645,1.8580899322830293,8.462298749309012,High Volume / Reliable
5f26c1408a65b42a7224cd463bdf3292,10,10,0.0,4.8,0.9802835648148148,5.422802083333333,Insufficient eligible orders
5f3ae9136c875522250f8184f253413a,43,42,0.047619047619047616,4.604651162790698,1.35210262345679,6.2418603946208115,High Volume / Reliable
5f57db27027655e6c6a391601daa0258,1,1,0.0,5.0,7.881759259259259,6.485844907407407,Insufficient eligible orders
5f5a58930c3c35f3b5af264f34fb8c85,3,3,0.0,5.0,3.0313811728395064,4.450659722222222,Insufficient eligible orders
5f5b43b2bffa8656e4bc6efeb13cc649,27,27,0.037037037037037035,4.407407407407407,1.6725801611796982,11.696865569272976,High Volume / Reliable
5f67c6082caacb26e431a7b17940cece,13,13,0.23076923076923078,3.5384615384615383,7.9158431267806275,14.508571937321939,Insufficient eligible orders
5f7300535881cef3b625fd683cf7d145,10,10,0.0,4.4,1.4181712962962965,7.3235324074074075,Insufficient eligible orders
5fd924b4836098a5be0ecf81ba054ce0,7,7,0.0,4.0,1.2852430555555554,6.148845899470899,Insufficient eligible orders
602044f2c16190c2c6e45eb35c2e21cb,50,48,0.16666666666666666,3.1,1.6122176932367152,12.816617235725309,High Volume / Problematic
6025c79c035c3d772133b8b8238463b2,2,2,0.0,5.0,0.8184780092592593,7.622343750000001,Insufficient eligible orders
6039e27294dc75811c0d8a39069f52c0,64,63,0.1746031746031746,3.6875,5.9232249412110525,11.487581753380365,High Volume / Problematic
60562ab00b8054280520d390c8c0045c,17,17,0.0,4.764705882352941,2.5619907407407405,7.30786015795207,Insufficient eligible orders
6061155addc1e54b4cfb51c1c2a32ad8,28,28,0.03571428571428571,4.642857142857143,0.8947933201058201,4.478141121031745,High Volume / Reliable
606ce7768feac12c5e8bd58db8b08f0f,5,5,0.0,4.8,2.1708171296296297,7.128118055555555,Insufficient eligible orders
609e1a9a6c2539919b8205cf7c4e6ff0,87,87,0.011494252873563218,3.781609195402299,1.9367029415085817,7.938391469774372,High Volume / Reliable
60ad151920c4f6f3ebbe8cfdf6166779,2,0,,1.0,,,Insufficient eligible orders
60da8bfa7eebe230b7d66ac4082d79b3,3,3,0.3333333333333333,4.333333333333333,2.3631558641975308,5.275366512345679,Insufficient eligible orders
610f72e407cdd7caaa2f8167b0163fd8,16,16,0.125,3.625,9.209813271604938,3.5248213252314815,Insufficient eligible orders
612170e34b97004b3ba37eae81836b4c,107,107,0.009345794392523364,4.429906542056075,4.54413500174703,6.171903123918311,High Volume / Reliable
612a743d294c27884fb7b80d2b19ba35,2,2,0.0,4.5,4.4655150462962965,4.826550925925925,Insufficient eligible orders
615005a3ef192c00c6f0e977cee3d2bc,10,10,0.1,3.8,1.5492002314814814,11.72847337962963,Insufficient eligible orders
615c3462099ffa940d37b17dfda19594,2,2,0.0,5.0,0.8361284722222222,6.79480324074074,Insufficient eligible orders
6179a28a13a726c29b3bf54c070dccab,2,1,0.0,3.0,1.0324189814814815,24.187858796296297,Insufficient eligible orders
6187a137b2af59dfdbad8d9f8c373c14,2,2,0.0,3.0,4.676487268518518,7.8753819444444435,Insufficient eligible orders
61b18775be84fb700a6b2d0ba097bf66,4,4,0.0,4.75,2.455480324074074,8.106695601851852,Insufficient eligible orders
61b893c57e33626afb104d4112b1be76,1,0,,1.0,,,Insufficient eligible orders
61c36f0fc4a47f9532e5512b66668e62,1,1,0.0,1.0,3.4089583333333335,8.875590277777778,Insufficient eligible orders
61f159ef6da2d441951d2c0efa719362,3,0,,1.0,,,Insufficient eligible orders
620c87c171fb2a6dd6e8bb4dec959fc6,740,722,0.08725761772853186,4.236486486486487,2.3934003241386437,10.208090951061866,High Volume / Problematic
6219ba2359cfb97f2e38fd4c321eb309,6,5,0.6,3.0,18.712962962962962,8.184986111111112,Insufficient eligible orders
6235903333ba7de1928c869e268e5964,1,1,0.0,5.0,1.494849537037037,3.470625,Insufficient eligible orders
623ad9d0c1e14bb5464a8c72bff7b4af,1,1,0.0,4.0,2.940659722222222,21.13303240740741,Insufficient eligible orders
624f4ece8da4aafb77699233d480f8ef,53,52,0.07692307692307693,4.188679245283019,3.6002406071937325,9.614643652065526,High Volume / Problematic
626ab1cd96932367f0eeec2e47046c12,3,3,0.0,4.666666666666667,0.8972608024691358,5.35096450617284,Insufficient eligible orders
62760d278921b5f352461620d68a9cee,3,3,0.3333333333333333,3.6666666666666665,2.95880787037037,15.723306327160493,Insufficient eligible orders
6288c69c4ce638e59925e59193f98b16,22,20,0.05,3.9545454545454546,2.9735625,6.405539351851852,High Volume / Reliable
62c50c1af4dfdc4149d25c5222043d39,14,12,0.0,3.7142857142857144,3.8032175925925924,8.131507523148148,Insufficient eligible orders
62d977e2b2aee830de3e039a28490d12,2,0,,1.0,,,Insufficient eligible orders
62de60d81c55c29d76a6bce418b31cef,1,1,0.0,4.0,0.49569444444444444,14.340057870370371,Insufficient eligible orders
630008e0f062605a415d694489f6f82e,2,1,0.0,3.5,10.721712962962963,6.250092592592592,Insufficient eligible orders
63191ead8d3b2f937cd1996fdcbbad20,1,1,0.0,5.0,2.966574074074074,8.943587962962964,Insufficient eligible orders
63272377184e969942f7fff221be858d,2,2,0.0,5.0,3.8310648148148148,8.460520833333334,Insufficient eligible orders
6338ea67c41078a46ad99cc009654956,37,37,0.0,4.486486486486487,3.924049361861862,8.715888701201202,High Volume / Reliable
633ecdf879b94b5337cca303328e4a25,6,6,0.6666666666666666,1.6666666666666667,15.002309027777777,10.617146990740741,Insufficient eligible orders
634964b17796e64304cadf1ad3050fb7,268,265,0.09433962264150944,4.026119402985074,3.1033298392732354,10.888523541229908,High Volume / Problematic
63704069d9bd3a75c1cf59babe56004a,1,1,1.0,1.0,7.295578703703704,10.357337962962964,Insufficient eligible orders
638cba8be1fb599bbb76fd6948351eb3,17,16,0.0,4.647058823529412,1.497142650462963,6.237757523148148,Insufficient eligible orders
63a79f5a7eb5cb48a7e5787b141c7993,11,11,0.0,4.545454545454546,2.3268113425925927,3.665828072390572,Insufficient eligible orders
63b464dbf392c7b80d12d932fa7cafed,37,36,0.05555555555555555,3.7837837837837838,5.448099601337448,7.440949395576131,High Volume / Reliable
63b9ae557efed31d1f7687917d248a8d,5,5,0.0,4.2,2.8056111111111113,15.248986111111112,Insufficient eligible orders
63bc58679c44e8a998792119fd7ad23e,1,0,,1.0,,,Insufficient eligible orders
63ffcb71394dd8ea3872ed9ffda17c74,17,17,0.058823529411764705,3.176470588235294,2.4596433738425927,10.354802559912853,Insufficient eligible orders
640e21a7d01df7614a3b4923e990d40c,116,115,0.043478260869565216,4.301724137931035,1.3714557488313555,8.842981682769727,High Volume / Reliable
6426d21aca402a131fc0a5d0960a3c90,23,23,0.0,4.173913043478261,0.9739563204508856,9.489733293075686,High Volume / Reliable
643214e62b870443ccbe55ab29a4dccf,66,65,0.1076923076923077,4.409090909090909,1.9177305772569444,7.3188823005698005,High Volume / Problematic
643c01d7c56a724bec0454f4780e8a3e,2,2,0.0,4.5,3.5654918981481485,6.137042824074074,Insufficient eligible orders
6481e96574816ead57975da2c0f6d80d,32,32,0.03125,4.1875,1.9942177522349935,4.3536982783564815,High Volume / Reliable
64b87978a11c1ea7501a89eabe8c2c1a,7,0,,2.0,,,Insufficient eligible orders
64c9a1db4e73e19aaafd3286dc448c96,1,1,0.0,5.0,3.9227083333333335,5.538055555555555,Insufficient eligible orders
64cc804291f90c81f02bfc2bb58ff55a,2,2,0.0,5.0,3.4265335648148145,10.826354166666667,Insufficient eligible orders
651530bf5c607240ccdd89a30c9c9712,1,1,0.0,4.0,0.7776504629629629,10.976921296296297,Insufficient eligible orders
651fe66032c9520ee5587f694908040d,7,7,0.0,4.0,0.9694113756613757,5.64125,Insufficient eligible orders
6524b847b982cd56bb5d4b02b776ee42,1,1,1.0,4.0,5.443599537037037,35.048229166666665,Insufficient eligible orders
6548c2550b6e2d8f18053216e1c7b6f3,3,3,0.0,5.0,3.8696875000000004,3.6053009259259263,Insufficient eligible orders
655220df33262c7e0c4949a147366f94,13,13,0.15384615384615385,4.076923076923077,1.5073335113960113,12.274195156695157,Insufficient eligible orders
6560211a19b47992c3666cc44a7e94c0,1854,1819,0.052776250687190766,3.9190938511326863,1.2504129875775096,8.019207592694398,High Volume / Reliable
6561d6bf844e464b4019442692b40e02,1,1,0.0,5.0,0.20400462962962962,1.2180324074074074,Insufficient eligible orders
6562efe88ce0826a4ca4f189f03b4b84,9,8,0.125,3.7777777777777777,8.206789641203704,9.379641203703704,Insufficient eligible orders
656591be56071d4c9ef4e5fee78a578a,7,7,0.2857142857142857,4.571428571428571,5.853364748677249,7.968811177248677,Insufficient eligible orders
6576fd3e23c88f0e5d4d23f39bba0542,1,0,,1.0,,,Insufficient eligible orders
657969cca82e884d272385ec0ef06edd,3,3,0.0,4.666666666666667,1.2858912037037038,5.076145833333334,Insufficient eligible orders
659e8466eb3ff1b0e8740d74fb7bbedd,11,11,0.0,4.363636363636363,1.5634974747474748,7.582029671717172,Insufficient eligible orders
65a7c0788e4d632ccb5e1b594b87f0bb,3,3,0.0,4.333333333333333,5.681327160493827,5.25136188271605,Insufficient eligible orders
65b081a070633e057c462abdd6fb9dd8,19,19,0.0,4.315789473684211,2.1639144736842106,9.68176656920078,Insufficient eligible orders
65c255b299faf2d12050937cc219c46c,2,2,0.0,4.5,2.4344560185185187,3.9496354166666667,Insufficient eligible orders
65febd49fd28ec955651299159b1f527,35,33,0.0,4.314285714285714,0.7590339265046296,5.646098484848484,High Volume / Reliable
6601ee6383e7f452be71929f8de48bbb,2,2,0.0,4.0,5.033090277777777,9.349184027777778,Insufficient eligible orders
6614814a00d344b846ae209f95ee7e3f,1,1,0.0,1.0,3.6579050925925927,1.1248148148148147,Insufficient eligible orders
661ad5fcc28cdfb8bcadb12bb2272475,4,4,0.0,5.0,2.398492476851852,9.840853587962963,Insufficient eligible orders
6624bc09786f0e41ae48dfc5eeb1a9e2,1,1,0.0,5.0,11.363668981481482,4.423414351851852,Insufficient eligible orders
6650fcccd8cd2f7e55ffa524f30c4c59,3,2,0.0,2.6666666666666665,4.046984953703704,4.075769675925926,Insufficient eligible orders
666658b8da8370f30e1f89893b1de5e6,1,0,,5.0,,,Insufficient eligible orders
668bf321538e5072858eaef6087ce027,1,1,0.0,5.0,2.4609722222222223,1.0122222222222221,Insufficient eligible orders
66922902710d126a0e7d26b0e3805106,151,150,0.07333333333333333,4.450331125827814,2.7310109567901235,8.224163966049382,High Volume / Problematic
669ae81880e08f269a64487cfb287169,162,161,0.043478260869565216,4.2407407407407405,1.527562601910086,10.377347077546297,High Volume / Reliable
66d5ae34537110d3affc56174dad2b2f,1,0,,1.0,,,Insufficient eligible orders
66dc1b1632bd6a3e508510c5b3492107,37,36,0.027777777777777776,3.5675675675675675,1.6804632844650207,8.049929591049384,High Volume / Reliable
66e0557ecc2b4dbea057e93f215f68d8,31,30,0.2,3.935483870967742,17.92581288580247,13.606077932098765,High Volume / Problematic
66fd84ee7528c0c0de85d0f44a73d5ab,11,11,0.09090909090909091,3.3636363636363638,1.3521921296296298,13.328632154882154,Insufficient eligible orders
670a9dda115b5a88b18cfadee8de2332,11,11,0.0,4.454545454545454,2.4148483796296296,9.46321654040404,Insufficient eligible orders
670c26e0f1bf8d0576271d5cfaec6d2b,78,77,0.05194805194805195,4.269230769230769,1.4235715788840788,12.630377886002886,High Volume / Reliable
671585f5a2af58b6e276bc01003c0d2b,27,27,0.0,4.703703703703703,1.0701126246438746,4.056075960219479,High Volume / Reliable
67225bff54a172ff67579aaf583efd78,8,8,0.0,4.5,3.0522366898148148,9.954369212962963,Insufficient eligible orders
674207551483fec113276b67b0d871ff,1,1,0.0,5.0,0.7013773148148148,1.1581712962962962,Insufficient eligible orders
6750d71153f00fc58829af2a8ef1bcf1,6,6,0.0,4.166666666666667,0.939699074074074,8.439749228395062,Insufficient eligible orders
67883baaae6134ee81b271a542613728,19,19,0.05263157894736842,4.105263157894737,0.6907310956790123,4.867461622807017,Insufficient eligible orders
679769a98cfcc6da877c8486ff1c13f3,21,21,0.0,4.571428571428571,1.3569033564814814,7.860381944444444,High Volume / Reliable
67bf6941ba2f1fa1d02c375766bc3e53,16,15,0.06666666666666667,4.125,1.7314814814814814,13.102204475308643,Insufficient eligible orders
67e43d802fde8cfd3f9580124f8167d1,2,0,,1.0,,,Insufficient eligible orders
6806dad1da97bfb5a9038eac6881f706,10,10,0.0,4.1,2.7648877314814815,13.65532523148148,Insufficient eligible orders
681fce914360217db47784ae28905a96,23,23,0.13043478260869565,3.869565217391304,1.8930545033670034,10.14340881642512,High Volume / Problematic
6824a69c9ea0313eba299dd4a2dba09a,6,6,0.0,4.666666666666667,0.5334560185185185,4.18133487654321,Insufficient eligible orders
685b870da5b52a710782c9c0fefbeb5b,2,2,1.0,2.0,6.765306712962963,31.343680555555558,Insufficient eligible orders
6860153b69cc696d5dcfe1cdaaafcf62,74,74,0.08108108108108109,4.054054054054054,1.3537744165398276,8.468176144894896,High Volume / Problematic
6861de0f40cacb0602e473c51639f980,5,5,0.2,3.6,2.0201041666666666,11.161925925925924,Insufficient eligible orders
686886775c8f6b1191c7b953fb52708c,1,1,0.0,5.0,1.2189699074074074,2.306712962962963,Insufficient eligible orders
6879c4d287a8dd06b11f54ea8f78e4da,6,6,0.0,4.333333333333333,1.3288912037037037,5.536940586419753,Insufficient eligible orders
688756f717c462a206ad854c5027a64a,83,81,0.037037037037037035,3.8433734939759034,4.049152234796525,6.298926611796983,High Volume / Reliable
68ca56ce86830f3d31b1b7ec6a54da3e,6,5,0.0,3.8333333333333335,1.011650462962963,3.8712615740740737,Insufficient eligible orders
68f86ba270525243e68ae74044f992b9,11,10,0.0,4.363636363636363,1.4649027777777779,8.513832175925925,Insufficient eligible orders
6902157ee16728322d61a1321fa79e58,2,2,0.0,3.0,2.845752314814815,7.027569444444444,Insufficient eligible orders
693660429f9dc4ff704eb3d88dad54d7,2,2,0.0,4.0,0.7713310185185185,2.5033333333333334,Insufficient eligible orders
695051e2981c8b19e77cafe450d5bdf3,1,1,0.0,5.0,4.278009259259259,15.903518518518519,Insufficient eligible orders
6973a06f484aacf400ece213dbf3d946,95,89,0.14606741573033707,3.568421052631579,5.869453157511444,8.703577819392425,High Volume / Problematic
698624c6632eeba1774924dbea24c700,1,1,0.0,5.0,0.6196064814814815,5.747314814814815,Insufficient eligible orders
6989574bd97d9773f10d232b6c07da59,7,7,0.0,4.857142857142857,2.809902447089947,8.095130621693121,Insufficient eligible orders
698f5fa55a5f73d0740e9d9a773e8093,4,4,0.0,4.75,0.40011574074074074,5.181082175925926,Insufficient eligible orders
69a43819c758c65a5befb0b471c954d7,2,2,0.0,4.0,2.0526157407407406,10.925584490740741,Insufficient eligible orders
69b5eaa096c3f9d1e5c398c597f567d6,2,2,0.0,5.0,1.2575173611111112,4.8107291666666665,Insufficient eligible orders
6a0cbc8af2e8abd1bdfb777943d174c6,35,34,0.08823529411764706,4.0285714285714285,2.940265522875817,12.180727805010893,High Volume / Problematic
6a3139c7bf09ece22a4713d956acbe5e,1,1,0.0,5.0,0.10613425925925926,3.236412037037037,Insufficient eligible orders
6a38087bc8ad4f89ff453561005f6dea,15,15,0.0,4.6,1.1353222934472933,8.980123456790123,Insufficient eligible orders
6a51fc556dab5f766ced6fbc860bc613,26,24,0.08333333333333333,3.769230769230769,5.382576195987654,8.423688271604938,High Volume / Problematic
6a53b90c3ad9e0b56d9fe5c69165fff5,2,2,0.0,3.5,1.1114756944444444,10.748721064814815,Insufficient eligible orders
6a8a889bde935bafa76d7848782dfaf9,26,26,0.07692307692307693,4.038461538461538,1.4003915895061727,6.260016915954416,High Volume / Problematic
6a8b085f816a1f75f92dbac6eb545f8f,127,125,0.08,4.110236220472441,2.0072130198846385,12.365185462962963,High Volume / Problematic
6aa3928696eab49a19a466e665a649fd,18,18,0.05555555555555555,4.611111111111111,1.3939017489711933,7.4849344135802465,Insufficient eligible orders
6b15924333bd1a741595fe981ea04822,21,21,0.0,4.666666666666667,1.2324790564373898,6.169609237213404,High Volume / Reliable
6b1c4d4d9ccf0be3d8544eb0e71e5318,1,1,0.0,5.0,1.2194560185185186,9.873009259259259,Insufficient eligible orders
6b243f80ed07b10f0e8aa0f21a205f3c,79,79,0.0379746835443038,4.265822784810126,1.437071606968811,9.356992938349743,High Volume / Reliable
6b2612338467c08c9b25f0cc55b1578d,1,1,0.0,4.0,0.5053125,16.04684027777778,Insufficient eligible orders
6b333a05bf188ef3e1f1662a86bd9855,12,12,0.08333333333333333,4.333333333333333,1.8450935570987654,8.761721643518518,Insufficient eligible orders
6b3bd31ad8fcda4b2635ec9f3ff2ecdf,36,35,0.08571428571428572,4.0,3.390353505291005,9.519095238095238,High Volume / Problematic
6b536a23086fba0d58c08d68814397f6,19,18,0.05555555555555555,3.9473684210526314,1.3648223039215688,10.148473508230452,Insufficient eligible orders
6b803197e03abd5056b4313306b4f29d,7,7,0.0,4.714285714285714,1.1794626322751325,4.055634920634921,Insufficient eligible orders
6b89abe95848c850399130d149a39b63,8,8,0.0,4.375,1.7439091435185186,8.648489583333333,Insufficient eligible orders
6b90f847357d8981edd79a1eb1bf0acb,45,45,0.0,4.355555555555555,0.9685292658730159,4.282945473251029,High Volume / Reliable
6b9b80d53ba3676eafe60268a810b5a1,10,9,0.0,3.9,2.8812229938271603,9.105545267489711,Insufficient eligible orders
6ba4733aa33f6386e9fb0c0fd3993b38,3,3,0.0,4.666666666666667,1.855949074074074,10.512067901234568,Insufficient eligible orders
6bb0724edf0b62fb91ac404873a97241,17,17,0.058823529411764705,4.294117647058823,1.1548978758169937,12.43963167211329,Insufficient eligible orders
6bb62a4912377c7bfe7cb17b406bc7e6,4,4,0.0,4.25,1.9522337962962963,2.307609953703704,Insufficient eligible orders
6bb66d9870c2e01c05655c7ed0e7ee13,3,3,0.0,3.6666666666666665,0.5999884259259259,7.294548611111111,Insufficient eligible orders
6bbcb8924baf70b7fe2fe2097e8cd407,10,10,0.0,4.5,1.2962858796296297,10.366282407407407,Insufficient eligible orders
6bcb2352a2a0c38b845f598298ab9d26,2,1,0.0,3.0,2.890740740740741,8.13599537037037,Insufficient eligible orders
6bd503a8230299c9316fb0f726933927,4,4,0.25,4.75,2.0540239197530865,7.0655700231481475,Insufficient eligible orders
6bd69102ab48df500790a8cecfc285c2,5,5,0.2,3.0,7.5310648148148145,8.515229166666666,Insufficient eligible orders
6bef34c5be6f2bbd70aa5165f6df94b1,2,2,0.0,2.0,1.1224826388888889,14.434658564814814,Insufficient eligible orders
6c12e40690c335dbc2f68a4134d30dc1,16,16,0.0,3.8125,2.752179542824074,9.99636646412037,Insufficient eligible orders
6c177e38df6d3f34182b1f1d427231bf,55,53,0.018867924528301886,4.036363636363636,6.346406140810622,7.928025637665967,High Volume / Reliable
6c17baf138731a4aaacc3210adf2037b,4,4,0.0,5.0,0.7966840277777778,6.261171875,Insufficient eligible orders
6c1b6d0c604b776f844125f911eb7377,5,4,0.0,3.4,9.831018518518519,6.996623263888889,Insufficient eligible orders
6c6cc59a5c00cacc5054ca06d65cc282,1,1,0.0,5.0,2.094351851851852,7.151168981481481,Insufficient eligible orders
6c6e3d67f969468f3bfd33f827a31222,5,5,0.0,4.8,0.8560879629629629,7.641335648148148,Insufficient eligible orders
6c77cd583b36a13aacccf2b3ee23e233,1,1,0.0,5.0,0.6699305555555556,5.349780092592592,Insufficient eligible orders
6c7d50c24b3ccd2fd83b44d8bb34e073,114,112,0.017857142857142856,4.359649122807017,2.2535070477843915,9.502682291666668,High Volume / Reliable
6c9875b2f94ba781186f0c1aed8d1687,2,2,0.0,5.0,1.1065393518518518,2.943888888888889,Insufficient eligible orders
6c99c983ce3b6ba0ab813e6790e81691,9,9,0.0,3.7777777777777777,0.7046397569444445,5.226058384773662,Insufficient eligible orders
6cd68b3ed6d59aaa9fece558ad360c0a,149,149,0.013422818791946308,4.456375838926174,1.657424418965946,8.570285700969425,High Volume / Reliable
6cf476a4ca74498db55cbccdaa9dcfb6,6,5,0.2,3.0,22.944733796296298,11.094731481481482,Insufficient eligible orders
6d04126aba80df143fd038e711b8fd96,1,1,1.0,1.0,32.87363425925926,4.195914351851852,Insufficient eligible orders
6d1b9c9579132c87d2703ec38c30f2c5,4,4,0.0,4.5,1.3256684027777779,7.667219328703704,Insufficient eligible orders
6d22a1fcebb6dd08c9cd90b92a93e8d0,12,12,0.0,4.25,2.7333719135802466,12.299097222222223,Insufficient eligible orders
6d2f2e3b539480db1e0842b3a4e32e6e,3,3,0.0,3.6666666666666665,4.588869598765432,1.6592438271604937,Insufficient eligible orders
6d66611d7c44cc30ce351abc49a68421,166,164,0.054878048780487805,3.927710843373494,3.3710833051038844,8.204265469738031,High Volume / Reliable
6d7f8d9d594e28796b6b3205b00f459c,3,3,0.0,3.6666666666666665,5.908140432098765,9.372191358024692,Insufficient eligible orders
6d803cb79cc31c41c4c789a75933b3c7,58,58,0.06896551724137931,4.241379310344827,1.5924620849297573,11.431680635376756,High Volume / Problematic
6d988d6174a2c27441597174f8905515,19,19,0.10526315789473684,4.105263157894737,12.418073221247562,8.126310916179337,Insufficient eligible orders
6da1992f915d77be95d7fa48b36904af,7,7,0.0,4.0,2.812800925925926,6.065955687830688,Insufficient eligible orders
6dc9bec584588412a6a338830946a3e4,2,1,0.0,1.5,3.9602546296296297,17.750717592592594,Insufficient eligible orders
6dd7dce75cd55c1ce255dc38d9f0cd46,1,1,0.0,4.0,0.9264699074074074,11.294247685185185,Insufficient eligible orders
6ddc28b61be28373b4503a1f61cf98a9,11,11,0.09090909090909091,4.181818181818182,0.8647430555555555,5.65606271043771,Insufficient eligible orders
6df688df543f90e9b38f4319e75a9d88,40,39,0.0,4.575,1.3547225189933523,6.395137998575499,High Volume / Reliable
6e0908ef4d4efadbc3cc2b74ea477cb0,8,8,0.125,3.75,5.425253182870371,7.5925413359788365,Insufficient eligible orders
6e13dd869aa7185f601c941423abcc8f,5,5,0.0,4.8,1.437847222222222,2.192527777777778,Insufficient eligible orders
6e1862e15f33d9994bc25922a85e1efc,8,7,0.0,4.0,0.4939186507936508,2.7798776455026455,Insufficient eligible orders
6e2d3e2dc84fb30f6078f39dd3bddd6f,1,0,,1.0,,,Insufficient eligible orders
6e386f64c84e482f0b9abf960797ee1b,30,29,0.06896551724137931,4.5,0.9832084986772486,9.011105124521071,High Volume / Problematic
6e4a902d1054e4e17aa6eab87fac1c75,7,7,0.14285714285714285,4.142857142857143,2.6118402777777776,3.9809556878306873,Insufficient eligible orders
6e4f5ff6b086632ba8dcb558fb10249e,5,5,0.0,3.4,1.1708842592592592,9.279155092592593,Insufficient eligible orders
6e85dc5ecd97a61094b89b046a509d8e,1,0,,1.0,,,Insufficient eligible orders
6e864f5c4669eff3d98140a07cc50202,13,13,0.07692307692307693,4.461538461538462,2.5049679487179484,6.67537215099715,Insufficient eligible orders
6eb94e1466490d327a09abf8f3552a50,10,9,0.0,4.1,1.8720807613168722,6.007725051440329,Insufficient eligible orders
6ebf4eceee4dd9847201c82e77ef8123,1,1,0.0,5.0,1.4181597222222222,13.589710648148149,Insufficient eligible orders
6ec1a01e866584bb679eb9b098345919,31,30,0.2,4.032258064516129,2.0579301697530865,11.096363811728395,High Volume / Problematic
6edacfd9f9074789dad6d62ba7950b9c,208,205,0.04390243902439024,4.350961538461538,1.735874850285609,7.040734643179766,High Volume / Reliable
6ee85be3693ed79a8e80718743d80655,9,5,0.4,2.3333333333333335,16.923074074074073,11.040458333333333,Insufficient eligible orders
6eeed17989b0ae47c9f11ece6f38ea90,3,3,0.0,3.6666666666666665,0.7614930555555555,5.05641975308642,Insufficient eligible orders
6f1a1263039c76e68f40a8e536b1da6a,4,2,0.5,1.5,17.83322337962963,33.1433275462963,Insufficient eligible orders
6f229cc508fc6915ed5c499efd93baa4,13,13,0.15384615384615385,4.384615384615385,1.8257683404558405,7.233461538461539,Insufficient eligible orders
6f835fd4be26989b1b064399da346143,2,2,0.0,5.0,1.3976909722222224,4.970306712962962,Insufficient eligible orders
6f83d9e4da896daae20b9b6b2d3ff8d2,11,11,0.0,4.363636363636363,3.162451599326599,11.676832912457913,Insufficient eligible orders
6f892e20a171e98efe17fdb971ff319b,44,41,0.0975609756097561,3.9318181818181817,5.073712737127371,11.753457260614272,High Volume / Problematic
6fa9202c10491e472dffd59a3e82b2a3,3,3,0.0,4.333333333333333,0.6523804012345679,6.703510802469136,Insufficient eligible orders
6fc26fe110feebd80a433e1f012a84f9,35,35,0.11428571428571428,3.914285714285714,2.626014880952381,9.923171626984127,High Volume / Problematic
6fd52c528dcb38be2eea044946b811f8,67,67,0.13432835820895522,3.3582089552238807,13.856695515478165,7.391035793255942,High Volume / Problematic
7008613ea464bad5cb9b83456e1e6a8f,127,123,0.04878048780487805,4.2362204724409445,2.3640410456187895,11.542805442637759,High Volume / Reliable
700f03c207639c22d933381ff60b35c2,4,4,0.5,4.0,19.234137731481482,10.517063078703703,Insufficient eligible orders
70125af26c2d6d4ef401a1d02ae7701f,5,5,0.0,4.6,1.348872685185185,8.65244675925926,Insufficient eligible orders
70126eecc6aa1274392a1743866e9678,3,3,0.0,5.0,0.7292361111111111,4.279363425925926,Insufficient eligible orders
701938c450705b8ae65fc923b70f35c7,75,74,0.04054054054054054,4.0,2.916905812062062,9.742412412412413,High Volume / Reliable
702835e4b785b67a084280efca355756,1,1,0.0,5.0,0.20135416666666667,1.1271180555555556,Insufficient eligible orders
7040e82f899a04d1b434b795a43b4617,212,208,0.07692307692307693,3.589622641509434,1.9563711382656697,8.037469562410969,High Volume / Problematic
70849ca4f400aaabb62cb7462a6f1428,12,12,0.16666666666666666,4.416666666666667,3.03359375,7.2297067901234575,Insufficient eligible orders
709e16e2b25c7474d980076c6bfc4806,60,60,0.03333333333333333,4.516666666666667,1.589690545808967,8.703795524691357,High Volume / Reliable
70a12e78e608ac31179aea7f8422044b,315,312,0.09294871794871795,3.7777777777777777,3.585505686554722,10.78500658717399,High Volume / Problematic
70b52a4cfc823994561b00bad161b4ed,8,8,0.0,4.375,9.635668402777778,3.198560474537037,Insufficient eligible orders
70bf57d811208f8923b41bbd499a67a4,7,7,0.0,4.142857142857143,2.0334375000000002,2.7096263227513226,Insufficient eligible orders
70c0fda4c313d87115644d39e62eec60,1,1,0.0,5.0,0.3803125,6.947199074074074,Insufficient eligible orders
70c27847eca8195c983ed7e798c56743,77,77,0.06493506493506493,4.233766233766234,5.018347648635477,6.088321458633959,High Volume / Reliable
70c4eedec9cb4a85cda2f3f9673557b4,2,1,0.0,3.5,0.9378819444444444,6.056111111111111,Insufficient eligible orders
70ee69419916dc13e3aed619061f996c,1,1,0.0,3.0,11.21875,3.205949074074074,Insufficient eligible orders
70eea00b476a314817cefde4aad4f89a,108,106,0.0660377358490566,4.333333333333333,2.1019184027777778,10.959667081586304,High Volume / Reliable
70f7e8018e3d46c748c92f026aa2585a,1,1,0.0,5.0,0.7684375,6.250601851851852,Insufficient eligible orders
70f84699be677ec988d1fa824aef7d90,5,5,0.0,4.6,2.750761574074074,14.610405092592591,Insufficient eligible orders
71039d19d4303bf9054d69e9a9236699,35,35,0.2,3.8,1.8152040343915343,11.538388558201058,High Volume / Problematic
710e3548e02bc1d2831dfc4f1b5b14d4,136,131,0.03816793893129771,3.3455882352941178,3.654510120585702,10.520613337574217,High Volume / Reliable
71271995e85f5b8530be99ed54a91b89,8,6,0.16666666666666666,2.5,5.904629629629629,5.551269290123457,Insufficient eligible orders
712e6ed8aa4aa1fa65dab41fed5737e4,79,77,0.2077922077922078,3.3544303797468356,7.395758778258777,16.643938642376142,High Volume / Problematic
712efd3b68f9686dc856b84abd0f21ae,1,1,0.0,4.0,2.120601851851852,5.110162037037037,Insufficient eligible orders
7139dc5186aa238b006e066d8fbab2e4,22,22,0.13636363636363635,4.045454545454546,3.17142781986532,11.220233585858587,High Volume / Problematic
713e3a23ca5e47786eb6f0d99f94cfac,4,4,0.0,4.75,1.3886631944444445,8.111614583333333,Insufficient eligible orders
7142540dd4c91e2237acb7e911c4eba2,319,316,0.07278481012658228,4.021943573667712,3.43198466068917,10.901048369374122,High Volume / Problematic
714b9a1332840f257b49f476bea4e341,6,6,0.3333333333333333,3.3333333333333335,1.6301909722222223,29.638221450617284,Insufficient eligible orders
71592660bbcb6a4664e97b6f8b68babc,6,6,0.0,4.333333333333333,0.8472376543209877,11.269556327160494,Insufficient eligible orders
71593c7413973a1e160057b80d4958f6,2,2,0.0,3.0,7.623483796296297,1.1746122685185185,Insufficient eligible orders
715bbd5ba4e6b74cb0d2f29eb45058b0,62,62,0.08064516129032258,4.467741935483871,1.4672775423728812,10.034875485364397,High Volume / Problematic
7178e1eaa97257d8b6d4b80efd77a025,1,1,0.0,5.0,1.145775462962963,5.969293981481481,Insufficient eligible orders
7178f9f4dd81dcef02f62acdf8151e01,203,202,0.034653465346534656,4.029556650246305,4.640211599284928,10.461481767968463,High Volume / Reliable
717b78b0950b51ed00b1471d858b0edc,5,5,0.2,4.0,4.532747685185186,16.336252314814814,Insufficient eligible orders
718539d38d07dd351c76db862760e2e2,37,35,0.0,4.4324324324324325,1.7958164682539683,6.696700396825396,High Volume / Reliable
71dc18fd8cbf5fd77f45dd8b427abb34,4,4,0.0,5.0,2.0706712962962963,8.156750578703704,Insufficient eligible orders
7202e2ba20579a9bd1acb29e61fe71f6,53,51,0.0392156862745098,3.8679245283018866,1.2100421971450617,11.631500090777052,High Volume / Reliable
720e6cf846ea7572cbb66b743fb91e6c,1,1,0.0,5.0,4.934039351851852,11.212291666666667,Insufficient eligible orders
7210cd29727d674c00741e5e387b3ccd,9,9,0.1111111111111111,4.444444444444445,1.1606828703703702,2.5072762345679016,Insufficient eligible orders
72146da5774cabf2632faedcae097a76,4,4,0.25,4.0,3.5472395833333334,31.639887152777778,Insufficient eligible orders
7238a95bb63ef7e498389fb863b834a1,15,15,0.0,4.733333333333333,1.199676816239316,6.43637962962963,Insufficient eligible orders
7238f877570096ae403c51898fa64566,3,3,0.0,5.0,0.8404012345679012,8.065451388888889,Insufficient eligible orders
723a46b89fd5c3ed78ccdf039e33ac63,1,1,0.0,4.0,0.6723726851851852,7.310381944444444,Insufficient eligible orders
723cd880edaacdb998898b67c8f9da30,11,11,0.09090909090909091,4.090909090909091,2.5928287037037037,7.1122095959595955,Insufficient eligible orders
72431a818f97fe6ab9c81eee3e297e54,1,1,0.0,5.0,3.057037037037037,9.3446875,Insufficient eligible orders
725af026f869236a8dd0ceb98564d156,7,5,0.0,3.4285714285714284,4.883550925925926,8.675506944444445,Insufficient eligible orders
725c32fa80c2faacc4fc88450d27314e,89,89,0.011235955056179775,4.438202247191011,0.8342765538527033,8.25814307636288,High Volume / Reliable
7299e27ed73d2ad986de7f7c77d919fa,338,335,0.041791044776119404,4.420118343195266,1.209825924497028,9.767124758153678,High Volume / Reliable
729b2d09b2a0bdab221076327f13d050,49,48,0.041666666666666664,4.489795918367347,3.1159032600308643,9.069775993441358,High Volume / Reliable
729f06993dac8e860d4f02d7088ca48a,96,94,0.09574468085106383,4.135416666666667,2.176141555958132,9.22709121355398,High Volume / Problematic
72bc2cce903c872fe376a8faaa81d237,17,17,0.0,4.647058823529412,2.964593545751634,5.315409177559912,Insufficient eligible orders
72c38a04bd6a1c3dbc5298425a0db86d,4,4,0.0,3.75,0.7308140432098765,8.244918981481481,Insufficient eligible orders
72c5da29406b4234927b81855e7b64f6,31,31,0.03225806451612903,4.129032258064516,0.9276877572016461,9.418319145758662,High Volume / Reliable
72c73be2b085b9d57650dd53eb2004c9,1,1,0.0,5.0,0.4522800925925926,16.88023148148148,Insufficient eligible orders
730937bf88cb151eb2eb849f642fc213,22,22,0.045454545454545456,4.409090909090909,0.8426190476190476,5.230294612794613,High Volume / Reliable
7315baebc0572ff220d226283dc66728,2,2,0.0,4.0,0.5328587962962963,6.587928240740741,Insufficient eligible orders
731ef20c231d9a7103a425e83fd91271,2,2,0.0,3.5,2.0126736111111114,10.938408564814814,Insufficient eligible orders
734def04b237117a09321dd6d8f3f2a2,2,2,0.0,5.0,1.1013831018518518,1.169699074074074,Insufficient eligible orders
7354220fb240bde543b3c40c060d41e7,7,7,0.0,4.571428571428571,3.0798164682539686,7.492359457671958,Insufficient eligible orders
7357b52d27cbaa90f81a96cbc1279396,12,12,0.08333333333333333,4.333333333333333,0.9729899691358025,8.438451003086419,Insufficient eligible orders
739c7d7be81f63812dea0d1b1451c651,2,2,0.0,4.0,6.3853124999999995,10.727025462962963,Insufficient eligible orders
73a63f72308aa20a46f4b1632018f196,29,27,0.0,4.0344827586206895,2.6876869658119658,8.6184627914952,High Volume / Reliable
73b8eb4a9a729d4019b24ed1be748cbf,8,7,0.0,4.375,1.1302854938271605,3.1436954365079366,Insufficient eligible orders
73da1880b39c71de2b262bc7720c1494,2,2,0.0,5.0,1.1507407407407408,5.330983796296296,Insufficient eligible orders
740205fedfe4e90ca6857bc77db0f2b4,1,1,0.0,5.0,0.17631944444444445,3.3022453703703705,Insufficient eligible orders
7402d13c03a7e91366337cd1de471144,4,3,0.0,3.5,2.7365702160493828,5.719791666666667,Insufficient eligible orders
741f8c587cb4248ebc5b779a0e8e0e51,5,5,0.2,4.0,7.227724537037038,5.430722222222222,Insufficient eligible orders
744dac408745240a2c2528fb1b6028f3,79,78,0.01282051282051282,4.569620253164557,1.599584686147186,9.20190527065527,High Volume / Reliable
74636e24f01da9268b0ed88dacd8513e,4,4,0.25,4.0,0.7324999999999999,12.382497106481482,Insufficient eligible orders
747c1cdcd1737dcfbd1547f6eb6f2cf3,2,2,0.0,2.5,0.5202951388888889,12.916614583333333,Insufficient eligible orders
747e73c01a4593d4cf60dcf970fd2689,3,3,0.0,4.333333333333333,2.5820949074074075,7.794421296296297,Insufficient eligible orders
74871d19219c7d518d0090283e03c137,6,6,0.0,5.0,0.6212407407407408,3.190090663580247,Insufficient eligible orders
7494d0dcba8551df6cf37f1b905dc2f7,1,1,0.0,3.0,0.4309953703703704,5.415752314814815,Insufficient eligible orders
749e7cdabbaf72f16677859e27874ba5,1,1,0.0,1.0,2.1317245370370372,8.898206018518518,Insufficient eligible orders
74a9b9bddf14ece02beb81f52c41a88d,2,2,0.0,3.5,5.668304398148148,6.479166666666667,Insufficient eligible orders
74bafed391319577bce6f4d2acc0589a,3,3,0.0,2.6666666666666665,1.1653587962962961,5.606122685185185,Insufficient eligible orders
74c7dec0a384d8a05950e629bd23bde9,5,4,0.0,3.6,4.4398003472222225,6.806799768518518,Insufficient eligible orders
750303a20e9c56b2a6bc45cdce0b897d,54,53,0.03773584905660377,4.2407407407407405,1.1311785901467506,12.549356437805729,High Volume / Reliable
751bdc4d83a466c7206cd42e8f426b03,54,51,0.0196078431372549,3.7962962962962963,2.3544165305010893,8.154371141975309,High Volume / Reliable
751e274377499a8503fd6243ad9c56f6,1,1,0.0,5.0,0.6386111111111111,1.3427199074074074,Insufficient eligible orders
75745ef7bc7d4f3ea3380f6f5303f514,3,3,0.0,5.0,2.8449614197530866,2.302021604938272,Insufficient eligible orders
7586919161935337bf6b6d7ff5779648,11,11,0.18181818181818182,3.8181818181818183,2.1800652356902357,14.510356691919192,Insufficient eligible orders
75a4764c108403a7a0575140cb22287c,5,5,0.0,4.6,1.609150462962963,8.908699074074075,Insufficient eligible orders
75d34ebb1bd0bd7dde40dd507b8169c3,62,57,0.12280701754385964,3.7419354838709675,4.498646645549058,11.187337759909031,High Volume / Problematic
75fbb52eda0cbc24f479d3b2fbfa8d3e,40,38,0.05263157894736842,4.275,2.2587503045808965,11.18837506091618,High Volume / Reliable
75fdd0a732287f9497b179f6bd445d32,1,1,0.0,5.0,2.783888888888889,8.092268518518518,Insufficient eligible orders
761681a821d8275bc79f552116d06869,3,3,0.0,5.0,1.1572800925925926,6.879386574074075,Insufficient eligible orders
762ed976527cddf02787edba70fffa2a,3,3,0.0,2.3333333333333335,1.9203780864197533,5.894452160493827,Insufficient eligible orders
762fafdaa57a532ee0119731697579dd,5,5,0.0,5.0,1.4846203703703704,2.6104305555555554,Insufficient eligible orders
76623fde66e6b63b59440fd34160512d,3,3,0.0,4.0,2.09016975308642,1.2932407407407407,Insufficient eligible orders
7681ef142fd2c19048da7430856b5588,59,58,0.08620689655172414,4.11864406779661,1.64009197255291,8.417642680395913,High Volume / Problematic
76833248bbc0e65a0293ec62023e4396,2,2,0.0,5.0,7.812609953703704,9.86083912037037,Insufficient eligible orders
768a86e36ad6aae3d03ee3c6433d61df,17,17,0.11764705882352941,4.647058823529412,0.8679228395061729,3.647888071895425,Insufficient eligible orders
768de2a4fc06aacecb9a586ccc30746a,14,13,0.0,4.428571428571429,2.2854674145299145,12.551352386039886,Insufficient eligible orders
76c47a299e4a8fe992316a85865acbe9,6,6,0.3333333333333333,4.666666666666667,1.5373495370370371,18.582895447530863,Insufficient eligible orders
76d336555bb25f3165d2f0d6da719c40,2,1,0.0,2.0,5.638668981481482,5.849236111111111,Insufficient eligible orders
76d5af76d0271110f9af36c92573f765,131,128,0.09375,4.122137404580153,2.847192184744268,8.649946379484954,High Volume / Problematic
76d64c4aca3a7baf218bf93ef7fa768d,64,64,0.03125,4.234375,1.847435257523148,8.83270435474537,High Volume / Reliable
76de363de16dacc923eec8daf91df504,2,2,0.0,2.5,2.075954861111111,10.949733796296297,Insufficient eligible orders
76ea5315acb3f5f7ade3cd261faf922a,15,15,0.06666666666666667,4.266666666666667,1.4162376543209876,6.982084104938272,Insufficient eligible orders
77128dec4bec4878c37ab7d6169d6f26,1,1,0.0,5.0,5.786504629629629,6.205960648148148,Insufficient eligible orders
7722b1df1b0e383e000397b2c11e3e19,134,133,0.03007518796992481,4.201492537313433,1.9346285774410776,6.200151602833895,High Volume / Reliable
77530e9772f57a62c906e1c21538ab82,320,312,0.09294871794871795,4.0875,1.984112135701275,12.612480079237892,High Volume / Problematic
77714512e8d4dda9c234da8e3faf16e4,4,4,0.0,4.25,2.127659143518519,8.682991898148147,Insufficient eligible orders
777a0c55737f34ffeb78010f7542ab41,6,6,0.0,4.333333333333333,0.8441736111111112,3.4923341049382715,Insufficient eligible orders
778323240ce2830d68aab11794e00bfb,3,3,0.0,4.333333333333333,2.514266975308642,8.020181327160493,Insufficient eligible orders
77a515caa36327151d1cc6c32a9f00e1,26,26,0.11538461538461539,4.423076923076923,1.4174281442901233,8.47470486111111,High Volume / Problematic
77dcbb67ccb3659bd58eaf5661560a30,2,0,,1.0,,,Insufficient eligible orders
77e4abfd739aed9c46480f90f81c0eb4,18,18,0.0,4.777777777777778,2.5495453960905348,6.855112525720164,Insufficient eligible orders
77fccaae319668a8ab6cd0fd16aec48c,11,11,0.0,4.454545454545454,1.389138888888889,7.512472643097643,Insufficient eligible orders
7813ea3ebd9411dc600b4dd01f7a97b9,9,9,0.1111111111111111,3.888888888888889,2.182463991769547,10.158885030864196,Insufficient eligible orders
7816cd9c5b1238e320545f5bf7eb80e8,1,1,0.0,4.0,0.5896180555555556,10.292256944444444,Insufficient eligible orders
781a66c0d89e30814d49fe8b5e14cd07,1,1,1.0,1.0,14.122997685185185,18.99335648148148,Insufficient eligible orders
782f78b632a43875dd5b53e3e49c9564,2,1,0.0,3.0,2.95443287037037,6.920902777777778,Insufficient eligible orders
784ba75dd9d20200c4caed3d7a77141a,21,19,0.10526315789473684,3.8095238095238093,7.348774366471734,5.54974719785575,Insufficient eligible orders
78744a20ee2f80ba64f6804c25def2b8,6,6,0.16666666666666666,4.166666666666667,4.01346450617284,14.727008101851851,Insufficient eligible orders
78813699ffac347fe27dba345a5f1551,1,1,0.0,5.0,0.7098032407407407,8.316851851851851,Insufficient eligible orders
788e857f317e53de488d393e65a80f45,11,11,0.0,4.909090909090909,1.4423295454545455,5.410995370370371,Insufficient eligible orders
788f22bafdd7ab0e1e79f19db72f16a4,2,2,0.0,4.5,0.6636921296296296,3.236915509259259,Insufficient eligible orders
78a4d36f65a019172c6154468831a69f,7,7,0.14285714285714285,4.285714285714286,2.2246924603174603,13.271281415343916,Insufficient eligible orders
78ba5933c21686d1c2f64669c8c459e7,2,2,0.0,4.5,1.984971064814815,4.538686342592593,Insufficient eligible orders
78c99c6dff4eeae5be99bf635ed21e3f,31,31,0.06451612903225806,4.419354838709677,2.247582511947431,10.87526508363202,High Volume / Reliable
78ef7e885d17f35e2382a47aae8b8cce,3,3,0.0,4.666666666666667,4.362064043209877,4.293344907407407,Insufficient eligible orders
7901646fdd36a55f564ffaf2dbccaaf7,22,22,0.09090909090909091,4.5,2.273154461279461,7.1292324284511785,High Volume / Problematic
791cfcfe22fe4a771ece27f90017da92,2,1,1.0,1.5,5.7728472222222225,20.916597222222222,Insufficient eligible orders
79565f7d5603b24ddf07ade262547f2f,8,7,0.2857142857142857,4.0,0.4473296957671957,12.141526124338624,Insufficient eligible orders
7957cac1a02f45d0a4a7e45626382ec2,1,1,0.0,4.0,19.11923611111111,7.192337962962963,Insufficient eligible orders
7963e546f34e098b578f9ad102494601,1,1,0.0,5.0,0.4625925925925926,16.135104166666668,Insufficient eligible orders
7994081388d55b9cf976c050653dd359,2,1,0.0,3.0,4.891805555555556,8.068842592592592,Insufficient eligible orders
7994b065a7ffb14e71c6312cf87b9de2,5,5,0.0,5.0,3.227236111111111,5.772884259259259,Insufficient eligible orders
79a679c36c08d606b3fd47ead9de109b,3,3,0.3333333333333333,2.0,5.422226080246912,6.033591820987655,Insufficient eligible orders
79b93a308a97792cf53ac75f46da00b5,1,1,0.0,5.0,3.1723032407407405,19.3371875,Insufficient eligible orders
79ebd9a61bac3eaf882805ed4ecfa12a,136,133,0.045112781954887216,4.044117647058823,4.877109725729517,9.953348214285713,High Volume / Reliable
79ed755314cfe6df0daef2c6cd3022cd,23,23,0.0,4.739130434782608,1.3604941626409017,7.77785175120773,High Volume / Reliable
79ee721b6f766066a80264402548d359,2,0,,1.0,,,Insufficient eligible orders
7a073a40a9d3f1fee8bc45670ea1e909,1,0,,1.0,,,Insufficient eligible orders
7a188843479798ca813108fa7b959286,1,0,,1.0,,,Insufficient eligible orders
7a241947449cc45dbfda4f9d0798d9d0,62,56,0.07142857142857142,3.8225806451612905,3.890480218855219,9.045843667328041,High Volume / Problematic
7a2d2949aea47fab95fd98d6c9f618b1,11,11,0.0,4.2727272727272725,1.6900904882154881,8.65988531144781,Insufficient eligible orders
7a425d299613df3e613bcf9d2eaf5c49,18,18,0.05555555555555555,4.111111111111111,1.1570672582304526,10.440354938271604,Insufficient eligible orders
7a67c85e85bb2ce8582c35f2203ad736,1160,1145,0.05240174672489083,4.2267241379310345,1.616972062297018,9.17039525715672,High Volume / Reliable
7a704e63bb29c446869efde5d57524c8,1,1,0.0,5.0,1.1256481481481482,6.379050925925926,Insufficient eligible orders
7a91bf945c6fae0779f1c61ce97fe45c,5,4,0.25,3.8,6.568735532407407,37.27149594907407,Insufficient eligible orders
7a9c12e235c36247c3c81f50d6ea9cea,5,5,0.0,4.6,2.5790208333333333,9.753004629629629,Insufficient eligible orders
7aa4334be125fcdd2ba64b3180029f14,217,214,0.11682242990654206,4.092165898617512,4.963843187521634,10.633475971570162,High Volume / Problematic
7aa538dd6e114e503a2e6154ea352253,5,5,0.0,4.4,2.1849398148148147,5.772909722222222,Insufficient eligible orders
7ab0dd5487bab2dc835337b244f689fb,1,1,0.0,5.0,0.822962962962963,4.914537037037037,Insufficient eligible orders
7ad32824caee82087b3e2e5f33b1bf32,151,147,0.1292517006802721,3.7880794701986753,1.5885251206311946,10.272598104056437,High Volume / Problematic
7ad41305e96a6cab8294cd65891e9a86,2,2,0.0,5.0,2.4781192129629632,9.059467592592593,Insufficient eligible orders
7adbd3210a7b3cc2235e225eef33574d,3,3,0.0,4.666666666666667,1.5991319444444443,7.523503086419754,Insufficient eligible orders
7ade73f1b9b4e965f9009a4c3a7e2c15,27,26,0.0,4.62962962962963,2.3283190883190885,6.972740829772079,High Volume / Reliable
7b07b3c7487f0ea825fc6df75abd658b,93,91,0.04395604395604396,4.354838709677419,1.7252859177859179,7.6411155626780625,High Volume / Reliable
7b0df942f46435babab05d49b744b2c4,32,32,0.09375,4.28125,1.601549117476852,8.90681712962963,High Volume / Problematic
7b1222c3624aa89b9558b50a2594188c,22,22,0.13636363636363635,4.454545454545454,4.839473905723906,12.458203388047139,High Volume / Problematic
7b3447b497e55af8c15fc7bd89d7b81a,1,1,0.0,5.0,9.89454861111111,3.1568055555555556,Insufficient eligible orders
7b3f6ce5c6c22e9b96e7581ebf0df6e1,1,1,0.0,3.0,3.6839930555555553,7.259085648148148,Insufficient eligible orders
7b7ed56ae755e2880f2b69632e839c1e,5,5,0.0,4.2,1.5883055555555554,5.703861111111111,Insufficient eligible orders
7b7f91e98f8c6def45a1407923304402,11,11,0.09090909090909091,4.181818181818182,4.110437710437711,8.942863005050505,Insufficient eligible orders
7b8e8ec35bad4b0ef7e3963650b0a87b,5,5,0.2,4.8,1.0616296296296297,20.033356481481484,Insufficient eligible orders
7b98de631987e26dd6d803490c43a13c,8,8,0.0,4.625,1.8711328125,8.486870659722221,Insufficient eligible orders
7bac63f6603d382cc8d0832eb6c100a8,19,19,0.10526315789473684,4.0,2.021003289473684,13.103499634502924,Insufficient eligible orders
7bb8fac2913a6064ec412e583c6d8b4d,1,1,0.0,5.0,0.42520833333333335,4.421134259259259,Insufficient eligible orders
7bcd7c5f8631701474db233ccf1c094b,11,8,0.0,3.6363636363636362,5.106626157407407,9.119917534722223,Insufficient eligible orders
7c1fea10b5b006671d608b1d7c446ec4,14,14,0.07142857142857142,4.0,2.451244212962963,12.895343088624339,Insufficient eligible orders
7c4402417d51474d4d0cda9557340e40,1,1,0.0,5.0,1.8814351851851852,4.238136574074074,Insufficient eligible orders
7c4618c82226628831613e95e9c22f44,13,13,0.07692307692307693,4.076923076923077,2.4129533179012346,8.385495904558404,Insufficient eligible orders
7c462184585ae80bd6e5774c62ce50f2,1,1,1.0,3.0,14.015810185185185,1.905925925925926,Insufficient eligible orders
7c4adcc13272c0e26fa23aac642adb7b,2,2,0.5,3.0,1.839212962962963,14.274143518518517,Insufficient eligible orders
7c51de0ab286204ce75ff42bf7c10d92,4,4,0.0,4.5,0.9417939814814815,8.570405092592592,Insufficient eligible orders
7c5b05cbdb5542049f38d90d7815b97d,22,21,0.047619047619047616,4.363636363636363,2.3581469907407406,4.642544642857143,High Volume / Reliable
7c67e1448b00f6e969d365cea6b010ab,982,973,0.09146968139773895,3.484725050916497,11.378224670263789,10.457778170724737,High Volume / Problematic
7c9130f5f3729edd32aa059141d92484,3,3,0.0,3.3333333333333335,2.7746682098765434,4.666412037037037,Insufficient eligible orders
7caa63f175b1cecbfaadd8b5ab9998c7,2,1,0.0,2.0,1.0652777777777778,1.0835532407407407,Insufficient eligible orders
7cb946b1ad19faebe28c3e86c2794ec3,1,1,0.0,5.0,0.6916898148148148,17.449756944444445,Insufficient eligible orders
7cf4ea70955b00d6b3c22542598e2715,1,1,0.0,5.0,0.3630324074074074,6.111504629629629,Insufficient eligible orders
7d13fca15225358621be4086e1eb0964,565,558,0.11469534050179211,4.010619469026548,3.50325916649801,11.9286762826895,High Volume / Problematic
7d294cf9a6a69dc6a0c3e540fff0e039,5,5,0.0,4.4,1.8465509259259256,6.825458333333333,Insufficient eligible orders
7d456afc660226829370f3173d14520c,56,55,0.03636363636363636,4.357142857142857,1.6581905136268345,6.566434974747475,High Volume / Reliable
7d484ca289afaac6bf5fc6a1e96d2226,2,2,0.0,4.0,2.042181712962963,9.290983796296295,Insufficient eligible orders
7d76b645482be4a332374e8223836592,176,172,0.09302325581395349,3.9488636363636362,3.464752409573316,9.724342229220499,High Volume / Problematic
7d7866a99a8656a42c7ff6352a433410,5,5,0.0,4.4,0.8857523148148148,3.749888888888889,Insufficient eligible orders
7d7d2b7a51328016102d4528c411d630,7,7,0.14285714285714285,4.142857142857143,1.852235725308642,7.965477843915344,Insufficient eligible orders
7d81e74a4755b552267cd5e081563028,1,1,0.0,4.0,0.8587847222222222,1.2542824074074075,Insufficient eligible orders
7d948535954aaf8c5d39db007f74372e,4,4,0.0,3.75,2.272421875,2.708923611111111,Insufficient eligible orders
7daca0837f033a41a6f3428c18657533,7,7,0.2857142857142857,3.5714285714285716,4.144135251322751,8.993373015873017,Insufficient eligible orders
7dc8c42cc750eeafea6c85712ffee9bf,41,41,0.04878048780487805,4.195121951219512,2.9826533564814817,5.726081752484191,High Volume / Reliable
7dc9a3355bae96dd82008b313d3a456c,1,1,0.0,5.0,7.093530092592593,5.381840277777778,Insufficient eligible orders
7ddcbb64b5bc1ef36ca8c151f6ec77df,334,325,0.08307692307692308,3.934131736526946,2.0376922743055554,10.248008404558405,High Volume / Problematic
7dea6f73af847b42cc3985bd620f994d,2,2,0.0,4.0,1.8912268518518518,3.3831481481481482,Insufficient eligible orders
7df1fc11cc5cbc518b39faa60cf5d67c,5,5,0.0,4.2,3.347638888888889,4.336634259259259,Insufficient eligible orders
7e1fb0a3ebfb01ffb3a7dae98bf3238d,159,155,0.11612903225806452,4.1257861635220126,1.2115201612903226,13.94345310633214,High Volume / Problematic
7e26c750b4cb9f6766f58265ff9ebe95,23,23,0.0,4.434782608695652,2.0692814009661835,7.090524859098229,High Volume / Reliable
7e3dde9ffba72d5340f9aaf09b4424be,1,0,,1.0,,,Insufficient eligible orders
7e3f87d16fb353f408d467e74fbd8014,92,91,0.06593406593406594,4.130434782608695,1.8171019027269026,10.18854332010582,High Volume / Reliable
7e79d65b5c6f1f544b7daea036acf720,4,4,0.0,4.5,2.8534375,5.263862847222223,Insufficient eligible orders
7e93a43ef30c4f03f38b393420bc753a,336,319,0.047021943573667714,4.205357142857143,2.464973671754822,8.47593310983397,High Volume / Reliable
7e959205cebc10adefcb331f934238a4,2,0,,1.0,,,Insufficient eligible orders
7ea5bfa6c340f58f8e71fc1f0412b0d6,98,96,0.0625,4.1020408163265305,1.934820662768031,10.78221390335648,High Volume / Reliable
7ecd59e5e20407131822c1a68ac59c1f,24,24,0.125,4.416666666666667,7.677235243055556,9.11726417824074,High Volume / Problematic
7ecef8194babfec876ca720714327841,7,7,0.0,4.285714285714286,1.8489351851851852,8.283354828042329,Insufficient eligible orders
7f02656561b680def9986c0795a8a080,2,1,0.0,3.0,3.5836574074074075,6.968993055555556,Insufficient eligible orders
7f152321c60a266edc53af1925ef96c1,20,20,0.3,3.8,3.6043194444444446,19.608991319444446,High Volume / Problematic
7f2617c58d5d06806987308b45654351,22,22,0.09090909090909091,3.8181818181818183,2.022265361952862,10.156243686868686,High Volume / Problematic
7f35f9daf223da737b78738fbae4d977,5,5,0.0,4.0,0.9283032407407408,6.741050925925926,Insufficient eligible orders
7f40d06aa0b5f1aa4f41af8c0480e2ef,6,6,0.0,4.833333333333333,0.966863425925926,3.1521720679012346,Insufficient eligible orders
7f5e4d5efad7e44b91115dd1decb65f3,3,3,0.0,5.0,0.9362461419753086,5.90786651234568,Insufficient eligible orders
7f7b8245c336066a1f9933c359f11d77,38,38,0.02631578947368421,4.552631578947368,2.9423066816816816,4.802735745614036,High Volume / Reliable
7fc87cc3e89b3d1d5cabdca32f8485aa,14,14,0.21428571428571427,3.5714285714285716,14.721778273809523,4.443572255291005,Insufficient eligible orders
7fdb0720c8d7c9075538b365dc8c3a22,9,9,0.1111111111111111,2.4444444444444446,7.2822890946502055,11.054333847736626,Insufficient eligible orders
7fe21dd00d2f4943ae09525efa2fd674,4,2,0.0,3.0,3.2961631944444445,2.641915509259259,Insufficient eligible orders
7ff588a03c2aeae4fbd23f9ae64b760d,14,14,0.0,4.642857142857143,0.46721527777777777,4.334813161375662,Insufficient eligible orders
800214c63934acd05d47e84214db8ba8,4,3,0.0,5.0,4.85212962962963,6.925868055555555,Insufficient eligible orders
80146bc52c4f6af5239b23de2a20262b,1,0,,3.0,,,Insufficient eligible orders
804287717b9156fb7a787acd9af4fac1,1,1,0.0,5.0,5.120127314814815,3.9971296296296295,Insufficient eligible orders
8060d731897e33b5c5ae575ce1e209e1,5,5,0.0,4.8,1.930703125,6.192671296296297,Insufficient eligible orders
808d4348b916efa08e766ebad39f61eb,21,20,0.05,4.428571428571429,2.249997427983539,5.274001736111111,High Volume / Reliable
8090490573c6c0aa343a7231ebcb8c86,26,26,0.07692307692307693,4.1923076923076925,1.2769121334876543,8.446071492165242,High Volume / Problematic
809413606dbfe5deefd2db646693ef67,3,3,0.0,4.333333333333333,3.812445987654321,2.859116512345679,Insufficient eligible orders
80ceebb4ee9b31afb6c6a916a574a1e2,1,1,1.0,1.0,7.442210648148148,12.01099537037037,Insufficient eligible orders
80cfd480be3eb6d6267139f5cb793555,1,1,0.0,4.0,6.089224537037037,8.164918981481481,Insufficient eligible orders
80e6699fe29150b372a0c8a1ebf7dcc8,98,96,0.03125,4.285714285714286,1.5528250487329436,9.532613208912037,High Volume / Reliable
80f2cf9abf6b5a0e5c612b5eea6646e6,7,6,0.16666666666666666,4.428571428571429,1.2246643518518519,9.180707947530864,Insufficient eligible orders
8132b9bd16876e1b0f8808d43825dd48,2,1,0.0,3.0,3.624050925925926,13.180335648148148,Insufficient eligible orders
813348c996469b40f2e028d5429d3495,179,172,0.046511627906976744,3.988826815642458,1.6689910368217056,8.175564168819983,High Volume / Reliable
81336a0f57a33776419727a300249e90,16,15,0.13333333333333333,3.875,8.062650462962962,9.17779012345679,Insufficient eligible orders
8160255418d5aaa7dbdc9f4c64ebda44,385,380,0.1368421052631579,3.9272727272727272,3.6541588073484625,12.290163224902534,High Volume / Problematic
817245bcc3badd82bbd222e0366951a6,29,28,0.03571428571428571,3.9310344827586206,0.9393917181069958,11.244736276455027,High Volume / Reliable
81783131d2a97c8d44d406a4be81b5d9,13,8,0.0,3.3076923076923075,2.5267162698412697,4.800936053240741,Insufficient eligible orders
817f85dbb65aa3e70831d90fe75cdf89,11,11,0.0,4.545454545454546,14.378231271043772,3.448249158249159,Insufficient eligible orders
8185694b58b2ba6de20fd41ae608bbea,8,8,0.0,4.5,3.0668851273148148,7.422866030092592,Insufficient eligible orders
818d28f936e791926d33bcb6ee94ef79,5,4,0.0,3.6,2.847962962962963,9.840703125000001,Insufficient eligible orders
81a1104df0f08b59c68aa5b03cfe398e,73,72,0.041666666666666664,4.260273972602739,1.812006333590535,10.39713236239712,High Volume / Reliable
81ed90f07c0bacb7594940ba2ef676aa,2,2,0.0,4.5,7.3852314814814815,8.130347222222222,Insufficient eligible orders
81f89e42267213cb94da7ddc301651da,46,46,0.0,3.6739130434782608,2.3021990740740743,4.8310079508856685,High Volume / Reliable
820c7c9eaf76d2b226b6c242bcf3f34d,1,1,0.0,4.0,0.45207175925925924,15.848321759259258,Insufficient eligible orders
820cc752a266cdc6c1a1e61dd4583330,15,15,0.06666666666666667,4.133333333333334,4.845702160493827,8.575770061728395,Insufficient eligible orders
821fb029fc6e495ca4f08a35d51e53a5,28,24,0.3333333333333333,3.3214285714285716,1.7202178945249595,14.679323398919754,High Volume / Problematic
822166ed1e47908f7cfb49946d03c726,69,69,0.014492753623188406,3.9420289855072466,2.98830615942029,9.182904589371981,High Volume / Reliable
822b63912576852aea9a8436d72317b7,8,6,0.0,3.875,14.366070601851852,7.919508101851851,Insufficient eligible orders
822bad9bc42b51213ba522fe87b7ab5d,18,18,0.2777777777777778,4.111111111111111,5.191738683127571,20.97016846707819,Insufficient eligible orders
827f8f69dfa529c561901c4f2e0f332f,91,91,0.06593406593406594,4.208791208791209,5.509900412087912,7.888721001221001,High Volume / Reliable
82921991ff5b557b045605b8bbf08d49,1,1,0.0,5.0,0.6727546296296296,3.4010648148148146,Insufficient eligible orders
82bd0703a4aefd6b599e5bfdaed378fb,21,20,0.05,3.9047619047619047,4.182715856481481,6.91347974537037,High Volume / Reliable
82cb9f452fe8334df74b22d37824b431,14,14,0.0,4.714285714285714,1.8985443376068376,6.124365079365079,Insufficient eligible orders
82e0a475a88cc9595229d8029273f045,42,41,0.0975609756097561,3.642857142857143,3.339246273712737,12.147897188346883,High Volume / Problematic
830379336fad8c6f3b15a4a3ddb5c66e,2,2,0.0,4.5,2.0002199074074074,4.084548611111111,Insufficient eligible orders
83353a83fd769dfafa4f21a72b15e3e5,5,5,0.2,3.8,3.766141203703703,14.399791666666667,Insufficient eligible orders
834f3294fba9f932f56edc879193f925,66,66,0.06060606060606061,4.545454545454546,2.544464962121212,11.146913404882156,High Volume / Reliable
834f8533b2ecb6598dd004ff3de7203a,43,41,0.14634146341463414,3.813953488372093,7.018567637759712,7.22874294263776,High Volume / Problematic
835f0f7810c76831d6c7d24c7a646d4d,44,42,0.2619047619047619,3.340909090909091,9.383904320987654,8.48410190696649,High Volume / Problematic
83645b1645cdee8953ee54c29ceed564,14,14,0.0,4.428571428571429,1.0721238425925925,9.208224206349206,Insufficient eligible orders
8378eb36b6b70c5734e83ad7b8cdc3b7,7,7,0.14285714285714285,3.857142857142857,5.77254298941799,9.812334656084657,Insufficient eligible orders
83a75eea11694e36e56dd0cb2240229a,3,3,0.0,5.0,2.0393364197530865,1.7105015432098767,Insufficient eligible orders
83b08de96980757220871b31bf6cffca,5,5,0.2,4.0,3.976634259259259,9.766659722222222,Insufficient eligible orders
83c465a786b06574376909b35ef6752a,3,3,0.0,5.0,2.4403395061728395,2.7060416666666662,Insufficient eligible orders
83c8aafbefb034674a70de0eac5b8954,2,2,0.0,5.0,0.3184837962962963,4.418663194444445,Insufficient eligible orders
83d458c0d6d4f94295d63f091460bd60,1,0,,5.0,,,Insufficient eligible orders
83d7070a0b9a8b4625fa8682b819fabb,2,0,,1.0,,,Insufficient eligible orders
83deb69e889cf80f82be1dc6d5f2d486,40,40,0.05,4.325,4.599938368055556,10.829550057870371,High Volume / Reliable
83e197e95a1bbabc8c75e883ed016c47,47,46,0.021739130434782608,4.808510638297872,1.623190921900161,8.461518719806763,High Volume / Reliable
83f2b4881141ce3fcd4e985125d3279e,3,3,0.0,5.0,4.0784567901234565,13.699432870370371,Insufficient eligible orders
8444e55c1f13cd5c179851e5ca5ebd00,99,92,0.06521739130434782,3.2626262626262625,10.606844429347825,10.244679574275363,High Volume / Reliable
845e8036c3f7bf62099352f5ed910240,21,21,0.0,3.9523809523809526,1.2041633597883599,5.889980158730158,High Volume / Reliable
8476243f92442881ddd5b578975cf115,12,12,0.08333333333333333,4.083333333333333,4.822611882716049,12.15576099537037,Insufficient eligible orders
84c945f15571830c1a91a33978e94009,2,2,0.0,4.5,3.3041666666666667,6.132934027777778,Insufficient eligible orders
84deb808079d1be601c209c1e771b1cc,2,2,0.0,5.0,0.869386574074074,4.925277777777778,Insufficient eligible orders
8501d82f68d23148b6d78bb7c4a42037,1,0,,1.0,,,Insufficient eligible orders
85044848b1b767db2a4a58526adef4b4,4,4,0.0,3.25,1.0927488425925926,7.537711226851852,Insufficient eligible orders
850857dfac77488c307e2b1cbd84ab5a,1,1,0.0,5.0,0.6869328703703703,2.225324074074074,Insufficient eligible orders
850913d59ce317156b00f3705f1c3edb,32,29,0.1724137931034483,3.4375,5.14665469348659,7.900211526181353,High Volume / Problematic
850f4f8af5ea87287ac68de36e29107f,187,186,0.04838709677419355,4.283422459893048,1.0314515398550725,8.705144240342493,High Volume / Reliable
851773c885feb5e2da3b4f82bc2b17ce,10,10,0.2,4.2,1.1623900462962964,15.097814814814814,Insufficient eligible orders
855668e0971d4dfd7bef1b6a4133b41b,312,300,0.12666666666666668,3.7435897435897436,5.859244150820284,10.003576967592592,High Volume / Problematic
8581055ce74af1daba164fdbd55a40de,387,379,0.08179419525065963,4.255813953488372,2.7520876006975143,10.01284166422359,High Volume / Problematic
85cc55e048b6bcc90c75afe7f0e72f72,9,9,0.2222222222222222,4.444444444444445,0.8620384837962963,11.693851594650205,Insufficient eligible orders
85d9eb9ddc5d00ca9336a2219c97bb13,509,499,0.022044088176352707,4.170923379174853,6.619844782156907,7.465384031952794,High Volume / Reliable
85e7c62c1d6ea078c3897424f867a7c8,2,2,0.0,4.5,3.1461863425925927,3.995162037037037,Insufficient eligible orders
85ecf03781da592876b7844acc1b729f,2,2,0.5,4.5,0.7849768518518518,13.26398726851852,Insufficient eligible orders
8602a61d680a10a82cceeeda0d99ea3d,17,17,0.0,4.411764705882353,1.8052151416122004,5.996279275599129,Insufficient eligible orders
8603f0038fe0e52fedd3382d266723de,10,10,0.0,4.4,12.633465277777777,8.222627314814815,Insufficient eligible orders
8629a7efec1aab257e58cda559f03ba7,1,1,1.0,1.0,25.272222222222222,33.945023148148145,Insufficient eligible orders
8629c241b3622ac12cd4118afdc8d394,13,13,0.07692307692307693,4.076923076923077,2.8232451923076924,11.941735220797721,Insufficient eligible orders
863d2ebcd347ce4922de7a0f9a5581d6,18,17,0.11764705882352941,3.888888888888889,1.1354318576388889,9.71298611111111,Insufficient eligible orders
8648b1e89e9b349e32d3741b30ec737e,95,93,0.0967741935483871,4.08421052631579,1.1816657860305957,7.644910767622461,High Volume / Problematic
86649b1632b1c0e6c0bcb2c90a8b75d8,1,0,,1.0,,,Insufficient eligible orders
866558b3bccef2dbc6d29a2b5995016f,5,5,0.0,4.8,2.2420601851851854,9.300965277777777,Insufficient eligible orders
86bb7c4b535e49a541baf3266b1c95b1,16,16,0.1875,3.0625,3.9072786458333333,15.673637876157407,Insufficient eligible orders
86bf77bdb52e615674772d5817c6212f,4,4,0.0,4.75,0.9541290509259259,5.9004108796296295,Insufficient eligible orders
86ccac0b835037332a596a33b6949ee1,180,178,0.02247191011235955,4.177777777777778,2.4523546738451936,9.200593351119482,High Volume / Reliable
86ff3eaef0267069cc891a2ed9d10a17,7,7,0.0,4.714285714285714,0.9620756172839506,7.420081018518518,Insufficient eligible orders
870d0118f7a9d85960f29ad89d5d989a,45,45,0.044444444444444446,4.044444444444444,2.166152520576132,11.857016203703703,High Volume / Reliable
87142160b41353c4e5fca2360caf6f92,305,305,0.03934426229508197,4.4,2.5263564043209876,7.953468047965998,High Volume / Reliable
8759e7aedd644f487315e5860962f162,3,3,0.3333333333333333,3.6666666666666665,3.040347222222222,28.566238425925928,Insufficient eligible orders
876182d1918783bbe15233febfbd4926,3,3,0.0,4.0,5.971875,2.508537808641975,Insufficient eligible orders
87b4428a334b8f676fd9a7f3bf544fb5,1,1,0.0,5.0,1.6768287037037037,5.245613425925926,Insufficient eligible orders
87b740daf17b5d1be335a64164ec6842,13,11,0.09090909090909091,3.3076923076923075,4.377250631313132,13.601396254208753,Insufficient eligible orders
87d30a6a0cbf89356e49324971ab1d24,17,17,0.058823529411764705,4.352941176470588,2.043449754901961,8.835168164488017,Insufficient eligible orders
87d3c3aeb3ead335511b3ce315eb341e,15,15,0.06666666666666667,3.3333333333333335,1.1815277777777777,5.21446450617284,Insufficient eligible orders
87d73636a3acf123e842bb890a4db036,1,1,0.0,5.0,1.2192013888888888,11.286805555555556,Insufficient eligible orders
87e24fc7052259b1f7f607d61c10d8be,8,7,0.14285714285714285,3.5,7.99146164021164,7.071655092592593,Insufficient eligible orders
87f3e35268860433e13d577825aada95,3,1,0.0,1.0,45.31614583333333,4.911898148148148,Insufficient eligible orders
880ce4951cf857ab1d9e0b75c1d856f4,1,1,0.0,5.0,3.1514467592592594,11.88849537037037,Insufficient eligible orders
880eda903e719a5f179f7e9fceb3a69d,1,0,,1.0,,,Insufficient eligible orders
883dd81e82754ac2c65e9790a7db8c9a,5,5,0.0,4.4,1.4999398148148146,5.406069444444444,Insufficient eligible orders
88460e8ebdecbfecb5f9601833981930,248,246,0.17073170731707318,3.403225806451613,7.548616969593049,9.987841999774165,High Volume / Problematic
888faa8bfb0b159c37de6d898b961c31,19,19,0.0,4.2105263157894735,1.1540582358674463,7.148566033138401,Insufficient eligible orders
889009a0ed0bb52c87819941192931b8,1,1,0.0,4.0,0.12983796296296296,11.031944444444445,Insufficient eligible orders
88ae906ea2acf6971f26c3e8b7cb4357,3,3,0.3333333333333333,3.3333333333333335,3.4046604938271607,11.672554012345678,Insufficient eligible orders
88af55b4a7ca402b27df16f7c7c9b5d2,1,0,,1.0,,,Insufficient eligible orders
88cd3681e0a2ba85e190f7d817629c4c,1,1,0.0,4.0,1.7167476851851853,5.288912037037037,Insufficient eligible orders
88cf19ec1fc2c58f161aee259d57142c,14,14,0.0,4.5,1.2041823743386242,4.884739583333333,Insufficient eligible orders
88ef59b51bdaa941d10a853429f2b6ce,2,2,0.0,2.0,1.0105671296296297,4.410978009259259,Insufficient eligible orders
891071be6ba827b591264c90c2ae8a63,92,85,0.1411764705882353,3.7717391304347827,3.3458833498677247,9.781324074074075,High Volume / Problematic
8931a84a914b3fe9b1ddaa4d704947ca,29,29,0.06896551724137931,4.103448275862069,3.8509850363756613,7.573449074074074,High Volume / Problematic
8936ba0de1073ee888cb3185ae5dc661,1,1,0.0,5.0,4.3653356481481485,7.063344907407408,Insufficient eligible orders
897060da8b9a21f655304d50fd935913,317,304,0.10526315789473684,3.6056782334384856,2.7680262371228848,11.710916445845516,High Volume / Problematic
89757206b887aed36f3e18d858460fea,2,2,0.0,5.0,0.12109953703703703,9.17646412037037,Insufficient eligible orders
89a51f50b8095ea78d5768f34c13a76f,10,10,0.0,4.7,1.1612919560185184,5.866087962962963,Insufficient eligible orders
89ad3263c0931c47f976d7c5778e60f6,6,6,0.0,4.166666666666667,1.2480536265432098,4.820889274691358,Insufficient eligible orders
89bc797e2e29667aa035d4368f9b7f92,17,16,0.1875,3.7058823529411766,7.9108203125,6.771171875,Insufficient eligible orders
89c127985a8b130cfa45c1d36764017a,7,6,0.0,3.142857142857143,3.9441493055555554,6.549454089506173,Insufficient eligible orders
89d9a386b0b6e5fc8403071b03f7206a,2,2,0.0,4.0,5.062679398148148,8.415109953703704,Insufficient eligible orders
89dda63a3c907c468ec88c310ed91213,2,1,0.0,3.0,2.425150462962963,23.005752314814814,Insufficient eligible orders
89de2d6f23e9746ff309705b23581faa,8,8,0.0,2.5,4.068869047619048,26.88599392361111,Insufficient eligible orders
89f69225956f951295ca4c7fb1266553,11,11,0.0,4.2727272727272725,2.139523358585859,7.28955281986532,Insufficient eligible orders
8a130737016f838139d31878787a39c9,56,56,0.07142857142857142,4.446428571428571,1.9721319873113854,7.799806340939154,High Volume / Problematic
8a1ff5c35f6595a73fef4c7b96e4908a,2,2,0.0,5.0,3.3314409722222225,6.197528935185185,Insufficient eligible orders
8a207b6080964f3c1fc9d35bd6096ba4,2,2,0.5,5.0,1.834675925925926,19.85509837962963,Insufficient eligible orders
8a2d12a90e92f012ce5226fc6592b653,18,18,0.0,4.388888888888889,1.9548276748971192,6.914097865226338,Insufficient eligible orders
8a32e327fe2c1b3511609d81aaf9f042,132,126,0.031746031746031744,3.840909090909091,1.899655166078777,6.598595036008231,High Volume / Reliable
8a40ae794fa3f9892cee24bd5af0488b,6,6,0.3333333333333333,3.1666666666666665,5.797710648148149,21.81204861111111,Insufficient eligible orders
8a43128d7f9a3db592b866e6861a6cce,3,3,0.0,2.3333333333333335,0.3323533950617284,5.572893518518518,Insufficient eligible orders
8a432f4e5b471f8da497d7dc517666e2,95,95,0.021052631578947368,4.157894736842105,1.0063970754290876,6.554637914230019,High Volume / Reliable
8a87611c08849ffeeccab52aa798b6c7,13,6,0.0,2.769230769230769,6.063777006172839,6.418300925925925,Insufficient eligible orders
8a8835a43bda99fd37310ad76c457510,2,2,0.0,4.5,2.712355324074074,3.5589062499999997,Insufficient eligible orders
8a9260f2b0340411d6d2a56bcf4f7378,8,8,0.0,4.75,2.226161747685185,7.33828269675926,Insufficient eligible orders
8ab42aa58097fd4668d60cc648225d5f,20,20,0.0,4.2,3.2805156250000005,6.861969907407408,High Volume / Reliable
8ae520247981aa06bc94abddf5f46d34,65,65,0.0,4.446153846153846,1.0640414389799637,9.623220441595441,High Volume / Reliable
8b11118053756a9a2932f447e11fc1b5,1,1,0.0,3.0,8.55048611111111,3.333101851851852,Insufficient eligible orders
8b181ee5518df84f18f4e1a43fe07923,1,1,0.0,5.0,6.113935185185185,8.437349537037036,Insufficient eligible orders
8b2492b7ff4468839593fafeed55bad9,29,29,0.06896551724137931,4.172413793103448,1.7225400958994708,10.363055954661558,High Volume / Problematic
8b28d096634035667e8263d57ba3368c,143,139,0.1079136690647482,3.958041958041958,2.531874744689542,11.161283306687984,High Volume / Problematic
8b2d4ab22f42c5cfc338b846decfda60,6,6,0.0,4.833333333333333,2.641782407407408,12.318356481481482,Insufficient eligible orders
8b321bb669392f5163d04c59e235e066,943,930,0.08709677419354839,4.06998939554613,2.040265132030178,10.256545238450816,High Volume / Problematic
8b655f0855926bcb49f5835d38dfddf6,5,5,0.0,4.8,1.7224953703703705,3.8769513888888887,Insufficient eligible orders
8b87cd0d43d49b9bdf40f56229364d59,5,2,0.0,2.6,4.126701388888889,10.566684027777779,Insufficient eligible orders
8b8cfc8305aa441e4239358c9f6f2485,15,15,0.13333333333333333,4.2,2.49371450617284,9.60164737654321,Insufficient eligible orders
8b9d6eec4a7eb7d0f9d579ce0b38324d,49,48,0.14583333333333334,4.0,1.9990198975571316,8.124789978780864,High Volume / Problematic
8bb48dc19fccaa8613b6229bf7f452a2,82,82,0.024390243902439025,4.414634146341464,2.011928360990861,9.197999943541102,High Volume / Reliable
8bd0e3abda539b9479c4b44a691be1ec,7,6,0.3333333333333333,2.2857142857142856,14.037447916666666,9.567779706790123,Insufficient eligible orders
8bd0f31cf0a614c658f6763bd02dea69,33,33,0.030303030303030304,4.181818181818182,1.215863145342312,8.176198442760942,High Volume / Reliable
8bdd8e3fd58bafa48af76b2c5fd71974,11,9,0.1111111111111111,4.545454545454546,1.6197235082304526,8.861365740740741,Insufficient eligible orders
8c0de775f52fe41590b376a3b7c50f68,9,8,0.0,3.888888888888889,0.982472511574074,4.377296006944444,Insufficient eligible orders
8c16d1f32a54d92897cc437244442e1b,108,108,0.009259259259259259,4.333333333333333,1.5190741822429907,9.041677597736626,High Volume / Reliable
8c351ed7c326c62123318f4f3246e906,2,2,0.0,5.0,0.4627662037037037,8.527106481481482,Insufficient eligible orders
8c3b533c63cca56240f94f1e3a6b18ef,5,3,0.6666666666666666,1.4,24.849297839506175,18.423734567901235,Insufficient eligible orders
8c5e007d7bd5693fa1386ffefbc99f6c,9,9,0.0,4.333333333333333,2.0598292824074074,7.935688014403293,Insufficient eligible orders
8c91bfea4263b8fba54081460693e2a1,2,2,0.0,5.0,7.049236111111111,5.073263888888889,Insufficient eligible orders
8c9348f33ae3dada25c99c99ade2af78,2,2,0.0,5.0,1.700150462962963,8.210127314814814,Insufficient eligible orders
8ca1551acf9832a4cf467bbbac15851f,11,11,0.09090909090909091,3.909090909090909,3.3404861111111113,9.652967171717172,Insufficient eligible orders
8ca5b19e0263150d2c57afdde2b3d011,3,3,0.0,4.666666666666667,0.8552700617283951,3.7722260802469134,Insufficient eligible orders
8cb7c5ddf41f4d506eba76e9a4702a25,2,1,0.0,3.0,7.609340277777778,8.360243055555555,Insufficient eligible orders
8cbac7e12637ed9cffa18c7875207478,67,66,0.06060606060606061,4.119402985074627,2.18533457977208,11.364208578843995,High Volume / Reliable
8cc6a0e5738e61a87b03c78b2ba9db4b,24,23,0.08695652173913043,4.333333333333333,1.4874119363929146,15.037576992753623,High Volume / Problematic
8ccf3cf69651cc1d8a02c8bfaf3b8568,2,2,0.5,3.5,2.6232060185185184,23.076637731481483,Insufficient eligible orders
8cf21434553b02cbd37c0bbd07e041b0,2,1,0.0,2.5,3.082824074074074,8.031446759259259,Insufficient eligible orders
8d46553a36e68f95350a200c12f8f2e2,13,9,0.0,3.230769230769231,12.03372170781893,5.3672543724279835,Insufficient eligible orders
8d79c8a04e42d722a75097ce5cbcf2ef,27,26,0.07692307692307693,4.444444444444445,2.3501233084045583,16.60563790954416,High Volume / Problematic
8d899e15a5925f097cca50faa49b15e3,4,4,0.25,3.75,3.094192708333333,2.833185763888889,Insufficient eligible orders
8d92f3ea807b89465643c219455e7369,3,3,0.6666666666666666,1.0,35.725833333333334,8.190374228395061,Insufficient eligible orders
8d956fec2e4337affcb520f56fd8cbfd,211,210,0.06190476190476191,4.199052132701421,1.3950420468777955,7.5016141424162255,High Volume / Reliable
8daab2245ebdc277c51098d01c5ad8ef,16,16,0.0,4.625,1.8324247685185184,8.012766927083334,Insufficient eligible orders
8dd386be0767c330276ea6a3f96532d3,1,1,0.0,5.0,2.686550925925926,7.598969907407407,Insufficient eligible orders
8de8fe3af4449ed695d2434c933ed73e,1,1,0.0,5.0,2.9213310185185186,6.1408101851851855,Insufficient eligible orders
8def3db7f272735afb2ecd03aeca09a7,2,2,0.0,5.0,0.37473958333333335,2.2770486111111112,Insufficient eligible orders
8dfbc5ff27df12f6cef751d3b9554222,4,4,0.0,4.5,0.3643441358024691,9.14956886574074,Insufficient eligible orders
8e29d051f810eb22959ede205b462b9f,2,2,0.5,4.0,1.0016898148148148,30.743547453703705,Insufficient eligible orders
8e2b3afb420011ef0c88c9d5f11ea526,11,11,0.09090909090909091,4.2727272727272725,2.883935185185185,7.490529250841751,Insufficient eligible orders
8e34331b7eedd03be4e5d965c1956225,5,5,0.2,4.8,2.6908171296296297,10.90754861111111,Insufficient eligible orders
8e4f041ff58e7845456d3482524014b3,2,2,0.5,3.0,1.6396296296296295,22.432019675925925,Insufficient eligible orders
8e670472e453ba34a379331513d6aab1,1,1,1.0,1.0,61.15050925925926,24.845300925925926,Insufficient eligible orders
8e6cc767478edae941d9bd9eb778d77a,106,100,0.06,3.8679245283018866,5.943328009259258,10.383903935185185,High Volume / Reliable
8e6d7754bc7e0f22c96d255ebda59eba,85,84,0.13095238095238096,3.5764705882352943,4.9278754684744275,9.986396880511464,High Volume / Problematic
8e8a7ce9f2f970dc00e2acf6f6e199f6,65,63,0.06349206349206349,3.953846153846154,1.7970936006571088,10.212726153733099,High Volume / Reliable
8ea394aed8138685abe1eb9f25e1021d,2,2,0.0,4.0,4.661273148148148,6.61646412037037,Insufficient eligible orders
8eb88b0acb3f90a717ad659221471fa7,2,2,0.0,4.5,0.7614583333333333,10.628709490740741,Insufficient eligible orders
8ec76bb0965af3f007692b26fa9d6623,1,1,0.0,5.0,2.168252314814815,8.225069444444445,Insufficient eligible orders
8ed8ea9a57c862f2c18c2fe41f601d56,19,19,0.0,4.473684210526316,1.1279609204793029,6.4963602582846,Insufficient eligible orders
8f0fbe2cd4d472157dc1cdef6edecaa9,2,2,0.0,3.0,2.1647858796296298,5.051082175925926,Insufficient eligible orders
8f119a0aee85c0c8fc534629734e94fd,77,75,0.04,4.246753246753247,3.29690111986987,6.565409104938271,High Volume / Reliable
8f2b51a30523cdecddc2f179f351c7d6,7,7,0.0,4.142857142857143,3.983047288359788,8.695282738095239,Insufficient eligible orders
8f2ce03f928b567e3d56181ae20ae952,153,151,0.12582781456953643,4.084967320261438,3.110088348765432,10.793648286117243,High Volume / Problematic
8f54d64f28a993550aa7943f12572959,15,15,0.06666666666666667,3.7333333333333334,1.4249945987654322,12.07520524691358,Insufficient eligible orders
8f580d36c1e9d6fbce95283403c7d447,8,8,0.125,4.375,1.207003761574074,10.437061631944445,Insufficient eligible orders
8f78f0903005064036736c7173a5c2ed,13,13,0.0,3.769230769230769,7.044218304843304,10.358198005698004,Insufficient eligible orders
8fb67a334bacec338885b4e9e1708073,1,1,0.0,5.0,2.04568287037037,6.163449074074074,Insufficient eligible orders
8fb791022c1fc8909664f48ab7dc636d,5,5,0.0,4.2,0.4374913194444444,5.010668981481482,Insufficient eligible orders
8fbd63429be6d3e5e6d1a709b6464802,6,6,0.0,4.833333333333333,1.8624930555555554,6.417536651234568,Insufficient eligible orders
8fbe2ee446b97e128471be4ce983dc0d,3,3,0.3333333333333333,3.0,3.65412037037037,4.265277777777778,Insufficient eligible orders
8fd3b4468f6425810648177996c14cbd,1,1,0.0,5.0,5.914699074074074,4.01824074074074,Insufficient eligible orders
8fdca8e349553f99bc738833a62c8802,22,22,0.045454545454545456,4.045454545454546,2.011719276094276,8.20945444023569,High Volume / Reliable
8fe8786ee000001ab51d030dfd4a7bf1,5,5,0.0,4.6,2.7137939814814813,13.013307870370369,Insufficient eligible orders
8fec2e460530482132c436cfb5439925,3,3,0.3333333333333333,4.333333333333333,1.8618904320987655,19.417642746913582,Insufficient eligible orders
8ff1a9df749e454105c55cda13e79143,13,13,0.0,3.3076923076923075,4.010239494301994,7.828731303418804,Insufficient eligible orders
8ff38bc3969e67c36c48343a07090f66,2,2,0.0,2.5,7.246290509259259,9.493298611111111,Insufficient eligible orders
8fff28c4263ddec387f28d237fb42773,4,2,0.0,3.0,0.3188599537037037,5.212934027777778,Insufficient eligible orders
900ba814c251a692506d7834c1218441,88,86,0.13953488372093023,4.170454545454546,3.3948426733419463,8.443735465116278,High Volume / Problematic
901b460cdce0c64e471230d7f2f9f3a3,5,5,0.0,4.4,4.055981481481481,11.433085648148149,Insufficient eligible orders
902c99f1ac505c0d18778b61bcd636f7,4,3,0.0,4.0,1.911442901234568,2.9268248456790125,Insufficient eligible orders
903037660cf848a717166eb7a06d616e,45,44,0.11363636363636363,3.888888888888889,2.7618477182539682,8.736155303030303,High Volume / Problematic
90b36c5aeb728d5504a39f435bef0c5f,5,4,0.0,4.2,4.047876157407408,7.676339699074074,Insufficient eligible orders
90b57083da5d803237da74daec6dcb2b,2,2,0.0,5.0,1.8390451388888889,4.992991898148148,Insufficient eligible orders
90d4125885ab6c86e8820a722be71974,3,0,,1.0,,,Insufficient eligible orders
910a922b426b7ff95eaee129ad6c0e1f,2,2,0.0,5.0,1.7850405092592592,11.57595486111111,Insufficient eligible orders
913fd0ebba70bb919f7254a02239173c,1,1,0.0,1.0,1.2670833333333333,12.117951388888889,Insufficient eligible orders
9140bd1d9de28b197dce077bdd687438,6,6,0.0,4.166666666666667,1.5520185185185187,4.313215663580247,Insufficient eligible orders
9140ef75cc8211c4035935e80e567204,1,1,0.0,5.0,0.8671875,10.317893518518519,Insufficient eligible orders
91543f9849d68d023e17194926598543,4,4,0.0,4.5,3.7423640046296294,9.036903935185185,Insufficient eligible orders
916748bc99315c2d202898ae58b1617e,25,25,0.0,4.28,3.9933412037037037,6.223249537037037,High Volume / Reliable
916c9de0b5ad957346eeeb12f332687e,23,22,0.0,4.565217391304348,1.2288269675925927,7.173646885521885,High Volume / Reliable
918717417d88a9f9ae9735567e6c7682,4,4,0.0,5.0,4.166041666666667,3.9707233796296295,Insufficient eligible orders
918f6fbcf3ab724d805867303e593a1b,2,2,0.0,4.0,1.2909143518518518,3.575017361111111,Insufficient eligible orders
9198786624eaeb375793215cad26cfa6,9,8,0.0,3.7777777777777777,5.4990060763888895,6.771825810185185,Insufficient eligible orders
91f0eec23d4a61d7d7caeefa3f0ad1ca,11,11,0.2727272727272727,3.5454545454545454,1.3557859848484848,24.361045875420874,Insufficient eligible orders
91f5779a8731baca4809fdeade81803f,6,6,0.0,3.8333333333333335,4.653667052469136,11.176292438271604,Insufficient eligible orders
91f848e9f4be368f4318775aac733370,63,60,0.016666666666666666,4.2063492063492065,1.2893854166666665,8.184414544753087,High Volume / Reliable
9200e6ce317b67196b6b0bad4d4bd567,1,1,0.0,3.0,0.5043981481481481,13.073981481481482,Insufficient eligible orders
921323538c9f1c4e816f2720eac02bea,15,15,0.2,3.933333333333333,1.86295495014245,6.630815586419753,Insufficient eligible orders
9261d76c62caaf0b24677c2ceb7f8f20,6,6,0.0,3.8333333333333335,1.0203645833333332,6.446373456790123,Insufficient eligible orders
92992bec39dde5766f590d3b1f46d465,1,0,,1.0,,,Insufficient eligible orders
929f342384a6607afe143d789ade1316,4,4,0.0,5.0,0.9968518518518519,3.488310185185185,Insufficient eligible orders
92c8bc6e8f925792247656fed09aad65,3,2,0.5,2.3333333333333335,1.0535358796296297,12.35,Insufficient eligible orders
92d14edfb62ee5ae7fdff70b0f4e7233,8,8,0.0,3.375,1.5233912037037038,5.908985821759259,Insufficient eligible orders
92eb0f42c21942b6552362b9b114707d,341,334,0.04790419161676647,3.9765395894428153,5.1148785243576915,8.057252716788645,High Volume / Reliable
9315e491484b1b0081ca166fc164108d,1,1,0.0,3.0,2.9741203703703705,4.298935185185186,Insufficient eligible orders
933446e9a59dece7ae9175103820ca8f,2,1,0.0,3.0,15.519224537037037,8.040208333333334,Insufficient eligible orders
934ed5cd1b9c1c7382d0a94a94b9e639,1,1,0.0,5.0,1.8669444444444445,11.253738425925926,Insufficient eligible orders
939e6227d6964a11a70aa91243e418f2,4,4,0.0,4.25,1.2358449074074074,3.976362847222222,Insufficient eligible orders
939f6e231201f26803cb5c3a3d2940b3,3,3,0.0,4.666666666666667,7.6035609567901234,3.0,Insufficient eligible orders
93b9a99027bd8bd6af682aff18dd19bf,20,19,0.0,3.9,3.9897149122807014,7.444716130604289,Insufficient eligible orders
93bef6edaa84956e8e575016449b6351,1,1,0.0,5.0,2.622974537037037,7.291493055555556,Insufficient eligible orders
93dc87703c046b603023e75222018b45,35,33,0.09090909090909091,3.8,8.210558712121212,11.506973905723905,High Volume / Problematic
94144541854e298c2d976cb893b81343,68,68,0.04411764705882353,4.235294117647059,5.240338541666667,7.134786560457517,High Volume / Reliable
941554c5757b73ba0e50aa7732310afc,3,3,0.0,4.666666666666667,1.8614506172839507,6.244672067901234,Insufficient eligible orders
94165aea8a35c3c21499cbcae239b16c,1,1,0.0,2.0,1.5933449074074073,4.553356481481481,Insufficient eligible orders
94231344608e603693b0a8891143f65d,3,3,0.0,4.0,0.5839969135802469,10.601801697530865,Insufficient eligible orders
9449f25aeaf531019b76999ea49a6949,10,9,0.2222222222222222,4.0,2.63204603909465,10.665064300411522,Insufficient eligible orders
9485a23c0430ba1d58d359391606fce6,5,4,0.25,3.2,0.694140625,12.713784722222222,Insufficient eligible orders
94b9108d4b637ba65bb4f1e53cfcf8d8,7,7,0.14285714285714285,4.428571428571429,3.983245701058201,12.769351851851852,Insufficient eligible orders
94c49f20a123aeb9360dbf80ff912bf6,3,3,0.0,3.6666666666666665,2.529216820987654,10.678356481481481,Insufficient eligible orders
94ca168e8bcb407ab85c5da308863027,5,5,0.0,5.0,1.8171064814814817,10.359789351851852,Insufficient eligible orders
94d76e96eedd976258cd3278ce56d5f2,1,1,0.0,5.0,1.1059837962962964,5.917233796296296,Insufficient eligible orders
94e93ce877be27a515118dbfd2c2be41,30,29,0.0,3.8666666666666667,2.8214048531289913,10.466010536398468,High Volume / Reliable
951e8cef368f09bb3f3d03c00ca4702c,64,62,0.06451612903225806,4.0625,1.6015671669653524,7.256002090800478,High Volume / Reliable
9523fb39dd240aa958e040f8183d64f3,1,1,0.0,1.0,0.6851967592592593,20.201122685185187,Insufficient eligible orders
9535a841eecebed61a9fb1ac1cbb5597,2,2,0.0,3.0,0.9347280092592593,7.566070601851852,Insufficient eligible orders
9539213aa8e023c01937bef95dc006da,9,9,0.1111111111111111,4.555555555555555,7.669420010288066,4.106436471193415,Insufficient eligible orders
954e95f20808d7e5d11f0de292d078e0,3,3,0.0,4.666666666666667,2.16712962962963,6.960196759259259,Insufficient eligible orders
9558aa23f77a9e0a0eca83540999f43b,2,1,0.0,3.0,14.054652777777777,6.77287037037037,Insufficient eligible orders
955fee9216a65b617aa5c0531780ce60,1287,1261,0.06106264869151467,4.142968142968143,1.7374876367845118,8.565343771110525,High Volume / Reliable
9591fc341b1bfb7ef561e2968ec6e011,1,0,,1.0,,,Insufficient eligible orders
9596c870880d900012f2e8e6e30d06d7,22,21,0.047619047619047616,4.136363636363637,1.9344356261022928,11.151894841269842,High Volume / Reliable
9599519be538b98748162a2b48248960,1,1,0.0,1.0,1.5899537037037037,21.01875,Insufficient eligible orders
95b293867b5862941c9cd74f756a3c68,9,9,0.4444444444444444,3.5555555555555554,12.051233281893003,9.081340020576132,Insufficient eligible orders
95cca791657aabeff15a07eb152d7841,1,1,0.0,5.0,1.5463541666666667,2.1623842592592593,Insufficient eligible orders
95e03ca3d4146e4011985981aeb959b9,175,172,0.03488372093023256,3.9714285714285715,1.8626453950252029,10.358954565030148,High Volume / Reliable
95ec4458365c4d11f452ccf538377619,27,27,0.037037037037037035,4.62962962962963,2.385057425213675,3.5117961248285323,High Volume / Reliable
95f83f51203c626648c875dd41874c7f,52,50,0.04,3.673076923076923,3.531772486772487,7.7578048611111114,High Volume / Reliable
960945e1a9535cbc0cd6ddd35fbe7ae8,28,28,0.0,4.642857142857143,1.394849537037037,4.535286044973545,High Volume / Reliable
9616352088dcf83a7c06637f4ebf1c80,92,91,0.0,4.315217391304348,3.2358375305250306,8.743013583638584,High Volume / Reliable
961dff0a659b4561334372337dd897d9,4,3,0.0,3.75,17.25894675925926,2.58383487654321,Insufficient eligible orders
9646c3513289980f17226a2fc4720dbd,71,69,0.028985507246376812,4.352112676056338,1.9764586688137413,8.894900865539453,High Volume / Reliable
96493fab2fbb13a14d0c0e8772eef5c3,63,63,0.06349206349206349,4.079365079365079,4.414186691651969,8.677793026161082,High Volume / Reliable
964ff64dc05b13811c6d0f41e0aa5f6b,1,1,0.0,5.0,0.6074305555555556,6.065138888888889,Insufficient eligible orders
966cb4760537b1404caedd472cc610a5,75,67,0.029850746268656716,3.8266666666666667,1.7231840979236814,7.85518864013267,High Volume / Reliable
9674754b5a0cb32b638cec001178f799,86,84,0.023809523809523808,4.046511627906977,1.8733282520325205,6.293037367724867,High Volume / Reliable
96804ea39d96eb908e7c3afdb671bb9e,38,37,0.02702702702702703,4.052631578947368,2.6317833458458457,9.858966153653654,High Volume / Reliable
968268a686aa05d1f529fb07dff08130,12,12,0.0,3.5,1.7276359953703704,7.263198302469135,Insufficient eligible orders
968ee78631915a63fef426d6733d7422,2,2,0.0,3.0,8.01837962962963,6.544166666666667,Insufficient eligible orders
96e5dc09087bad639b4ee193104ec2e5,2,2,0.0,4.5,0.17238425925925926,6.755509259259259,Insufficient eligible orders
96f7c797de9ca20efbe14545bed63eec,1,1,0.0,1.0,0.911261574074074,1.0182407407407408,Insufficient eligible orders
972d0f9cf61b499a4812cf0bfa3ad3c4,83,81,0.1111111111111111,2.9759036144578315,4.515434956561499,13.208306327160495,High Volume / Problematic
973f21788dfab357250f69a8dcb7ddee,10,9,0.5555555555555556,2.0,11.736381172839506,11.182004886831276,Insufficient eligible orders
974cf2cb8f4b7add98709c30df02fe10,33,30,0.03333333333333333,4.0606060606060606,0.7140897817460318,10.206698688271606,High Volume / Reliable
97512d3fc193b2d1dfcdba0f9d1f0f8a,12,12,0.08333333333333333,4.25,2.626521026234568,5.039735725308642,Insufficient eligible orders
977f9f63dd360c2a32ece2f93ad6d306,24,23,0.08695652173913043,3.75,2.4526162439613524,9.692563909017712,High Volume / Problematic
979e9f8b5b39dd243a2550c8b05aecf0,3,3,0.0,5.0,2.4899652777777774,6.4938464506172835,Insufficient eligible orders
97e4a63591ca439a2b8b7efd20e6e19e,5,5,0.0,4.4,2.140712962962963,3.922435185185185,Insufficient eligible orders
97e50a621f8e801f4baf69e08687c192,1,1,0.0,5.0,6.3036921296296295,3.1156597222222224,Insufficient eligible orders
97e995629983723d11830a829bc2b246,5,5,0.0,4.8,4.2846365740740735,12.416796296296296,Insufficient eligible orders
9803a40e82e45418ab7fb84091af5231,11,11,0.0,3.727272727272727,3.101717171717172,12.233285984848486,Insufficient eligible orders
980640c45d7a4635885491d077167e4d,14,14,0.07142857142857142,4.642857142857143,1.7729594017094017,5.303864087301588,Insufficient eligible orders
98115075dd26cb8835946fc6086f5d30,4,4,0.0,4.75,1.3945457175925926,2.681730324074074,Insufficient eligible orders
984c273121e743dd14767befe6cb17f5,1,1,1.0,1.0,2.082037037037037,31.75490740740741,Insufficient eligible orders
9853a239ab7b7ebbdc3a21248d5b8e1f,5,4,0.25,3.8,5.701684027777778,12.047514467592594,Insufficient eligible orders
985c92cc412091f8529c12d7f23d3fef,12,12,0.0,4.75,1.5772993827160493,5.895599922839506,Insufficient eligible orders
989becdce12ebc39863c2bceab6f3ca1,18,15,0.06666666666666667,4.555555555555555,2.756026234567901,10.689364197530864,Insufficient eligible orders
98dac6635aee4995d501a3972e047414,91,89,0.0449438202247191,4.153846153846154,3.312808988764045,5.980339725378787,High Volume / Reliable
98dddbc4601dd4443ca174359b237166,2,2,0.0,5.0,2.6488310185185187,5.265659722222223,Insufficient eligible orders
98e164d549402270247f3c96a1a158ef,2,2,0.0,2.5,3.8607812500000005,4.363402777777778,Insufficient eligible orders
98f52e1020fe788c10c0418de4393fec,1,1,0.0,4.0,2.115127314814815,7.138148148148148,Insufficient eligible orders
99002261c568a84cce14d43fcffb43ea,36,36,0.05555555555555555,3.7222222222222223,5.943710455246913,10.566826774691357,High Volume / Reliable
9906e7aa42a3c067b7c9a564d01c4320,12,12,0.16666666666666666,4.5,0.8935484182098765,15.150644290123457,Insufficient eligible orders
994f04b3718c2bab35c2adfa8afecd2a,49,47,0.06382978723404255,4.244897959183674,3.6834052403467297,10.103229166666667,High Volume / Reliable
9996ae921c50e8dff411ac69c0b4bb8b,2,2,0.0,2.0,3.937962962962963,9.80541087962963,Insufficient eligible orders
999f6d9a1c7c81f43be44c6b7d076210,2,2,0.0,4.5,2.2635590277777777,2.421244212962963,Insufficient eligible orders
99a25c39b28a74d1151c35c18d178292,1,1,0.0,5.0,0.5116898148148148,1.1622569444444444,Insufficient eligible orders
99a54764c341d5dc80b4a8fac4eba3fb,45,44,0.11363636363636363,3.5555555555555554,1.8362658807062875,5.568151041666667,High Volume / Problematic
99cd94252748d2bdde08e17858233602,2,2,0.0,4.5,0.4470138888888889,2.544548611111111,Insufficient eligible orders
99eaacc9e6046db1c82b163c5f84869f,66,63,0.1111111111111111,3.878787878787879,3.2034229864785417,11.093955393885949,High Volume / Problematic
9a03a4e9eb0b947652fae4f6121a3f5e,7,7,0.0,3.857142857142857,2.7824123677248673,10.699366732804233,Insufficient eligible orders
9a1aea68d3efa00862ec88c0768037d0,7,7,0.0,4.428571428571429,2.3957175925925926,9.961241732804234,Insufficient eligible orders
9a208dee8f95cfdf00760c4d627828ec,1,0,,1.0,,,Insufficient eligible orders
9a84ba99f5367fdbd4598363496f1ea2,16,15,0.0,3.625,1.525120701058201,8.933552469135803,Insufficient eligible orders
9aa388272ee334b6ae07bc73706e254a,6,6,0.0,4.333333333333333,1.7336574074074074,6.669089506172839,Insufficient eligible orders
9ac4f14370b1e24ddc58be041b7f99df,5,5,0.0,4.4,1.4348657407407406,7.0983634259259265,Insufficient eligible orders
9ac75591b69c3402684b6ce0310f22ee,1,1,0.0,5.0,0.6303472222222222,1.357511574074074,Insufficient eligible orders
9add47bf45ce8e8c7db6b9cf670b1e09,43,41,0.024390243902439025,4.116279069767442,2.621215842366757,9.128689871273712,High Volume / Reliable
9b00cad94ef3078faf6fba2e792c158f,1,1,0.0,5.0,0.4528009259259259,18.93746527777778,Insufficient eligible orders
9b00ed88b7fdb95d6ff76e27c1b52d16,47,46,0.06521739130434782,4.468085106382978,2.0086254528985505,7.050988828502416,High Volume / Reliable
9b013e03b2ab786505a1d3b5c0756754,174,170,0.041176470588235294,4.137931034482759,2.285406894544245,5.906211873638344,High Volume / Reliable
9b1050e85becf3ae99c1cf4934c9bc5d,2,0,,2.5,,,Insufficient eligible orders
9b1585752613ec342d03bbab9997ec48,3,3,0.0,3.6666666666666665,0.8031095679012346,5.656003086419754,Insufficient eligible orders
9b1ab052f5fca308ba743ac789ebb2e1,2,2,0.0,4.0,3.099126157407407,7.106626157407407,Insufficient eligible orders
9b1f656ca3060f8af17a50d8a024b533,2,2,0.5,5.0,0.34420138888888885,15.055081018518518,Insufficient eligible orders
9b522ba7eae9e1d04082f267144583cc,4,3,0.3333333333333333,4.25,38.63280864197531,1.1952854938271604,Insufficient eligible orders
9b76ad3d04236f76bc71c59470305e13,2,2,0.0,5.0,0.5756712962962963,4.455254629629629,Insufficient eligible orders
9bade61a92bed55a25d2b67b9f4ed739,2,2,0.0,3.0,4.768431712962963,4.766967592592593,Insufficient eligible orders
9baf5cb77970f539089d09a38bcec5c3,32,31,0.0,4.3125,8.148548387096774,6.72392174432497,High Volume / Reliable
9bc484c87d79cd4874e05ca182658045,9,8,0.125,4.0,1.814541377314815,10.98040653935185,Insufficient eligible orders
9bcdfa7b615b3abb9461d9e3ad9886ae,14,14,0.07142857142857142,4.428571428571429,2.703075396825397,9.70413029100529,Insufficient eligible orders
9bf11dfc0bec77e5a23028043c3c5a8f,1,1,1.0,1.0,2.732650462962963,28.69015046296296,Insufficient eligible orders
9c068d10aca38e85c50202e17b4a7e88,17,17,0.17647058823529413,3.9411764705882355,5.130352668845315,10.891563861655772,Insufficient eligible orders
9c0e69c7bf2619675bbadf47b43f655a,157,151,0.08609271523178808,4.101910828025478,4.6447070456217805,9.395108765636497,High Volume / Problematic
9c1c0c36cd23c20897e473901a8fb149,6,6,0.0,5.0,1.733371913580247,4.112530864197531,Insufficient eligible orders
9c351405b754cc5ce3e2ecf277bb034a,1,0,,1.0,,,Insufficient eligible orders
9c3a1c416c765687bc79a04113269929,1,1,0.0,1.0,2.7917708333333335,2.138923611111111,Insufficient eligible orders
9c3c24eca51c52b91c1de727d2a2ae06,6,6,0.0,4.5,4.040976080246914,6.52795138888889,Insufficient eligible orders
9c4d31c7e46ab03a43fc06e3142afd4e,2,2,0.0,4.5,2.5191724537037037,4.343304398148148,Insufficient eligible orders
9c54608f0996c32ae4743089d915f845,3,3,0.0,4.0,1.4470871913580245,10.445721450617285,Insufficient eligible orders
9c57bc60cfad5ee62d35d3f1ce4593a1,1,1,1.0,1.0,22.69537037037037,8.960416666666667,Insufficient eligible orders
9c690ceacd5c66731bf443ea810195cb,10,10,0.0,4.3,1.4161180555555555,5.956508101851852,Insufficient eligible orders
9c7fd21e0aa159b20da593371f08ff7c,7,7,0.14285714285714285,3.2857142857142856,0.7652777777777777,6.5006332671957665,Insufficient eligible orders
9cad4b68bb993ee401a3c5aaa2bc26dd,5,5,0.2,2.8,1.1927893518518518,16.532326388888887,Insufficient eligible orders
9cea4682e16655f7da87f406902e989e,4,4,0.0,4.0,3.51107349537037,6.533900462962963,Insufficient eligible orders
9cf787a239c1aa29dbd76f153dc13f9a,4,4,0.0,4.75,1.2360590277777779,5.296467013888889,Insufficient eligible orders
9d213f303afae4983637247556438ede,2,2,0.0,5.0,1.3366087962962963,5.24724537037037,Insufficient eligible orders
9d39404483343dd55c7ae254494d8388,10,10,0.1,3.5,3.162350694444444,10.320785879629629,Insufficient eligible orders
9d489893ff6af05029671b785f54b998,5,5,0.0,4.0,0.5720138888888889,5.401502314814815,Insufficient eligible orders
9d4db00d65d7760644ac0c14edb5fd86,98,97,0.041237113402061855,4.479591836734694,1.1643746141975309,6.653168909889271,High Volume / Reliable
9d5604a1f112324ad6b2aa552122e0fb,13,13,0.0,3.5384615384615383,1.8469201388888887,10.634177350427349,Insufficient eligible orders
9d5a9018aee56acb367ba9c3f05d1d6a,67,66,0.015151515151515152,4.417910447761194,3.874767466329966,10.811989688552188,High Volume / Reliable
9d681c7e12db302cb261e721040dde65,13,13,0.0,4.923076923076923,1.6559962606837608,6.775051638176638,Insufficient eligible orders
9d69ba0a7a626a64dc5db08e529559cf,1,1,0.0,5.0,4.766550925925926,9.09011574074074,Insufficient eligible orders
9d7a1d34a5052409006425275ba1c2b4,13,13,0.07692307692307693,4.384615384615385,4.368229166666667,9.517561431623932,Insufficient eligible orders
9da15f4a4ea758d9eeb49000dbe57e22,1,1,1.0,2.0,20.50616898148148,1.3936921296296296,Insufficient eligible orders
9da1ca0bef29ee170e541927a5aeabdc,6,6,0.16666666666666666,3.0,1.7459510030864198,14.515252700617282,Insufficient eligible orders
9dc79dd988ac42f4d56c340d7048420a,4,4,0.0,4.75,0.9798900462962963,5.526770833333334,Insufficient eligible orders
9dd459b29a14bf89d47183cf2cd0e4c7,2,2,0.5,5.0,2.2847743055555556,3.0055092592592594,Insufficient eligible orders
9dd59e43f0c9f0553244e8f9c2fb247e,10,10,0.1,4.8,2.4643206018518518,10.546305555555556,Insufficient eligible orders
9dda5bbacd45e18d6485fee649205d09,19,19,0.05263157894736842,4.105263157894737,5.734919590643275,8.905153508771932,Insufficient eligible orders
9de4643a8dbde634fe55621059d92273,72,72,0.027777777777777776,4.527777777777778,3.0282253086419755,11.363708526234568,High Volume / Reliable
9df5750209b83567ec144eb299d7d634,11,11,0.09090909090909091,4.0,4.2360364057239055,9.175930134680135,Insufficient eligible orders
9e17b9d64683aebcbb9ee362d06463b4,2,0,,1.0,,,Insufficient eligible orders
9e25199f6ef7e7c347120ff175652c3b,1,1,0.0,4.0,1.0999884259259258,7.0919791666666665,Insufficient eligible orders
9e6229250fedbe05838fef417b74e7fb,74,73,0.0273972602739726,3.891891891891892,3.07314358372457,8.357892725773718,High Volume / Reliable
9e6967d3cf386d284251784b18ccb485,9,9,0.1111111111111111,3.888888888888889,2.3168415637860083,4.391284722222222,Insufficient eligible orders
9e7c5f4d7770eab65738cca38f9efccf,2,2,0.0,3.5,0.2711284722222222,7.152494212962963,Insufficient eligible orders
9e94fa26a70ede4d26226e918e8706a2,1,1,0.0,5.0,4.715949074074074,0.9164236111111111,Insufficient eligible orders
9e9b539eb2806acee3f5c28085c1db9f,3,3,0.3333333333333333,3.6666666666666665,6.05963348765432,17.96244598765432,Insufficient eligible orders
9ed65337433adfbedefd23dd76eaa494,6,6,0.0,4.833333333333333,1.1351485339506173,5.495324074074074,Insufficient eligible orders
9ef932e837d8b7f392c0bfee9d359dc2,1,1,1.0,3.0,1.4083912037037036,35.049537037037034,Insufficient eligible orders
9f50216bfd01913736a55a11b55ea842,17,17,0.11764705882352941,4.411764705882353,3.1520478877314817,6.548221677559913,Insufficient eligible orders
9f505651f4a6abe901a56cdc21508025,397,393,0.04071246819338423,4.335012594458438,0.9774433543993728,6.683304471774573,High Volume / Reliable
9f56a7a649097b166d8ed286ad86a15c,2,0,,1.0,,,Insufficient eligible orders
9fbd5666d8618fa571c4230fafa09bd6,1,1,0.0,5.0,6.043483796296297,7.071782407407407,Insufficient eligible orders
9fc70243fb26800cba56e8f014797004,6,6,0.0,4.5,2.225102237654321,7.122079475308642,Insufficient eligible orders
9fe7c6641c79970ab48185498f547c09,1,1,0.0,5.0,5.345219907407407,11.357789351851851,Insufficient eligible orders
a00824eb9093d40e589b940ec45c4eb0,3,3,0.0,4.666666666666667,1.10758487654321,6.597712191358024,Insufficient eligible orders
a0415d9b25ede3c4b1e477e9916ffc03,10,9,0.0,3.9,1.8680221193415636,6.752956532921811,Insufficient eligible orders
a066df7361163e7ddc5d7452dd17448b,15,15,0.2,4.4,1.5978101851851851,13.794037808641976,Insufficient eligible orders
a06c8ff043abea0528ee44171e2140a2,8,8,0.0,4.75,0.6587977430555556,2.95822337962963,Insufficient eligible orders
a080fc8a850289b27500f6b49cca2553,4,4,0.0,4.75,1.200931712962963,4.208324652777778,Insufficient eligible orders
a08692680c77d30a0b4280da5df01c5a,6,6,0.0,5.0,3.102804783950617,5.895239197530864,Insufficient eligible orders
a09a13f18ed27932d08438aa6f12756e,1,1,0.0,3.0,1.8213310185185185,7.083969907407408,Insufficient eligible orders
a0a14e50070f3225b3eabba5b85da517,4,4,0.0,4.5,0.7538831018518518,4.942028356481482,Insufficient eligible orders
a0d7fbb07bb5ebc3b05980e750db56f3,3,3,0.0,2.3333333333333335,0.7165432098765431,13.553456790123457,Insufficient eligible orders
a0e19590a0923cdd0614ea9427713ced,2,0,,1.0,,,Insufficient eligible orders
a1040efe9ff4a6f93c28b0499eada8f5,1,1,0.0,5.0,2.1300578703703703,14.146932870370371,Insufficient eligible orders
a1043bafd471dff536d0c462352beb48,718,702,0.04985754985754986,4.213091922005571,1.5703889431158828,11.69377746781682,High Volume / Reliable
a11a0e0ca67423425691db355cff69b0,2,2,0.0,5.0,1.5622800925925926,4.427939814814815,Insufficient eligible orders
a13580f0e8f782b7a543885a0ef99f08,10,10,0.2,4.4,4.656934027777778,20.001527777777778,Insufficient eligible orders
a13aaf2d2886ab9fb30fb9a920160b8f,4,4,0.25,4.5,0.3051736111111111,8.512751736111111,Insufficient eligible orders
a1474fd46fd3430168f7ec202da39408,12,12,0.16666666666666666,4.333333333333333,1.5874508101851852,16.114903549382717,Insufficient eligible orders
a150c540f572d0fb53992264bc5c10b5,1,1,0.0,4.0,1.783449074074074,9.066979166666666,Insufficient eligible orders
a1544b9ea0b2390e020537d4daa89049,8,8,0.0,3.875,1.8700245949074072,8.728292824074074,Insufficient eligible orders
a154d7316f158bb42e6fa18bbe3afd3a,2,2,0.5,3.0,4.8040625,42.67618055555556,Insufficient eligible orders
a17f621c590ea0fab3d5d883e1630ec6,65,63,0.06349206349206349,3.9692307692307693,1.5901015531660694,9.57180243239271,High Volume / Reliable
a1bea7061f61f6fdd9a85a6325ba1033,9,9,0.1111111111111111,4.444444444444445,1.196383744855967,3.1660815329218104,Insufficient eligible orders
a1bea9970d8f65b240555f99c2214f7f,1,1,0.0,3.0,0.9214467592592592,8.34607638888889,Insufficient eligible orders
a1ed30492b3b798bc121845bc4aa7366,1,0,,3.0,,,Insufficient eligible orders
a20d8058c866dbaeca014d2cd20ac62e,2,2,0.0,5.0,1.8280497685185184,21.203344907407406,Insufficient eligible orders
a213f1bd6458f4a158f3746cb2514559,1,1,0.0,5.0,1.885023148148148,6.393344907407408,Insufficient eligible orders
a218df5c097b0ca409cfaac1488cc7f6,4,4,0.0,2.75,4.710899884259259,6.6625376157407405,Insufficient eligible orders
a21c11ec5c3f03e7cc9f9203bff9e1c6,3,3,0.0,3.6666666666666665,2.7094907407407405,6.812827932098766,Insufficient eligible orders
a23266650e7c84bb93fbbba502137478,11,11,0.0,3.8181818181818183,1.8203209175084176,9.305749158249158,Insufficient eligible orders
a247197e2e9c19a6a53a6888cb8b660f,2,0,,1.0,,,Insufficient eligible orders
a254c682cc01e119f83530446f1df9a9,6,6,0.16666666666666666,4.0,1.3398514660493828,13.395283564814816,Insufficient eligible orders
a2a41aedb70551d4a85aa04dc2fced48,2,2,0.0,4.0,2.683576388888889,4.989120370370371,Insufficient eligible orders
a2b5b6105ea5942300631d2e76f4ffe0,16,16,0.0625,4.75,2.223070023148148,5.9980859375,Insufficient eligible orders
a2b911e9ad40dc7d61c142a4683e2d85,1,1,0.0,5.0,0.5450347222222223,12.195949074074074,Insufficient eligible orders
a2deecd5398f5df4987110c80a1972a3,16,13,0.0,3.625,1.4688667052469135,6.861935541310542,Insufficient eligible orders
a2e85714b56b1cb6bb24a9a6e6cad36f,2,0,,1.0,,,Insufficient eligible orders
a2e874074c877c5a05abae80ad6e488f,44,40,0.05,3.9545454545454546,10.47538310185185,8.374622974537036,High Volume / Reliable
a2fa0bdc798ee84cdb08281337cf4fb6,10,8,0.0,4.0,7.909176793981482,9.107935474537037,Insufficient eligible orders
a3082f442524a1be452e3189e003b361,3,3,0.0,4.333333333333333,3.9872569444444443,7.317148919753087,Insufficient eligible orders
a35124e2d763d7ca3fbe3b97d143200f,4,4,0.0,4.75,6.030758101851852,4.526490162037037,Insufficient eligible orders
a353b1083c9863d756d9404695016d64,1,1,0.0,5.0,5.685208333333334,15.017685185185185,Insufficient eligible orders
a35ef466c6fd6d052f5d241240d3c5e2,3,3,0.0,4.666666666666667,1.1995640432098764,10.608217592592593,Insufficient eligible orders
a369d693961cb93b61ca2cc518872a85,11,11,0.0,3.909090909090909,2.8773811026936027,7.748693181818182,Insufficient eligible orders
a36ac007a4d18f865c8d32c3b2402c2d,9,8,0.0,2.5555555555555554,3.5929600694444446,5.926481481481482,Insufficient eligible orders
a36b125ac6d5fdbc7f50de85c9157bdc,24,23,0.08695652173913043,3.9583333333333335,2.830983293075684,9.708900462962964,High Volume / Problematic
a37c340b91cb0169e8b029db6440fba2,5,5,0.0,4.8,4.638226851851852,6.141935185185185,Insufficient eligible orders
a3a38f4affed601eb87a97788c949667,254,251,0.043824701195219126,4.354330708661418,1.5017672720797721,10.768453131916777,High Volume / Reliable
a3b0df0065e264a91b7bbf5f844af5cd,2,2,0.0,5.0,3.905792824074074,9.45546875,Insufficient eligible orders
a3b42d266fa8afc874b909422ce88582,1,1,0.0,5.0,1.1092708333333334,2.3721064814814814,Insufficient eligible orders
a3dd39f583bc80bd8c5901c95878921e,34,34,0.029411764705882353,4.588235294117647,1.9413425925925925,10.254315427559913,High Volume / Reliable
a3e9a2c700480d9bb01fba070ba80a0e,130,129,0.09302325581395349,3.9461538461538463,2.428246117672791,10.508278513494114,High Volume / Problematic
a3f0b55de503387383c7b1de3ad7f678,24,24,0.041666666666666664,4.416666666666667,2.0034413580246913,8.379270351080246,High Volume / Reliable
a3fa18b3f688ec0fca3eb8bfcbd2d5b3,1,1,0.0,5.0,7.1477662037037035,7.106782407407407,Insufficient eligible orders
a414555ce331b8c8aea4a9cb8395194d,7,7,0.0,3.2857142857142856,2.1294576719576717,4.227091600529101,Insufficient eligible orders
a416b6a846a11724393025641d4edd5e,162,157,0.10828025477707007,4.12962962962963,3.012266353046595,9.220809595423448,High Volume / Problematic
a420f60ff1aa9acc80d0e42959f2b313,67,67,0.07462686567164178,3.925373134328358,1.27455608974359,10.086266929242676,High Volume / Problematic
a425f92c199eb576938df686728acd20,17,16,0.0,4.294117647058823,9.972459490740741,6.792587528935185,Insufficient eligible orders
a435b009cd956ea60748b5cfbddf2e24,3,3,0.3333333333333333,4.333333333333333,8.912391975308642,21.489849537037035,Insufficient eligible orders
a44fb5a447105f8469bdf16bf9159f25,19,19,0.21052631578947367,4.052631578947368,4.655696271929824,9.373490497076023,Insufficient eligible orders
a45314082d50d578a4721c9787ce09ab,2,2,0.0,5.0,1.5227256944444445,3.7063368055555554,Insufficient eligible orders
a45765f8afb1e594b22bf9e974b46765,1,1,0.0,4.0,0.9113310185185185,4.065381944444445,Insufficient eligible orders
a478c7961d6a992065b24e63b366f90b,8,8,0.0,4.875,1.8768576388888891,7.485341435185186,Insufficient eligible orders
a49928bcdf77c55c6d6e05e09a9b4ca5,98,96,0.21875,3.010204081632653,6.87170078607253,9.70128303433642,High Volume / Problematic
a4b6b9b992b46e9ef863637af96e04bc,7,6,0.16666666666666666,3.2857142857142856,1.5997268518518521,15.559729938271607,Insufficient eligible orders
a4b8d97cd5d3674eeff96abc99d8ed67,1,1,0.0,1.0,1.1376388888888889,4.9518865740740745,Insufficient eligible orders
a4bd6e9adf39b63f43dc545d3ca1f53d,4,4,0.0,4.5,3.0216261574074075,7.212633101851852,Insufficient eligible orders
a4e634166243bbb3a13fa584463fa468,2,0,,2.0,,,Insufficient eligible orders
a4fc6eadaff1576af888509a53420f6a,1,1,0.0,3.0,13.901875,15.068391203703703,Insufficient eligible orders
a513150f33f99a06569e9cd5c4bb889b,2,2,0.0,4.5,0.9516550925925926,6.938015046296297,Insufficient eligible orders
a5259c149128e82c9d6d46e0c1c812bb,8,8,0.0,3.875,2.6856177662037037,16.325248842592593,Insufficient eligible orders
a53f60f05f822b5c621a50ff6a5cb362,4,4,0.0,4.0,5.790830439814815,5.049797453703704,Insufficient eligible orders
a56a8043ebf66e42119618fb8cf232c6,1,1,0.0,5.0,2.628275462962963,8.192152777777778,Insufficient eligible orders
a56e351445e5863fc8960640ba9190c7,3,3,0.0,4.333333333333333,1.956550925925926,9.577912808641974,Insufficient eligible orders
a5a1bfcf728ab0e19182959cf0771ee4,21,21,0.047619047619047616,4.333333333333333,1.3248412698412697,11.826986331569666,High Volume / Reliable
a5bff0f43eb51f0cad7c37fac7244c8a,4,4,0.0,4.75,1.8564901620370369,13.536961805555556,Insufficient eligible orders
a5cba26a62b8b4d0145b68b841e62e7f,54,53,0.018867924528301886,4.518518518518518,3.713066461894587,9.012774938853948,High Volume / Reliable
a5dd1946fb63ada8bcaa0c9cd8f11e22,6,6,0.0,3.8333333333333335,2.1196180555555557,14.494056712962964,Insufficient eligible orders
a5ff20ff766e7f50bd5066f33da14413,2,2,0.0,3.0,0.9027546296296296,4.894519675925926,Insufficient eligible orders
a61cc04793308395a840807104365121,1,1,0.0,5.0,0.39927083333333335,7.204930555555555,Insufficient eligible orders
a63bfbaa882c8f4542891b4e2246cc7f,7,6,0.0,4.428571428571429,1.5700327932098765,9.834402006172839,Insufficient eligible orders
a64e44665225d19dfc0277eeeaaccc57,6,6,0.0,5.0,2.188576388888889,5.459363425925926,Insufficient eligible orders
a663d9c3797e90eac99ff60939416a56,1,1,0.0,5.0,1.9815277777777778,3.3594328703703704,Insufficient eligible orders
a673821011d0cec28146ea42f5ab767f,129,125,0.104,3.9069767441860463,3.8412255451015533,8.752662314814815,High Volume / Problematic
a67780aba9dd436e7ac0aa1f889e73ec,6,6,0.16666666666666666,3.6666666666666665,6.99582175925926,14.099112654320988,Insufficient eligible orders
a69aa24cec11168e7e39a3fbc727e925,3,3,0.0,5.0,3.2721604938271605,4.838402777777778,Insufficient eligible orders
a6bd7d1ccdac48c6b33b28596b7eb122,16,15,0.06666666666666667,3.4375,4.034064153439154,11.320443672839506,Insufficient eligible orders
a6fe7de3d16f6149ffe280349a8535a0,51,50,0.12,3.9215686274509802,3.715709953703704,10.764542824074073,High Volume / Problematic
a70e9066dbfd10b6b97a3f54a1356762,2,2,0.0,5.0,9.455891203703704,8.3284375,Insufficient eligible orders
a72c2f59332659e361d647515c698798,5,5,0.0,4.8,2.2961180555555556,7.462159722222222,Insufficient eligible orders
a72f15980dc3e9bfd1a49ac9b2f3af65,1,1,0.0,4.0,0.9171296296296296,4.216458333333334,Insufficient eligible orders
a7a9b880c49781da66651ccf4ba9ac38,3,3,0.0,3.6666666666666665,0.7825578703703704,8.687029320987653,Insufficient eligible orders
a7b7354cc588f7566a848bcbb1ce3d96,2,2,0.0,4.0,7.149346064814814,4.488483796296296,Insufficient eligible orders
a7c53f6b3b61adbdaa99dda97e8cbd56,1,1,0.0,4.0,1.6656828703703703,5.1613541666666665,Insufficient eligible orders
a7c88262832dfc683781d6a421edefae,5,5,0.0,4.2,1.6590069444444446,9.246101851851853,Insufficient eligible orders
a7d0f8dd44f57ef6de7f7f02e3d82630,2,2,0.0,4.5,1.7106828703703705,3.752783564814815,Insufficient eligible orders
a7dc4098e4da6e41b426269d12ae7e91,2,2,0.0,3.0,2.0532002314814815,2.412002314814815,Insufficient eligible orders
a7ecf689b40a44361e259b28939023e4,1,1,0.0,5.0,2.526226851851852,8.390138888888888,Insufficient eligible orders
a7f13822ceb966b076af67121f87b063,75,73,0.0410958904109589,3.3066666666666666,10.538327942668696,11.540757071283611,High Volume / Reliable
a806a4bb063ea7ca6d374eafa50a6058,5,5,0.0,4.0,2.648166666666667,9.352634259259258,Insufficient eligible orders
a81466620e46a6970b22ef40379fdfc9,2,2,0.0,5.0,0.34029513888888885,6.827262731481481,Insufficient eligible orders
a8739afb32aaa45e01815ca76f76f54b,13,13,0.0,3.769230769230769,1.9179959045584043,7.4702421652421656,Insufficient eligible orders
a888faf2d1baececa6baf9c3d603ee1f,54,53,0.09433962264150944,4.037037037037037,6.572733665269043,11.155447239692522,High Volume / Problematic
a89e143d5211473ae18db9577ee34b64,2,1,0.0,3.0,8.064456018518518,1.110439814814815,Insufficient eligible orders
a90a5da8b09e44264a177c0374a5ac87,3,3,0.0,4.333333333333333,0.786261574074074,8.192831790123456,Insufficient eligible orders
a938325a4b357fd23a6a4d5bb126408e,24,24,0.041666666666666664,3.8333333333333335,3.3921672453703704,9.257349054783951,High Volume / Reliable
a9415cf907dfa12f9ed18693244f5329,1,1,0.0,5.0,4.955127314814815,6.1615162037037035,Insufficient eligible orders
a99504ac23ed125aaf5302af6cc30af9,1,1,0.0,5.0,2.1914699074074075,13.056944444444444,Insufficient eligible orders
a9ae440659f48b7849df83e82734150b,1,1,0.0,5.0,3.3904050925925926,9.940740740740742,Insufficient eligible orders
a9b533a26e898b12e8b8d4c07279bf4d,4,4,0.0,5.0,5.347175925925926,8.713246527777777,Insufficient eligible orders
aa17b35ce4de7b565be3249ba838944f,2,2,0.0,4.5,5.466927083333333,10.799317129629628,Insufficient eligible orders
aa1eb17b9fdf6dfd546e25c45c7b9235,3,3,0.0,4.666666666666667,0.5542438271604938,6.3373225308641965,Insufficient eligible orders
aa2640d851ec322526f1295bbeb20092,1,1,0.0,3.0,0.6156597222222222,1.4309953703703704,Insufficient eligible orders
aa762680c40618316a896838866140ea,3,3,0.3333333333333333,3.3333333333333335,1.581454475308642,19.779548611111114,Insufficient eligible orders
aa8af66c623d7d544dfe4bb85b5ebe3b,1,1,0.0,5.0,4.977534722222222,3.0200578703703704,Insufficient eligible orders
aac29b1b99776be73c3049939652091d,98,94,0.09574468085106383,4.030612244897959,2.832446361011549,11.865423315602838,High Volume / Problematic
aac51c486b672a9850d59f3e84b1cf88,10,10,0.0,4.8,1.1994444444444443,3.442876157407407,Insufficient eligible orders
aadfe0417e61315688b6bd7043361e25,1,1,0.0,4.0,0.47752314814814817,6.000092592592592,Insufficient eligible orders
aae3bfea055532c57fb453ed3ec80b30,48,48,0.0,3.5416666666666665,3.0069044174382715,8.973948206018518,High Volume / Reliable
aae5953b9edddf14749c0d65d60eb4b9,2,2,0.0,5.0,4.814560185185185,7.973026620370371,Insufficient eligible orders
aae5e7b457a3c72ee230a47d98fceda5,5,5,0.0,4.2,4.0562453703703705,6.775210648148148,Insufficient eligible orders
aaed1309374718fdd995ee4c58c9dfcd,105,104,0.028846153846153848,4.066666666666666,1.5094881810897436,10.284269052706552,High Volume / Reliable
aafe36600ce604f205b86b5084d3d767,129,129,0.03875968992248062,4.403100775193798,1.6130057327835647,10.371279787539478,High Volume / Reliable
ab27bbbad5239bc31a34709275a70db4,3,3,0.0,5.0,3.273047839506173,4.425694444444445,Insufficient eligible orders
ab3e0c171fe84a7ba7de130f19cfb485,7,6,0.3333333333333333,3.5714285714285716,7.848587962962963,12.564427083333333,Insufficient eligible orders
ab75b89cc49c9ab3160d0c91565a442a,2,1,0.0,1.5,6.006851851851851,3.0195717592592595,Insufficient eligible orders
ab91571efab27993ff2f6b36e38055c3,3,3,0.3333333333333333,4.666666666666667,8.426905864197531,4.072249228395062,Insufficient eligible orders
ab9db4cf53b08b828b64dccaafc2d9f0,5,4,0.0,4.2,2.679337384259259,8.674129050925925,Insufficient eligible orders
aba1721a889e04decc910aa13b768ef4,83,83,0.07228915662650602,4.445783132530121,1.5617333962048467,7.593315205265506,High Volume / Problematic
abbf6046bbdf1028606a5bc7f00c99e7,7,6,0.0,4.142857142857143,2.114704861111111,9.65907600308642,Insufficient eligible orders
abc015ebac1d283a323ca9db35ede4b9,12,12,0.0,4.416666666666667,1.3618265993265994,8.688554205246914,Insufficient eligible orders
abcd2cb37d46c2c8fb1bf071c859fc5b,45,44,0.045454545454545456,4.2444444444444445,2.006496554694229,11.59258207070707,High Volume / Reliable
abe021b01ba992245271b9aa422032df,2,2,0.0,3.5,11.062714120370371,6.528402777777778,Insufficient eligible orders
abe42c5d03695b4257b5c6cbf4e6784e,50,49,0.16326530612244897,3.88,1.6645476662887377,12.416795162509448,High Volume / Problematic
ac137bac82ffa8548e62bd9d01d2a14f,1,0,,1.0,,,Insufficient eligible orders
ac1ed5fc15901fbc92920361eb4ab350,1,0,,1.0,,,Insufficient eligible orders
ac3508719a1d8f5b7614b798f70af136,103,101,0.019801980198019802,4.533980582524272,1.2207295104510452,7.997468944811148,High Volume / Reliable
ac51cac5e20d69ff485a54746488ef48,4,3,0.0,3.5,4.043962191358024,12.258572530864198,Insufficient eligible orders
ac6417315ae5da8f9a38ee11de6f7780,8,7,0.14285714285714285,3.75,2.7119725529100527,8.746696428571429,Insufficient eligible orders
ac9b01377919cdbd2a1bbb8d5837c70b,1,1,0.0,3.0,0.808125,8.981238425925927,Insufficient eligible orders
acadd4d36859671cb635527c6c977533,12,12,0.08333333333333333,4.25,2.9169212962962963,14.704821566358026,Insufficient eligible orders
acb6c2ca5c82411c1fdb88d5fd5eb95e,10,10,0.0,3.9,3.7258414351851856,6.430434027777778,Insufficient eligible orders
acce39e832338debb07b02385cde5967,44,44,0.0,4.4772727272727275,1.0031278935185186,5.780788089225589,High Volume / Reliable
ace601496e211a664100321f038f50af,1,0,,2.0,,,Insufficient eligible orders
aced59e9b31ef866a94f9e7f29d8d418,61,61,0.03278688524590164,4.426229508196721,2.217936778992107,7.246316408621737,High Volume / Reliable
acf974e4d5950ad143a247471b831eb9,5,5,0.0,4.2,2.2262291666666667,9.097018518518519,Insufficient eligible orders
ad14615bdd492b01b0d97922e87cb87f,1,1,0.0,5.0,0.6554513888888889,12.921689814814815,Insufficient eligible orders
ad273c9eb54ecb4532de4bf75bae9e4e,10,10,0.0,4.1,3.4268877314814814,8.379275462962962,Insufficient eligible orders
ad420dd0c4f92f8af951ac24b86d0cf5,42,42,0.07142857142857142,4.071428571428571,2.073107497741644,12.76170524691358,High Volume / Problematic
ad738d3fcf42655ed15c4960b7b6c601,1,0,,1.0,,,Insufficient eligible orders
ad75519a07f039025e83795a4418470f,3,3,0.0,3.6666666666666665,1.8680362654320988,7.663587962962963,Insufficient eligible orders
ad781527c93d00d89a11eecd9dcad7c1,44,38,0.3157894736842105,3.0681818181818183,11.114543737816764,13.918010173001948,High Volume / Problematic
ad87df7699e83b8a91822a4a0b765c3a,6,5,0.0,3.8333333333333335,2.039159722222222,8.277773148148148,Insufficient eligible orders
ad8ada0ffa993cb1197d102d9ab21a3e,1,0,,1.0,,,Insufficient eligible orders
ad8b531ae67582f096925cff5630d0d1,3,2,0.0,3.0,8.351875,12.065046296296295,Insufficient eligible orders
ad97a199236354e53fcd91a5a913e9a2,17,16,0.125,4.529411764705882,5.010264756944444,10.076614583333333,Insufficient eligible orders
adbc26658d6c7b4b6219f9d934598091,88,88,0.13636363636363635,4.125,3.2036766067538123,13.760885022095959,High Volume / Problematic
adbe70ab2c97442046d393988c8d1d27,5,5,0.0,4.2,1.3423356481481483,5.8220833333333335,Insufficient eligible orders
adcf50477d6a1f5d91bb9d54c4903cb5,19,16,0.1875,3.263157894736842,11.715738570601852,11.219115306712963,Insufficient eligible orders
ade45994b717ccee333492330fbf037b,10,10,0.0,4.5,1.1672881944444444,7.16045949074074,Insufficient eligible orders
aded58c8142dedc5494a81f948431fab,4,4,0.0,3.75,2.587476851851852,5.445772569444444,Insufficient eligible orders
ae45ad30c2d2e5913094769690a239d2,1,1,0.0,5.0,7.499895833333333,11.692349537037037,Insufficient eligible orders
ae45df84722b1d15c5f32b23a095746c,9,9,0.0,4.777777777777778,0.7294560185185186,6.078077417695472,Insufficient eligible orders
ae7ab174effdead6c241e547e4ca13f0,6,6,0.0,4.333333333333333,3.3881211419753083,5.901676311728395,Insufficient eligible orders
ae8bfdbf1c2a2a2dee92d799db0a31c6,8,8,0.0,4.125,1.7956423611111112,7.071459780092592,Insufficient eligible orders
ae9690c6e8fee182c28c9ff8e11ca52c,1,1,0.0,5.0,4.0000231481481485,0.0,Insufficient eligible orders
aeb36d67f1414f234d42a29e27cf1f17,4,4,0.25,4.5,9.221498842592592,10.215842013888889,Insufficient eligible orders
aec99834ab5d38ead22766ada8497e87,1,1,0.0,5.0,2.8644444444444446,4.38730324074074,Insufficient eligible orders
af3ef48d0e13835e529c29ac573c63e5,21,21,0.047619047619047616,3.761904761904762,2.0216032848324517,5.764495149911816,High Volume / Reliable
af4a0e4cfe1d9c26b6712b1be25a72e5,21,21,0.047619047619047616,3.4285714285714284,4.5867708333333335,8.144120921516755,High Volume / Reliable
af7cdac9d9897cddead9c6b08976c642,6,6,0.16666666666666666,3.6666666666666665,1.4188368055555556,13.466028163580248,Insufficient eligible orders
afa6714acee029b2dfdf357e5579cc03,16,16,0.125,4.25,2.527092013888889,9.976587094907407,Insufficient eligible orders
afac9f6b0c4e5f0a7ee87e922cd0f873,1,0,,1.0,,,Insufficient eligible orders
afe0067131b73e40875c9b6c10bd2e21,46,45,0.044444444444444446,4.217391304347826,3.5030604423868317,11.714450617283951,High Volume / Reliable
b00af24704019bd2e1b335e70ad11f7c,1,1,0.0,5.0,0.46171296296296294,14.079814814814815,Insufficient eligible orders
b01c2b7b8599b325103ebcddc67413e1,4,4,0.0,4.75,3.444837962962963,4.999105902777778,Insufficient eligible orders
b026643914f651e8371425e5b8a1e780,1,1,0.0,5.0,2.6691087962962965,7.0388773148148145,Insufficient eligible orders
b0398568231ba5e6734af1881671a317,4,4,0.0,4.0,0.6374074074074074,11.68703125,Insufficient eligible orders
b05b432bf68945d4d9783f9e3ca29ee8,2,2,0.0,4.5,1.0182523148148148,3.8892245370370375,Insufficient eligible orders
b080809eaacb49e5ca07290981472431,11,11,0.0,4.818181818181818,3.700884890572391,6.684705387205387,Insufficient eligible orders
b0b346d3a89f5eb4c2968af3f083cd43,11,9,0.3333333333333333,3.272727272727273,4.284673353909465,18.85800925925926,Insufficient eligible orders
b0f2a6122a90a93eb03e68653dd960e3,6,6,0.0,4.833333333333333,2.632621527777778,4.561819058641976,Insufficient eligible orders
b1204cfda1d4948679db3cfc0d3cb95c,7,6,0.0,4.0,1.7838599537037039,7.834251543209876,Insufficient eligible orders
b127efdabeffb5d559349c7b172eb75d,10,10,0.1,4.8,1.1941435185185185,7.983297453703703,Insufficient eligible orders
b12cfd255810394b60caef18ae163547,2,2,0.0,4.5,2.414045138888889,12.91314814814815,Insufficient eligible orders
b14db04aa7881970e83ffa9426897925,83,78,0.10256410256410256,3.6506024096385543,4.741031131291548,10.863618382003798,High Volume / Problematic
b16d3dadc47d4eb18be3d88bad0775ce,10,10,0.0,4.3,1.999753086419753,4.247168981481481,Insufficient eligible orders
b17b679f4f5ce2e03ce6968c62648246,55,50,0.16,3.709090909090909,3.9485194444444445,14.62440185185185,High Volume / Problematic
b18871c324516afa228a13e8f1ef0ae9,9,9,0.1111111111111111,3.4444444444444446,1.5148894032921811,7.023676697530864,Insufficient eligible orders
b18dc380845b24038cfc48006478f099,44,43,0.11627906976744186,4.068181818181818,2.5583548664944016,9.818633720930233,High Volume / Problematic
b19c48688808720822399ffa9f2dbe2f,1,1,0.0,5.0,,6.323923611111111,Insufficient eligible orders
b19f3ca2ea475913750f25a5c37c8d8f,24,19,0.3157894736842105,2.7916666666666665,11.637351364522416,6.340894858674464,Insufficient eligible orders
b1a81260566c1bac3114a6d124413f27,51,51,0.0,4.2745098039215685,0.6195979938271605,7.6854148511256355,High Volume / Reliable
b1aaae6b66ad3c40f54b389d7ea4bee0,15,15,0.0,4.4,1.8132052469135802,5.727810185185185,Insufficient eligible orders
b1ac6ea7895bc3dd6f0f6f4abbdd2821,40,38,0.0,4.35,3.044132257257257,6.95385294834308,High Volume / Reliable
b1b3948701c5c72445495bd161b83a4c,18,14,0.6428571428571429,1.7222222222222223,15.004295634920636,7.746499669312169,Insufficient eligible orders
b1fc4f64df5a0e8b6913ab38803c57a9,107,107,0.12149532710280374,3.822429906542056,4.615908943406023,10.957980919003115,High Volume / Problematic
b1fecf4da1fa2689bccffa0121953643,19,19,0.0,4.947368421052632,3.4786933479532163,6.441388888888889,Insufficient eligible orders
b2479f944e1b90cf8a5de1bbfde284d6,103,101,0.1188118811881188,3.436893203883495,2.469212504583792,12.538138636780346,High Volume / Problematic
b248792ac0b60ec3f93d80af1b4fae47,7,7,0.14285714285714285,3.857142857142857,1.1803654100529102,5.338525132275132,Insufficient eligible orders
b26741d31a563d769b4af0465ab20c56,2,2,0.0,4.0,1.6852430555555555,10.990416666666667,Insufficient eligible orders
b274baf5bbd142410eb2958cf685d684,7,7,0.0,4.285714285714286,0.6406349206349207,5.553399470899471,Insufficient eligible orders
b29d3380981c51df13fc6fbe87e1763d,6,6,0.0,3.8333333333333335,2.305906635802469,5.7092631172839505,Insufficient eligible orders
b2a6d334e2833acea353624840e25a0e,25,25,0.0,4.48,1.9299927662037035,8.625493055555557,High Volume / Reliable
b2ac621f0d0322434d04a12b078b9369,30,30,0.1,4.4,2.5832503858024696,11.47219174382716,High Volume / Problematic
b2ba3715d723d245138f291a6fe42594,337,324,0.06790123456790123,4.071216617210682,5.083693783068783,8.655639181812987,High Volume / Problematic
b2bdc5e7940a7d7ca8c4a37953b27a42,1,0,,5.0,,,Insufficient eligible orders
b2c97074649f92197d9387d9033dda5f,10,10,0.1,4.7,1.2307210648148148,10.692697916666667,Insufficient eligible orders
b2eecf5ea250510da76590ca79d60e5d,9,9,0.0,5.0,1.335065586419753,4.428777006172839,Insufficient eligible orders
b2f4d63c7203f539a78252565ca32257,1,1,0.0,5.0,1.8244907407407407,11.172974537037037,Insufficient eligible orders
b32be1695eb7ec5f10f72d9610a12527,45,44,0.045454545454545456,4.0,3.2235287773569024,8.699031723484849,High Volume / Reliable
b335c59ab742f751a85db9c411a86739,33,30,0.03333333333333333,3.8484848484848486,6.894587577160494,8.85097800925926,High Volume / Reliable
b33aaadd1a8891d2dfef0c4c3bdf0371,16,16,0.125,3.9375,1.507650462962963,12.285091145833333,Insufficient eligible orders
b33e7c55446eabf8fe1a42d037ac7d6d,152,149,0.11409395973154363,4.1644736842105265,2.1089133054287164,13.773163528461346,High Volume / Problematic
b347677812ea483b0f528eaf8cbc09b7,21,21,0.0,4.523809523809524,2.361613205467372,10.335171406525573,High Volume / Reliable
b372ee768ed69e46ca8cdbd267aa7a38,63,63,0.0,4.428571428571429,1.6180033773527627,10.571322200176366,High Volume / Reliable
b37c4c02bda3161a7546a4e6d222d5b2,4,4,0.0,2.25,7.183203125,9.88685763888889,Insufficient eligible orders
b3809b8d4394588a47c8470ea331e135,1,1,0.0,4.0,3.5452430555555554,1.4878125,Insufficient eligible orders
b39d7fe263ef469605dbb32608aee0af,44,43,0.046511627906976744,3.8636363636363638,2.5591742032730407,10.379881029285098,High Volume / Reliable
b3b17aab11f273023a5f22ca52e1eb70,7,7,0.14285714285714285,4.857142857142857,1.6550710978835979,14.602675264550266,Insufficient eligible orders
b3e2faf2c1004d674f16a3aa3197f0e1,3,3,0.0,5.0,1.9692206790123457,4.57298225308642,Insufficient eligible orders
b3f19518fcec265b2e97af287725f981,9,8,0.0,4.222222222222222,1.9249580439814813,8.355700231481482,Insufficient eligible orders
b410bdd36d5db7a65dcd42b7ead933b8,44,42,0.0,4.659090909090909,1.2263668981481481,7.718010361552028,High Volume / Reliable
b416191c9813d821a295cfabafff4161,2,2,0.0,2.5,1.2282523148148148,16.691064814814816,Insufficient eligible orders
b43d8b707f887a30f4675391098354a0,3,3,0.3333333333333333,3.0,2.2892824074074074,22.65119598765432,Insufficient eligible orders
b44dbfbf62e52125f3c15d230569ea91,4,4,0.0,4.75,0.40971932870370376,4.376652199074074,Insufficient eligible orders
b452cb0ae35044c4a53179c39f49fb06,2,2,0.0,4.0,11.49105324074074,5.2199479166666665,Insufficient eligible orders
b45d7ebfb7378630f1bcd74b6ff86ff7,5,3,0.0,3.8,22.420447530864195,7.27170524691358,Insufficient eligible orders
b494891378bd8f4560abe576c52deacd,20,19,0.0,4.65,0.6442959104938272,4.546480872319688,Insufficient eligible orders
b499c00f28f4b7069ff6550af8c1348a,152,147,0.1292517006802721,4.118421052631579,3.0361032343106995,7.880227308515998,High Volume / Problematic
b4a476fbd28de64b1e347abf9089366a,33,30,0.06666666666666667,3.8484848484848486,3.1355138888888887,9.04900887345679,High Volume / Reliable
b4b447d715f9ab302a188fb43d3e96b3,5,5,0.0,4.8,1.0604706790123457,2.0459606481481485,Insufficient eligible orders
b4f8921fcc4ff77b66bea6dda43dcd51,18,18,0.05555555555555555,4.555555555555555,1.3427520576131688,6.066260931069959,Insufficient eligible orders
b4ffb71f0cb1b1c3d63fad021ecf93e1,144,143,0.02097902097902098,4.222222222222222,1.3584379104281588,8.363501602564103,High Volume / Reliable
b55638ad525e906c698fa2ce742c1742,11,11,0.18181818181818182,4.181818181818182,10.304593855218855,12.721098484848484,Insufficient eligible orders
b561927807645834b59ef0d16ba55a24,85,85,0.1411764705882353,4.341176470588235,3.4633167211328977,8.802498774509804,High Volume / Problematic
b566ab0ef88016e00422755e305103c6,5,5,0.2,3.2,1.0509074074074074,11.83815972222222,Insufficient eligible orders
b56828a9f9027f3c918c04ca720d9e3c,3,3,0.3333333333333333,2.6666666666666665,10.645524691358025,5.744891975308641,Insufficient eligible orders
b56906f7fd1696e043f1bcce164c487b,40,40,0.05,4.0,3.1337144097222223,9.686708808167142,High Volume / Reliable
b57e8460909fa137df7951b4a3b5ea84,1,0,,2.0,,,Insufficient eligible orders
b586cd24c010a13916af621b0325fbba,6,6,0.0,3.8333333333333335,0.7840162037037036,4.310908564814815,Insufficient eligible orders
b5abf4f36adc043117b4fca82c22984c,11,8,0.25,2.5454545454545454,12.911219618055556,6.381808449074073,Insufficient eligible orders
b5b800c4065bebf4d3442311c9857344,1,1,0.0,5.0,3.0000347222222223,3.4094212962962964,Insufficient eligible orders
b5bb2b985208834bd5bd86c7a402bbad,2,2,0.0,5.0,1.1869675925925927,9.803414351851853,Insufficient eligible orders
b5d034ac251546e25afe9067f05c1539,1,1,0.0,5.0,,9.102962962962962,Insufficient eligible orders
b5dd7151a92ccaaa282cbe9681a05f44,1,1,0.0,5.0,7.191493055555555,6.227534722222222,Insufficient eligible orders
b5e3e38609125694d2ea2417522a60b7,16,16,0.125,4.3125,2.648978587962963,14.930496961805556,Insufficient eligible orders
b5f0712d22a873b6797ab6cc65c3fcba,1,1,0.0,4.0,1.9547453703703703,1.2976851851851852,Insufficient eligible orders
b5f49fe968dff6b112861e6cd8e192ef,1,1,0.0,5.0,4.602245370370371,7.777523148148148,Insufficient eligible orders
b64d51f0435e884e8de603b1655155ae,17,17,0.11764705882352941,4.294117647058823,2.0607233796296294,4.779020288671024,Insufficient eligible orders
b67d6c666e8dce1d078c882825e12704,7,7,0.0,4.857142857142857,2.0946990740740743,4.711947751322752,Insufficient eligible orders
b6c6854d4d92a5f6f46be8869da3fa1a,1,0,,1.0,,,Insufficient eligible orders
b6d44737c043328708f6749c2dbe50bd,62,61,0.06557377049180328,4.467741935483871,1.5221412037037036,6.331044133272617,High Volume / Reliable
b6dc74ed30f124f95227bed4e43a3bed,11,9,0.1111111111111111,4.0,7.391653806584362,10.392418981481482,Insufficient eligible orders
b6e1504972665f739dec4facb9943775,14,14,0.07142857142857142,4.357142857142857,1.2110714285714284,9.67728835978836,Insufficient eligible orders
b6f52e346160519c24a23af05410ad32,1,1,0.0,4.0,1.2411689814814815,11.355266203703703,Insufficient eligible orders
b74d1c09cb380e1d03a6f859c6f4224b,31,30,0.13333333333333333,4.258064516129032,0.975809413580247,9.145366512345678,High Volume / Problematic
b76a1f8356322f12529c37b67d5c96c2,5,5,0.0,4.8,1.4619050925925925,5.463581018518519,Insufficient eligible orders
b76dba6c951ab00dc4edf0a1aa88037e,159,157,0.03184713375796178,4.163522012578617,1.7439932795698925,8.134020553196509,High Volume / Reliable
b76f4d90e85657a240495c876313adc5,1,1,0.0,5.0,0.15247685185185186,0.9979166666666667,Insufficient eligible orders
b77a27b1864483e721dc831d5ba4afa0,2,1,0.0,3.5,4.0642708333333335,4.391157407407407,Insufficient eligible orders
b7ba853e9551f4558440881fd3e5c815,2,1,0.0,1.0,28.98730324074074,5.944907407407407,Insufficient eligible orders
b7cc6c5e001441ae8cdd5c69a480cbe4,6,5,0.0,4.166666666666667,3.0253125,9.708481481481481,Insufficient eligible orders
b7d5b4b87af9d42b601865d3f3810bff,2,1,0.0,2.0,3.495,5.122731481481481,Insufficient eligible orders
b7e1750c1157341d2abd0251e07c186b,3,3,0.0,4.333333333333333,3.058668981481482,7.278016975308642,Insufficient eligible orders
b7ed9fb14c8eadb37adb9c45d67ab0fb,7,7,0.0,3.2857142857142856,2.3067377645502645,10.157660383597884,Insufficient eligible orders
b8114f2f589a6804810f04f99b36b498,8,8,0.0,4.75,2.3129910714285713,2.685571469907407,Insufficient eligible orders
b81e3a6c866a764974fe849821abeebd,8,8,0.0,4.625,2.6028038194444445,3.175211226851852,Insufficient eligible orders
b839e41795b7f3ad94cc2014a52f6796,33,33,0.030303030303030304,4.090909090909091,1.4306522550776584,4.822791806958474,High Volume / Reliable
b83cedfb587e7911540e3f576d6917ce,24,24,0.041666666666666664,4.208333333333333,2.359663387345679,7.474340277777777,High Volume / Reliable
b8555308bfdb4ca1ed54325a58da9a97,26,26,0.07692307692307693,4.0,1.5682843660968662,8.002311698717948,High Volume / Problematic
b8578d2d823bd8e251f6fdd02b40902d,9,9,0.0,4.444444444444445,1.2486059670781893,8.577560442386831,Insufficient eligible orders
b8630e1121437d41cb08e3c749c2c2e2,12,12,0.08333333333333333,4.333333333333333,2.833312114197531,8.048956404320988,Insufficient eligible orders
b86a47b3366e3b5424a7b225781f4908,1,1,0.0,3.0,0.3970486111111111,13.841458333333334,Insufficient eligible orders
b87a7ea0c30fad2dd6781b74a0064859,9,9,0.2222222222222222,3.4444444444444446,2.2346720679012346,12.911741255144033,Insufficient eligible orders
b88e7c57cb2d8b973b7dd4a2bfa14b36,4,4,0.0,4.25,0.602644675925926,8.248695023148148,Insufficient eligible orders
b8a0adc91af209270c2c725168eb00fd,6,6,0.0,4.0,3.2885694444444447,7.727173996913581,Insufficient eligible orders
b8bc237ba3788b23da09c0f1f3a3288c,45,45,0.022222222222222223,4.2444444444444445,1.2299876543209876,10.2659045781893,High Volume / Reliable
b8d890108a7a80e4f5d59eea9f362438,2,2,0.0,3.5,9.039126157407408,3.9928182870370375,Insufficient eligible orders
b906dd0e57f282c7089171b6ed07982e,2,2,0.0,4.0,0.7560706018518519,6.222239583333334,Insufficient eligible orders
b90e891671cffd9557f33a97dc523645,34,34,0.0,4.323529411764706,1.1227065796857463,6.287356345315904,High Volume / Reliable
b92e3c8f9738272ff7c59e111e108d7c,62,62,0.03225806451612903,4.161290322580645,5.121674256223437,11.257990778076463,High Volume / Reliable
b94cc9f10ddc85e4ba73a6f7974e7101,39,39,0.05128205128205128,4.282051282051282,2.008250534188034,8.232451626305792,High Volume / Reliable
b98b715fe9e276204e2a3464f48cd796,6,4,0.0,3.3333333333333335,5.961941550925927,5.2217390046296295,Insufficient eligible orders
b9a03475e6447e631b6799ec8274800f,10,10,0.0,4.2,0.6027280092592593,9.570241898148149,Insufficient eligible orders
b9c0ffa92f3ff9a5a3d45ef7213c0842,3,3,0.0,5.0,2.584837962962963,18.048645833333335,Insufficient eligible orders
b9ca8e8baa5d4aa038394a700f63e69f,14,14,0.07142857142857142,4.214285714285714,1.6056613756613756,7.647975363756614,Insufficient eligible orders
b9de031b671cd48b28fae9d828cbf2b4,1,1,0.0,5.0,0.9588194444444444,8.265092592592593,Insufficient eligible orders
b9ec22de23f18567de0e09d776ca0309,2,2,0.0,5.0,1.7697164351851853,4.751383101851852,Insufficient eligible orders
ba143b05f0110f0dc71ad71b4466ce92,85,83,0.12048192771084337,4.376470588235295,2.5240664556962025,7.180195643685854,High Volume / Problematic
ba5daa4041e1f15cdf34b76e3e18a450,15,15,0.0,4.266666666666667,1.6289529320987655,3.9542762345679012,Insufficient eligible orders
ba6b4a237f92479743cf0ca06b67a9ac,8,8,0.125,4.25,1.8821281828703704,10.326018518518518,Insufficient eligible orders
ba6b68b55fe8704377a7d43c8e5c0185,5,5,0.0,4.2,2.6056180555555555,7.537814814814814,Insufficient eligible orders
ba6ce6de456f6c11d08c17701ba5c26f,6,6,0.0,4.166666666666667,6.000464891975309,6.188474151234568,Insufficient eligible orders
ba89796db68db180bd389de96b2ff3b6,2,2,0.0,5.0,2.0786805555555556,6.494184027777778,Insufficient eligible orders
ba8e85df286308fe68a2ce83a8f8b2d6,1,1,0.0,5.0,1.576076388888889,8.21386574074074,Insufficient eligible orders
ba90964cff9b9e0e6f32b23b82465f7b,38,38,0.05263157894736842,4.421052631578948,1.0040152899610135,8.804270833333334,High Volume / Reliable
baa49d93c8c8841e27400a300f5d74b2,6,6,0.0,4.5,4.068761574074075,8.657050540123457,Insufficient eligible orders
bab0a8cd684e41ba6e2637dca0979d3b,1,1,0.0,5.0,0.2536921296296296,13.052696759259259,Insufficient eligible orders
babcc0ab201e4c60188427cae51a5b8b,1,1,0.0,5.0,,5.022881944444444,Insufficient eligible orders
bac44fa8e13424950488659b5f765c41,1,1,0.0,5.0,4.000011574074074,3.0,Insufficient eligible orders
bac692d6c0ed08467878018e6cc9c26c,1,1,0.0,4.0,1.4255787037037038,5.261990740740741,Insufficient eligible orders
bacb1f0ed56ad24198f5810d2b3fe9a5,42,38,0.02631578947368421,4.0,1.5351242690058478,8.077075718810917,High Volume / Reliable
baeda7047354773262ba2405f97038ba,1,1,0.0,5.0,17.45980324074074,6.010949074074074,Insufficient eligible orders
baf15155e37ef5492731459bdc05be8a,1,1,0.0,5.0,28.177824074074074,4.875474537037037,Insufficient eligible orders
bafc5aa11e413978be29040f51342e70,9,9,0.1111111111111111,3.7777777777777777,1.9161201131687244,11.069549897119343,Insufficient eligible orders
bb135baca94c82fcb731335ad5b04a03,18,18,0.0,3.0555555555555554,3.3319232253086417,5.755301568930041,Insufficient eligible orders
bb2afe2061d53c6968aa0cffa233a8ec,5,5,0.0,4.8,0.6392662037037037,3.7654328703703706,Insufficient eligible orders
bb3dca718920a4d7ec3cc9ffb025108b,2,2,0.0,3.0,4.011440972222222,7.644554398148148,Insufficient eligible orders
bb5bd94c8f59cc050072d2930c869cac,16,16,0.0,4.1875,4.914717158564815,9.083318142361112,Insufficient eligible orders
bb5d956dece964a06c12bceb66b923ae,2,2,0.0,5.0,1.451568287037037,8.469704861111111,Insufficient eligible orders
bb7a14e229b1c95156719c3d9552eeee,11,10,0.1,4.181818181818182,3.9734930555555557,7.123459490740741,Insufficient eligible orders
bb7ad8a45c027be8ab075b8e465f8ca0,2,2,0.0,5.0,1.5883854166666667,3.788130787037037,Insufficient eligible orders
bba3293d6f5d5af2f415e004e8b93ae3,17,17,0.058823529411764705,4.294117647058823,2.04359272875817,9.339595588235294,Insufficient eligible orders
bba74270a87732727b5a3b4fd9ac1c39,36,35,0.0,3.9722222222222223,2.009205357142857,7.406905423280424,High Volume / Reliable
bba8d0c234a52b87b3957037a215d1a4,1,1,0.0,5.0,10.790104166666667,13.041805555555555,Insufficient eligible orders
bbad7e518d7af88a0897397ffdca1979,69,68,0.16176470588235295,3.130434782608696,4.644389683526811,8.496196555010894,High Volume / Problematic
bbaff50f3b708fda865918715276cd87,12,12,0.16666666666666666,4.75,3.093207947530864,7.010323109567902,Insufficient eligible orders
bbd3acfe6de99892e73940d3fdceaf68,2,2,0.0,3.0,1.0075578703703703,2.2792881944444443,Insufficient eligible orders
bbe87dce25ba8b38bb61cc7210a3f10b,2,2,0.0,5.0,1.3305092592592591,4.556788194444445,Insufficient eligible orders
bbf4a892cac7b82422baa711dffb8997,1,1,0.0,5.0,0.16756944444444444,2.823888888888889,Insufficient eligible orders
bbf9ad41dca6603e614efcdad7aab8c4,14,14,0.0,4.5,0.857437996031746,12.396213624338625,Insufficient eligible orders
bc07d855eac23aab5ac8a120f21d16b2,12,11,0.18181818181818182,4.166666666666667,2.280065235690236,10.913364898989899,Insufficient eligible orders
bc2ac6b95e1accce9858528ee566c17e,18,18,0.0,4.555555555555555,0.9586972736625514,3.6551401748971193,Insufficient eligible orders
bc302730ea8cf49b5c74f579febb5bbf,11,11,0.09090909090909091,3.8181818181818183,2.251517361111111,8.82071654040404,Insufficient eligible orders
bc30de0d71bd6260b936a026b5cf7200,3,3,0.0,4.666666666666667,5.376481481481481,6.619355709876544,Insufficient eligible orders
bc39d8938f90a3a2b98193723ed59774,2,2,0.0,2.5,2.2965856481481484,2.2414525462962964,Insufficient eligible orders
bc47d5d1490df2b36add65d733eafaba,24,21,0.09523809523809523,3.25,2.313938492063492,10.227020502645503,High Volume / Problematic
bc503e244f187939d10c92a5c8e378ce,7,6,0.0,3.2857142857142856,1.5638618827160495,9.30077739197531,Insufficient eligible orders
bc8c8d665ec4664d286be0d521722b19,1,1,1.0,2.0,6.865081018518518,1.160925925925926,Insufficient eligible orders
bca9230d3bbb4efa51872bf605a2f1ad,5,5,0.2,4.0,4.056636574074075,2.3154953703703702,Insufficient eligible orders
bcc9dd23e2a8bd8267cf92b19304a1b9,3,3,0.6666666666666666,2.3333333333333335,3.4530439814814815,19.087295524691356,Insufficient eligible orders
bccf933e006e9b94a6184af782963e77,45,45,0.022222222222222223,4.444444444444445,1.744156121399177,9.714358281893004,High Volume / Reliable
bcd2d7510d58e293f20fad6438c1b314,1,1,1.0,1.0,22.040520833333332,11.151747685185185,Insufficient eligible orders
bce6a5ecf98e99fd2a8868b15c51f04b,14,14,0.14285714285714285,4.071428571428571,4.309877645502645,7.218416832010582,Insufficient eligible orders
bcf5566870987da7bc811fbc8c5b9fd9,1,0,,1.0,,,Insufficient eligible orders
bd0389da23d89b726abf911cccc54596,87,87,0.06896551724137931,4.172413793103448,1.319542211328976,11.886504363558963,High Volume / Problematic
bd0a1b0aadca9a83d9304f7e8ff5fbd5,4,4,0.0,4.5,1.149230324074074,4.5229716435185185,Insufficient eligible orders
bd149ed516d4c5d418d5781f8e18919f,8,8,0.0,4.875,3.2997034143518515,5.000522280092593,Insufficient eligible orders
bd15ee794d5e640d9dd71b665b2ab15b,12,12,0.16666666666666666,4.0,5.181784336419754,9.264444444444445,Insufficient eligible orders
bd1d49a326abfa9b1036772e40445430,12,12,0.08333333333333333,4.083333333333333,3.5587114197530862,8.761086033950617,Insufficient eligible orders
bd23da7354813347129d751591d1a6e2,89,86,0.023255813953488372,3.9887640449438204,1.8414775326797386,7.507658134151594,High Volume / Reliable
bd43e172d599bed47a85da877172ca8c,1,1,0.0,5.0,7.337685185185185,5.127581018518518,Insufficient eligible orders
bd4431c1a8dfa744b59e1e2a8bc99b9e,7,7,0.0,4.571428571428571,0.8065798611111111,6.226936177248676,Insufficient eligible orders
bd4889b5e9133b35b66e42a8665cea5c,36,36,0.0,4.333333333333333,1.8545540577342048,7.827320601851852,High Volume / Reliable
bd4ff04377f974574f7f0bf9d6ce7dde,4,4,0.25,3.5,17.332708333333333,4.288480902777778,Insufficient eligible orders
bd65d163ded559eb90a10cd09fec178f,1,1,0.0,4.0,1.368414351851852,3.079814814814815,Insufficient eligible orders
bd697db56ff8e7c9cd1abeb7f72029b2,22,21,0.0,4.181818181818182,2.055408950617284,8.412565586419753,High Volume / Reliable
bdae679a9b282249bc23b9b69dae9a99,6,6,0.0,3.5,4.922391975308642,4.858231095679012,Insufficient eligible orders
bdb3edbaee43a761e2d4f258dc08f348,5,5,0.2,3.8,2.5357268518518516,9.070780092592592,Insufficient eligible orders
bdf0d02d36a1d839d0c39c4a887cdd49,5,5,0.0,5.0,1.3664305555555554,6.970611111111111,Insufficient eligible orders
be1e9e378700cecaa4ebf71433d7915c,2,2,1.0,3.0,4.223229166666667,43.250983796296296,Insufficient eligible orders
be3b4b0f050a6aa1b2d901c4b77e979f,3,3,0.0,4.0,1.1019251543209876,6.847777777777778,Insufficient eligible orders
be67f78487e2cecb0d55bc769709e4f5,1,1,0.0,5.0,3.187546296296296,6.831631944444444,Insufficient eligible orders
be7a093e5b4d147b36b72bb1f9e415e5,1,1,0.0,5.0,1.7931712962962962,3.4239930555555556,Insufficient eligible orders
be8e909810184b9b19e886129149d8e5,15,15,0.13333333333333333,3.7333333333333334,1.7334575617283952,13.609439043209877,Insufficient eligible orders
be9a160a9011f627c3e121d076c1ec7b,7,5,0.0,3.5714285714285716,5.226472222222222,8.46299537037037,Insufficient eligible orders
beadbee30901a7f61d031b6b686095ad,64,64,0.234375,3.90625,7.1307978877314815,6.598329897280093,High Volume / Problematic
bec568278124768c474ee90971ca94d1,2,2,0.0,4.5,0.5616608796296296,2.864513888888889,Insufficient eligible orders
bede56095ba33c42038fb85f707b8a42,2,2,0.0,4.5,2.640630787037037,9.924484953703704,Insufficient eligible orders
bee36b4f9a2b9fdcaff6ec05df202ed0,2,1,0.0,3.0,4.709641203703704,4.919791666666667,Insufficient eligible orders
bf00385a5f7fc1ef39a13c2e9ee50a5f,29,28,0.0,4.310344827586207,1.9063345797720797,3.6617377645502645,High Volume / Reliable
bf0045791395e66460eb04749c68672a,2,2,0.0,4.0,3.570341435185185,10.671261574074073,Insufficient eligible orders
bf0d50a6410d487dc97d2baac0a8c0be,1,0,,2.0,,,Insufficient eligible orders
bf100ecb7997df312b285358fb32f92c,20,20,0.0,4.3,2.3074351851851853,6.480259259259259,High Volume / Reliable
bf3c6d2a28b2b5501e6c15448982dcc9,35,35,0.02857142857142857,4.6,1.190920634920635,10.170381613756613,High Volume / Reliable
bf84056e679dbe9c69929847a40e338f,36,35,0.05714285714285714,3.75,3.7916593915343917,8.53693287037037,High Volume / Reliable
bf961104a38e01b9062ee026bb657dee,4,4,0.0,4.5,1.6613310185185186,7.059933449074074,Insufficient eligible orders
bfd27a966d91cfaafdb25d076585f0da,117,114,0.05263157894736842,4.222222222222222,2.0732150319567353,10.116372035412606,High Volume / Reliable
bfd938b22bc99bce1ae60dc602889f52,6,4,0.0,3.8333333333333335,4.556328125,6.510833333333333,Insufficient eligible orders
bff9deb0ec77d437f3305a79cf25529e,5,5,0.0,4.0,1.3705972222222222,5.548787037037037,Insufficient eligible orders
c003204e1ab016dfa150abc119207b24,197,195,0.05128205128205128,4.431472081218274,1.2092928240740741,7.9238022317188985,High Volume / Reliable
c00396cbdd2e088fe4281baa5920aef1,1,1,0.0,5.0,6.153472222222222,5.941782407407407,Insufficient eligible orders
c004e5ea15737026cecaee0447e00b75,2,1,1.0,1.0,24.51787037037037,9.305300925925925,Insufficient eligible orders
c0098efcf800861dcae589affca31408,9,9,0.0,4.777777777777778,1.9357677469135801,9.243186728395061,Insufficient eligible orders
c013e57c075a06e5b5c48ee03c525719,42,42,0.047619047619047616,4.238095238095238,1.200046578590786,7.618178461199294,High Volume / Reliable
c026ef0d72e9132d9fa112308090c8dc,1,1,0.0,4.0,1.9970949074074074,9.175659722222223,Insufficient eligible orders
c03121937e54a93fcc1825c3098bbb6e,7,7,0.0,5.0,2.2853058862433864,8.80589947089947,Insufficient eligible orders
c04d70d515d15a7e3db3a73320598566,3,3,0.0,5.0,1.5236381172839506,4.763074845679012,Insufficient eligible orders
c0563dd588b775f2e37747ef6ad6c92c,28,28,0.10714285714285714,4.357142857142857,2.655366236772487,7.969168733465608,High Volume / Problematic
c092292535a57dacd95a8765f5518f87,1,1,0.0,5.0,0.74375,7.334606481481481,Insufficient eligible orders
c0aff2da32c17759d30b22fb0af6649d,4,4,0.0,3.75,0.3502199074074074,7.270292245370371,Insufficient eligible orders
c0e0b73d039eb9a99b6ce4cb7a429cd3,1,1,0.0,5.0,2.8607407407407406,2.1071412037037036,Insufficient eligible orders
c0e6839516f5398edc34adf5f1d53d1a,3,1,0.0,2.6666666666666665,0.9545023148148148,1.1951157407407407,Insufficient eligible orders
c0f3eea2e14555b6faeea3dd58c1b1c3,1,1,0.0,5.0,0.5124074074074074,5.1422337962962965,Insufficient eligible orders
c0f783394e37cd9c9d7f5f81141450fa,6,6,0.0,3.1666666666666665,2.2655439814814815,10.655451388888888,Insufficient eligible orders
c113b8df1fc375bc3d73d29c1b1144d1,3,3,0.0,4.333333333333333,1.1277314814814814,5.611327160493826,Insufficient eligible orders
c12b92bf1c350f3e6bf88d3596219c86,17,17,0.058823529411764705,3.8823529411764706,1.423783275462963,9.109567674291938,Insufficient eligible orders
c12d7463a579237ffb9248bd7cff378b,1,1,0.0,4.0,8.08423611111111,3.0416666666666665,Insufficient eligible orders
c13ef0cfbe42f190780f621ce81f2234,1,1,1.0,3.0,19.03224537037037,9.019189814814816,Insufficient eligible orders
c13fb473e7cb8b83ccd543c094df0608,2,2,0.0,3.5,2.7988946759259257,9.958443287037037,Insufficient eligible orders
c1552b1dab6e6f760950368ae61fb600,2,2,0.0,2.5,1.611244212962963,3.4463425925925923,Insufficient eligible orders
c157bdeedcbc9a8e3c8bf0d87ff24428,7,7,0.0,4.428571428571429,2.2847982804232805,9.146225198412697,Insufficient eligible orders
c161d1327ebc3a156c09582ab2f59f6c,3,2,0.0,3.0,2.5554050925925926,0.9250925925925926,Insufficient eligible orders
c18309219e789960add0b2255ca4b091,1,1,0.0,5.0,1.1495949074074074,13.031539351851851,Insufficient eligible orders
c1849d4d32d7a6cecd5aa471809d3135,3,3,0.0,4.333333333333333,2.469679783950617,2.942662037037037,Insufficient eligible orders
c1d1ebb4745cc43cb6f05e9c8a705c9a,3,1,1.0,2.3333333333333335,13.607557870370371,12.911979166666667,Insufficient eligible orders
c1dde11f12d05c478f5de2d7319ad3b2,1,1,0.0,1.0,1.2103819444444444,1.2483912037037037,Insufficient eligible orders
c1ed9e3daf6154542826a6996af0fb8c,9,8,0.125,3.888888888888889,5.144461805555555,10.53156539351852,Insufficient eligible orders
c1f12f926d0ba950578b4fa41115cbb6,2,2,0.5,4.0,3.8848148148148143,32.16816550925926,Insufficient eligible orders
c200c73f9d7e5a08ca439d6a0803da7c,1,0,,1.0,,,Insufficient eligible orders
c240c4061717ac1806ae6ee72be3533b,1,1,0.0,4.0,0.7469560185185186,5.299594907407408,Insufficient eligible orders
c24173065483e421f9e5e7f599de101d,9,9,0.1111111111111111,3.5555555555555554,5.962087191358025,8.914606481481481,Insufficient eligible orders
c26a2be5b53b7db6b276280da212a779,13,13,0.0,3.3846153846153846,4.333759793447293,9.401776175213675,Insufficient eligible orders
c26ba52cf8d2f34915f2f6b7ffa0a3f3,4,3,0.0,4.0,2.5561304012345683,4.814880401234568,Insufficient eligible orders
c273175f7c6c80fb02f051e2fc6d0d72,14,14,0.07142857142857142,3.7857142857142856,3.54067791005291,6.820479497354498,Insufficient eligible orders
c286ec035ee04ba81c97508f0b5df544,2,1,0.0,2.5,2.512939814814815,10.730474537037036,Insufficient eligible orders
c2bda99904207edd1834f03e0022b007,2,1,0.0,2.5,4.593009259259259,6.127928240740741,Insufficient eligible orders
c2d70ce2c5d0a2eb75e78668236e6dc8,13,13,0.0,4.615384615384615,1.8442399691358027,6.351805555555556,Insufficient eligible orders
c31eff8334d6b3047ed34bebd4d62c36,122,120,0.11666666666666667,3.8278688524590163,4.891289098972923,7.102930459104939,High Volume / Problematic
c3251e13f1bbda6c74e37c160f991e19,2,2,0.0,5.0,3.375075231481482,9.882777777777777,Insufficient eligible orders
c32fc744b9160ac853450488e3cfea93,3,2,0.0,2.3333333333333335,5.80917824074074,9.696388888888889,Insufficient eligible orders
c33847515fa6305ce6feb1e818569f13,114,114,0.03508771929824561,3.8508771929824563,1.5828184434434434,7.332481115984406,High Volume / Reliable
c33a5c3c983090c8b78a28e65052a20d,9,8,0.0,4.222222222222222,1.2306712962962962,10.284830729166666,Insufficient eligible orders
c353f8fc0ce8344999f17d578eb69a5e,2,2,0.0,5.0,0.5682002314814815,8.556880787037038,Insufficient eligible orders
c35672b10ad50968f567ea3f4b91e877,18,18,0.05555555555555555,4.5,2.15531121399177,9.164104295267489,Insufficient eligible orders
c35affa65afd250151285c5917fc1c8a,9,8,0.125,4.0,2.0897236689814815,14.381400462962963,Insufficient eligible orders
c360e4787614ed31ac7a2f95d3b22dc6,1,1,0.0,2.0,8.170023148148148,4.474189814814815,Insufficient eligible orders
c37b2059d4f90d4feead554e5246565e,12,12,0.25,3.3333333333333335,5.368630401234568,11.189774305555554,Insufficient eligible orders
c3867b4666c7d76867627c2f7fb22e21,245,228,0.10964912280701754,3.8816326530612244,2.5642103740253415,12.5267632695744,High Volume / Problematic
c394e193cda3b4225ff2094d32184849,3,2,0.0,3.6666666666666665,5.445995370370371,5.061076388888889,Insufficient eligible orders
c398bc00a606d33758afd91f4e64fd15,2,2,0.0,4.5,1.2180092592592593,2.4033391203703705,Insufficient eligible orders
c3aad7dc65449ae90a5e9c3c6c1e78e0,6,6,0.0,4.666666666666667,2.361417824074074,4.305659722222222,Insufficient eligible orders
c3acdfac4e3e97ff87529454fbc03642,12,12,0.08333333333333333,4.25,5.8665412808641975,4.773011188271605,Insufficient eligible orders
c3cfdc648177fdbbbb35635a37472c53,278,278,0.014388489208633094,4.471223021582734,1.5643042508417508,7.953591918132161,High Volume / Reliable
c3e1abd72a42fe690fcd89cf5720fe29,13,13,0.0,4.461538461538462,0.7368703703703703,3.0595895655270655,Insufficient eligible orders
c3e2398fcc7e581cda2e546557bf6968,1,1,0.0,5.0,3.0472685185185187,6.344039351851852,Insufficient eligible orders
c3ee2331a724e6fc02c4b698b57a73f3,2,2,0.0,3.0,1.8605092592592591,4.396712962962963,Insufficient eligible orders
c3f5668699a1b04c0fa61ecea1e2bff6,3,3,0.0,5.0,1.1052430555555557,10.713881172839507,Insufficient eligible orders
c3fe93ba3085f92855c97e57f38c8c05,7,6,0.0,5.0,3.226205632716049,9.16241512345679,Insufficient eligible orders
c42fd8e4d47dfb18ce5222f2dd7752f9,7,7,0.2857142857142857,4.142857142857143,13.96883597883598,12.163108465608465,Insufficient eligible orders
c43d924a0f1688ee9fae0efcd6f539d4,1,1,0.0,4.0,15.119178240740741,5.9159953703703705,Insufficient eligible orders
c447f8dd3ed213f291d65ef074a268eb,7,7,0.0,3.7142857142857144,3.906802248677249,6.498159722222222,Insufficient eligible orders
c458e2045a8aa8964f8879af03fdcce6,4,4,0.0,2.75,4.3012847222222215,11.297141203703704,Insufficient eligible orders
c4af86330efa7a2620772227d2d670c9,4,4,0.0,4.25,1.475011574074074,12.338026620370371,Insufficient eligible orders
c4b911d06343b21dd906651f8101cb49,2,0,,1.0,,,Insufficient eligible orders
c4d51195486dc781531876a7d00453d8,17,17,0.29411764705882354,3.9411764705882355,5.470421432461873,17.72001429738562,Insufficient eligible orders
c4f7fee5b0db50e87766f5a4d1b1b758,8,5,0.0,2.875,2.720050925925926,8.598928240740742,Insufficient eligible orders
c4fabeea6e569d42d02993bb1f4f1cbc,11,11,0.09090909090909091,4.0,4.88485585016835,16.47257680976431,Insufficient eligible orders
c4fb51fb1c5b7c07bc5e67be6e7e8f6e,15,15,0.13333333333333333,3.533333333333333,3.887931327160494,12.250047067901233,Insufficient eligible orders
c500367424994318b9e779ff1ae9a330,9,9,0.1111111111111111,3.7777777777777777,4.683806584362141,11.05667566872428,Insufficient eligible orders
c510bc1718f0f2961eaa42a23330681a,13,12,0.0,4.0,1.33615625,5.327205825617284,Insufficient eligible orders
c522be04e020c1e7b79f3acff36513d5,7,6,0.3333333333333333,3.5714285714285716,3.1576666666666666,12.441957947530865,Insufficient eligible orders
c52c644cc0dc85121207a27013efc6af,1,1,0.0,5.0,3.8595023148148146,3.280150462962963,Insufficient eligible orders
c53bcd3be457a342a97e39e5a9f0be22,5,5,0.0,3.2,2.485747685185185,9.42630324074074,Insufficient eligible orders
c542f5a8c64d973f30e9df8d06f70b4a,1,0,,1.0,,,Insufficient eligible orders
c54679b132454625907c773d273d4126,7,7,0.0,4.857142857142857,1.6687152777777778,4.267585978835979,Insufficient eligible orders
c5e60e39c0f42b8e827daa13cff74afa,6,6,0.0,4.5,1.4472318672839506,2.0511670524691357,Insufficient eligible orders
c5ebe6598748b0aeaa61cfb820478b92,3,3,0.0,4.666666666666667,1.6727970679012347,2.9755246913580247,Insufficient eligible orders
c5f7e746b7e6d07def6c0dae9903279b,10,10,0.0,4.4,1.0249166666666667,4.223694444444445,Insufficient eligible orders
c5f7feb04a6a1fb3596322bfc3cf1917,11,11,0.09090909090909091,4.2727272727272725,1.6914687499999999,8.194291877104376,Insufficient eligible orders
c60b801f2d52c7f7f91de00870882a75,41,39,0.15384615384615385,3.317073170731707,6.89531428062678,8.79659336419753,High Volume / Problematic
c611f4ce9ce875bcc063fa97fd4d7d12,1,1,1.0,4.0,0.8810416666666666,3.1519097222222223,Insufficient eligible orders
c6218512d16fcac0af02fe92691cf274,8,8,0.0,4.0,4.358627025462963,9.670497685185186,Insufficient eligible orders
c6381b1321d7d97717a5bb4ed5b77882,2,2,0.0,3.0,1.6264641203703705,2.6047974537037035,Insufficient eligible orders
c6381d2d013342748761e906d45aff76,15,15,0.0,3.8666666666666667,5.796088734567901,9.97781712962963,Insufficient eligible orders
c64a2aec32cc408a8a4c6d7c46017f91,9,9,0.0,3.888888888888889,6.5558294753086415,14.933650977366256,Insufficient eligible orders
c66dccfb3f109511246da627dd5a2498,45,44,0.045454545454545456,4.488888888888889,1.383000645994832,9.730008417508417,High Volume / Reliable
c679fb69a36e1d8349e8c50a217b4d58,14,14,0.07142857142857142,3.642857142857143,4.42651455026455,6.1850702711640215,Insufficient eligible orders
c68fb906c8f4b4b946d8386bfa6e5467,45,45,0.022222222222222223,4.511111111111111,1.11498153659612,9.455649434156378,High Volume / Reliable
c6a7539d424a8402232c2228d7a03c5e,10,10,0.1,3.1,4.40250925925926,9.590946759259259,Insufficient eligible orders
c6bda72e4dbf5c5866b13cb1810c6d03,59,59,0.03389830508474576,4.389830508474576,1.6373309008160704,8.31914528405524,High Volume / Reliable
c70a353f02429c00775a46a75fb787da,6,6,0.0,4.666666666666667,1.3545698302469136,5.16471450617284,Insufficient eligible orders
c70c1b0d8ca86052f45a432a38b73958,261,260,0.05384615384615385,4.333333333333333,3.093035961650627,4.7764724002849,High Volume / Reliable
c714262700f93defc16bf17a51a4cb23,4,4,0.0,3.75,2.958136574074074,7.239380787037037,Insufficient eligible orders
c716e0b86ed568878475b60fbb6323ad,1,1,0.0,5.0,2.0394328703703706,5.391041666666666,Insufficient eligible orders
c7246702dc991a06d788120dc7544391,1,1,0.0,5.0,1.4349652777777777,18.24287037037037,Insufficient eligible orders
c72de06d72748d1a0dfb2125be43ba63,21,21,0.0,4.476190476190476,0.8455628654970762,8.405346119929453,High Volume / Reliable
c731d18cea9bf687ffee82a241c25b11,24,24,0.0,4.083333333333333,1.219515335648148,6.4468624614197525,High Volume / Reliable
c747d5b92c7648417faea95d36d763e8,1,1,0.0,5.0,3.7007060185185185,9.120162037037037,Insufficient eligible orders
c74f14c1e26cf1bd5bd34b6a1e274426,1,1,0.0,5.0,7.355891203703703,14.44008101851852,Insufficient eligible orders
c76d418370990614e89e956c7a7567d9,2,2,0.0,3.5,0.8812905092592592,7.90495949074074,Insufficient eligible orders
c79151301b9d90985d1fa52879213105,4,3,0.0,3.75,0.48455246913580247,6.9674459876543215,Insufficient eligible orders
c794dab4928dd97beb41d05514441e86,16,16,0.125,4.375,1.8119545717592591,11.452743055555555,Insufficient eligible orders
c7a0a13cbcf29d5ce51c8f80afdc0b89,8,8,0.0,4.125,3.7789988425925927,7.077466724537037,Insufficient eligible orders
c7b7db6c8f3c64a7cc1afa634db21d50,1,1,1.0,1.0,1.3740046296296295,31.82582175925926,Insufficient eligible orders
c7bb64409aa480bb7d0335faaaf3d242,4,4,0.0,2.25,1.7048292824074074,3.839519675925926,Insufficient eligible orders
c7c7b2682c648339a0e9846bb1023a39,2,2,0.0,4.5,4.8344907407407405,5.434652777777778,Insufficient eligible orders
c7dcd301ecfe5ab7f778ac172cf74be7,4,3,0.0,2.5,22.88538966049383,1.2756442901234568,Insufficient eligible orders
c7fdb77fdbff3c41981bc52f787e959e,10,9,0.1111111111111111,3.3,4.308769290123457,11.775734310699589,Insufficient eligible orders
c8025364abeecb115431bf95c11a747f,2,2,0.0,4.5,2.455908564814815,4.748940972222222,Insufficient eligible orders
c8143b3069f6746a77421b5ce30a450c,1,1,0.0,5.0,5.176736111111111,19.21783564814815,Insufficient eligible orders
c826c40d7b19f62a09e2d7c5e7295ee2,354,346,0.07514450867052024,4.070621468926554,2.3432382099665263,10.573179826321986,High Volume / Problematic
c840d3fdbba0790404fdae73d253b253,9,9,0.0,3.5555555555555554,2.1174807098765434,9.531376028806584,Insufficient eligible orders
c8417879a15366a17c30af34c798c332,26,25,0.04,4.153846153846154,1.287701851851852,7.556625925925926,High Volume / Reliable
c84592044b180dec206770c38603814b,15,14,0.0,4.2,2.0516071428571427,10.512291666666666,Insufficient eligible orders
c8467937e403e76a8ee9f0ab13f6f5ef,30,30,0.13333333333333333,3.9,3.842488425925926,12.647510030864197,High Volume / Problematic
c847e075301870dd144a116762eaff9a,42,41,0.07317073170731707,4.095238095238095,1.3799601964769648,15.061432644534777,High Volume / Problematic
c85d7b477a709c85a1e8b8f25aa1b270,1,0,,1.0,,,Insufficient eligible orders
c864036feaab8c1659f65ea4faebe1da,58,58,0.034482758620689655,4.568965517241379,1.2625351213282248,10.693747605363985,High Volume / Reliable
c8660dcf9ba70575f45d80fe28c27713,4,4,0.25,4.5,2.032841435185185,12.555500578703702,Insufficient eligible orders
c8665a4dd081a2c436b1cd921079d0d9,1,1,0.0,5.0,0.7370833333333333,3.4865393518518517,Insufficient eligible orders
c8771b1a10bb99bb34d3c459c5cffb53,1,1,0.0,5.0,2.863726851851852,3.945,Insufficient eligible orders
c878515173c84a492ebe50d6b493230b,9,9,0.2222222222222222,4.111111111111111,3.7882471707818928,13.000048868312756,Insufficient eligible orders
c87abc38c8ed3240861729e1aeadf221,1,1,0.0,1.0,1.3475347222222223,8.335844907407408,Insufficient eligible orders
c88f62b4c386a59281014d677864d016,1,0,,1.0,,,Insufficient eligible orders
c89cf7c468a48af70aada384e722f9e2,14,14,0.07142857142857142,3.7857142857142856,3.2142460317460317,10.647725694444444,Insufficient eligible orders
c8b0e2b0a7095e5d8219575d5e7e1181,84,84,0.07142857142857142,4.0476190476190474,1.113098136716964,8.881160438712522,High Volume / Problematic
c8b3445d737de6befde0c88ede534a5e,30,30,0.03333333333333333,4.433333333333334,2.114215277777778,9.134104938271605,High Volume / Reliable
c8c1bea22194a4eefa2dc9a9fa89f536,7,7,0.0,5.0,0.635067791005291,7.5619907407407405,Insufficient eligible orders
c8cc60ffd415254af5d9b9f34f32c369,8,8,0.0,4.75,1.1045182291666666,4.361728877314815,Insufficient eligible orders
c8e135e7b21ecbc36c1153a29d2f5a06,7,7,0.0,4.857142857142857,2.5979728835978833,5.5449553571428565,Insufficient eligible orders
c963a25b8671419c6ce9eebe8fd03218,1,1,0.0,5.0,1.4090393518518518,5.344004629629629,Insufficient eligible orders
c97aa4ee7420f937da13b7f9e2228b99,1,1,0.0,1.0,5.16761574074074,5.374039351851851,Insufficient eligible orders
c990d6cf976a5718aaedc539f383ab88,10,8,0.375,3.3,12.762429108796297,6.653512731481482,Insufficient eligible orders
c9a06ece156bb057372c68718ec8909b,14,11,0.0,3.0,2.649837962962963,8.451454124579124,Insufficient eligible orders
c9aafcd0621b2207c10e32c649cada4d,44,40,0.075,4.0227272727272725,2.4826183449074075,5.797949363425926,High Volume / Problematic
c9c7905cffc4ef9ff9f113554423e671,127,127,0.07874015748031496,4.141732283464567,1.6555138521457966,9.07571021070283,High Volume / Problematic
c9d2ba8dde44a275ae06475ed1d2fafc,1,1,0.0,5.0,0.30903935185185183,6.957824074074074,Insufficient eligible orders
c9e5ad1f6647f5dbd1172adf6ae3cada,4,4,0.0,4.75,2.6844212962962963,6.1446730324074075,Insufficient eligible orders
ca3bd7cd9f149df75950150d010fe4a2,71,68,0.014705882352941176,3.9577464788732395,5.4653487769485904,7.37134633714597,High Volume / Reliable
ca4b77513ac2040591b0d8fae6958380,14,14,0.14285714285714285,4.5,2.075551421957672,5.562926587301588,Insufficient eligible orders
ca5832c6960267b71041f74bb39e8b12,1,1,1.0,1.0,29.950081018518517,15.201296296296297,Insufficient eligible orders
ca77545ca4d2dfd1431bf61334e2fa3c,6,6,0.0,4.666666666666667,2.075740740740741,11.032293595679013,Insufficient eligible orders
ca7c6bd577e559472af1c699de9e764e,6,6,0.0,4.333333333333333,1.2444733796296295,3.421857638888889,Insufficient eligible orders
caa9bc43a9fe8cf9c564ddd8a03cc4a6,13,13,0.0,4.461538461538462,2.0200801282051284,6.899374109686609,Insufficient eligible orders
cab85505710c7cb9b720bceb52b01cee,206,201,0.01990049751243781,4.266990291262136,2.6719159411276947,7.073771478256863,High Volume / Reliable
cac4c8e7b1ca6252d8f20b2fc1a2e4af,75,74,0.17567567567567569,3.506666666666667,5.717005802891933,12.085208333333332,High Volume / Problematic
cac4e0bc1a3269fa2b6ea5e763f6115b,2,2,0.0,5.0,3.1808391203703703,6.576348379629629,Insufficient eligible orders
cac63f48c38cd7d002a7e846dcd99a23,10,10,0.0,4.8,1.5307638888888888,5.298709490740741,Insufficient eligible orders
cac876b37d3abcd6bd76caca30277996,27,27,0.0,4.481481481481482,1.3761013176638177,8.261603223593964,High Volume / Reliable
cad10cc982ab6a391570c211b995c17c,1,1,0.0,5.0,,3.0275810185185184,Insufficient eligible orders
cad9969167c09b48ae6f1d123f7fa68d,2,1,0.0,3.0,0.8179861111111111,2.5512384259259258,Insufficient eligible orders
cb0b3bcf14e0a709df412a99424a59d7,2,2,0.0,4.5,5.271307870370371,16.66314236111111,Insufficient eligible orders
cb162c8eef257253782d245c08d9097c,1,1,0.0,5.0,2.9020717592592593,7.734074074074074,Insufficient eligible orders
cb32766839f443db85c82a43c4a6c19e,2,2,0.0,3.0,3.9274305555555555,15.53597800925926,Insufficient eligible orders
cb3dd9ce66268c7a3ca7241ac70ab58c,50,48,0.041666666666666664,4.14,4.724484338061466,8.894740306712963,High Volume / Reliable
cb41bfbcbda0aea354a834ab222f9a59,12,11,0.36363636363636365,3.3333333333333335,7.146143728956229,29.948929924242428,Insufficient eligible orders
cb4a705d00e100b9732d0ca34817d441,1,1,0.0,1.0,3.7533796296296296,20.24363425925926,Insufficient eligible orders
cb5df0dcb9e280b1780e9d589889f2c7,16,11,0.18181818181818182,2.5,7.259931607744107,13.589526515151515,Insufficient eligible orders
cb5ff1b9715e99589f3e0c7a6afab9e3,4,4,0.0,4.0,1.3626880787037037,4.384233217592593,Insufficient eligible orders
cb6c9f5888a7a090c75beaf615925792,11,11,0.0,3.8181818181818183,0.8337142255892256,9.115358796296297,Insufficient eligible orders
cb810bd318f51b3dc3c753944d61a1fa,1,1,0.0,4.0,2.9251388888888887,8.365613425925925,Insufficient eligible orders
cb8bcce248bb1fb274ba762d8b971456,68,66,0.015151515151515152,4.25,1.582222044159544,10.688570952581369,High Volume / Reliable
cb9fb4ca75d7ba8437480e8dde64fe98,10,10,0.0,4.0,1.2898275462962965,7.736130787037037,Insufficient eligible orders
cbbd5ae8f53de5f5097cd8217b529e24,2,1,0.0,2.5,3.670289351851852,17.08971064814815,Insufficient eligible orders
cbd996ad3c1b7dc71fd0e5f5df9087e2,165,160,0.08125,4.109090909090909,1.7139910300925927,10.832680700231482,High Volume / Problematic
cbf09e831b0c11f6f23ffb51004db972,10,10,0.0,4.4,1.8098443930041153,3.4971284722222222,Insufficient eligible orders
cc1f04647be106ba74e62b21f358af25,1,1,0.0,1.0,4.687962962962963,8.044201388888888,Insufficient eligible orders
cc3d14116804f7209f3884f6367f1152,27,27,0.0,4.62962962962963,2.786610939643347,9.816295867626886,High Volume / Reliable
cc419e0650a3c5ba77189a1882b7556a,1706,1651,0.052695336159903086,4.060961313012895,2.398660944320688,8.732251665657177,High Volume / Reliable
cc5a78bbad32776dc4e3af205218368c,33,33,0.030303030303030304,4.454545454545454,1.3435988355780024,6.620910143097643,High Volume / Reliable
cc63f0dd2acba93ffed4fe9f8e0321fa,55,55,0.0,4.090909090909091,1.662917297979798,6.974865319865319,High Volume / Reliable
cc80e2f693fa6e2408f47ccf62413fc1,2,2,0.0,4.0,3.2045659722222224,10.938206018518517,Insufficient eligible orders
cca3071e3e9bb7d12640c9fbe2301306,712,699,0.04864091559370529,3.811797752808989,3.507319000827196,10.252567093201929,High Volume / Reliable
ccada0ef508e698917a6eab263375905,3,3,0.0,3.6666666666666665,1.0233449074074075,8.526111111111112,Insufficient eligible orders
ccb83a794700270fde70898fe9ff368b,12,12,0.16666666666666666,4.333333333333333,1.5785368441358025,14.659679783950617,Insufficient eligible orders
ccbd753e6863fe7314dc6c0ca5a074e7,1,1,0.0,4.0,0.7568171296296297,11.09275462962963,Insufficient eligible orders
ccc4bbb5f32a6ab2b7066a4130f114e3,187,184,0.06521739130434782,4.288770053475936,2.8645158602971104,12.535314512882449,High Volume / Reliable
cce6ab8d1682639fe45ab70234f1665f,63,61,0.03278688524590164,4.412698412698413,6.665563145112325,8.348839556769885,High Volume / Reliable
ccf8813e5a7d6c84d865cd38bfc2b130,26,26,0.038461538461538464,4.384615384615385,1.8504825498575497,9.374907407407408,High Volume / Reliable
cd06602b43d8800bd0afad514919d35c,44,43,0.046511627906976744,3.6818181818181817,3.9677678571428574,8.269003552971576,High Volume / Reliable
cd2169d9f31ff6fbb9ca3373b0c9e354,1,1,0.0,4.0,0.791863425925926,14.347905092592592,Insufficient eligible orders
cd233f8bfa30ebfd651f47ee7d054951,1,1,0.0,5.0,1.8762847222222223,6.457349537037037,Insufficient eligible orders
cd3d09fbe6e3e9ff0c0ac0c300e93ae7,12,12,0.08333333333333333,4.166666666666667,1.6141319444444446,9.774080825617284,Insufficient eligible orders
cd52a8efd71af3336b14b5039b951cc1,3,2,0.0,2.3333333333333335,1.1913425925925925,9.996354166666666,Insufficient eligible orders
cd68562d3f44870c08922d380acae552,125,122,0.1557377049180328,3.928,3.3155583067698844,12.5805293715847,High Volume / Problematic
cd6efc47efaabf134f8bdb654e10b4f1,31,31,0.06451612903225806,4.483870967741935,1.1579493933588763,7.215969235364397,High Volume / Reliable
cd843d4cf8ef32827de0396605163ba3,5,5,0.0,3.8,5.358020833333333,10.693787037037037,Insufficient eligible orders
cda598c48d7c614bc1cad7d8ff6f0010,17,17,0.0,4.0588235294117645,1.1534328703703705,6.737500680827886,Insufficient eligible orders
ce20a2ec1514c25e16f2b5b39bc818f0,4,4,0.0,4.75,2.723564814814815,11.50379050925926,Insufficient eligible orders
ce248b21cb2adc36282ede306b7660e5,65,64,0.078125,4.184615384615385,1.7334101924189815,13.382536349826388,High Volume / Problematic
ce27a3cc3c8cc1ea79d11e561e9bebb6,135,122,0.01639344262295082,3.8074074074074074,2.848988739799121,7.004913479052823,High Volume / Reliable
ce33c6211beaa8fef4cae8b52db39862,1,1,0.0,3.0,1.290474537037037,15.930081018518518,Insufficient eligible orders
ce3ad9de960102d0677a81f5d0bb7b2d,1,1,0.0,5.0,0.817488425925926,3.207685185185185,Insufficient eligible orders
ce4755084bc097113867e6454f8f5e52,1,1,0.0,5.0,1.8577893518518518,4.508009259259259,Insufficient eligible orders
ce616e1913288884e7742faac9d981db,15,14,0.07142857142857142,4.466666666666667,1.7737905092592592,4.894668485449736,Insufficient eligible orders
ce69a8021d18961dd2a40269b7c2c293,19,19,0.05263157894736842,4.473684210526316,1.3405266203703705,8.70411488791423,Insufficient eligible orders
ce7d1888639e6fb06b2749cbfdac1ff7,78,78,0.08974358974358974,4.166666666666667,2.1975910894660893,12.029785137701804,High Volume / Problematic
cea729054f157f5870bdd321a958d994,24,24,0.041666666666666664,4.125,1.0877130681818181,5.8387254050925925,High Volume / Reliable
ceaec5548eefc6e23e6607c5435102e7,203,198,0.050505050505050504,4.12807881773399,2.720669642857143,9.844933069117097,High Volume / Reliable
ceb7b4fb9401cd378de7886317ad1b47,1,0,,3.0,,,Insufficient eligible orders
cecd97bc34ed8330bd4cd15713eda670,1,1,0.0,1.0,1.8198842592592592,5.308252314814815,Insufficient eligible orders
cee48807215b30a12ca2ca10ffb5f250,39,39,0.1282051282051282,3.769230769230769,11.52798522079772,11.697215099715098,High Volume / Problematic
cf1313c6e2c01c2f4b014f97db4bcd2b,5,5,0.0,5.0,1.5876805555555555,6.213446759259259,Insufficient eligible orders
cf2384dd2f1dddea3f838efed0945e65,16,16,0.0,3.9375,2.629615885416667,10.831279658564815,Insufficient eligible orders
cf281cf8b7affbdfe751b29cc85580e1,1,0,,1.0,,,Insufficient eligible orders
cf654707ed6a99f112c7ec3d6f314b8b,3,3,0.0,4.666666666666667,3.6948225308641973,1.2148649691358024,Insufficient eligible orders
cf6f6bc4df3999b9c6440f124fb2f687,1,0,,5.0,,,Insufficient eligible orders
cf8ab1616079e2793aa29d524df01bb1,9,6,0.16666666666666666,2.0,15.641068672839507,10.168624614197531,Insufficient eligible orders
cfa5ab0e4d3fc212fd0b3410e7081c62,16,15,0.0,3.6875,3.3026990740740745,8.334270061728395,Insufficient eligible orders
cfb1a033743668a192316f3c6d1d2671,147,143,0.0979020979020979,3.9659863945578233,3.535757775821596,8.295518405205906,High Volume / Problematic
cfd7ddab722b902f7ac5b5f3ba6d723d,12,12,0.0,4.75,0.8369013047138048,4.5740769675925925,Insufficient eligible orders
cfe94489ddd337d1e29e12f2a7205d10,20,20,0.05,4.3,1.9473854166666666,4.70310300925926,High Volume / Reliable
d03698c2efd04a549382afa6623e27fb,18,18,0.05555555555555555,4.5,2.4147678755144035,11.66748521090535,Insufficient eligible orders
d05ae8f7a5bd1d2a690a44cd079e4e27,78,77,0.06493506493506493,3.8205128205128207,2.284479467291967,8.742990620490621,High Volume / Reliable
d06d019f72a04e5497a0b64190af170c,17,17,0.0,4.529411764705882,1.9322617102396515,6.280291394335513,Insufficient eligible orders
d0d70d21e2234dd7cd3cf63fe414148a,8,8,0.0,4.25,1.8518880208333333,7.129074074074074,Insufficient eligible orders
d101c6da914ae3d53f7bee42283f2fe2,13,13,0.07692307692307693,3.6153846153846154,2.9473130341880345,9.745117521367522,Insufficient eligible orders
d12c926d74ceff0a90a21184466ce161,78,76,0.013157894736842105,4.346153846153846,1.398762962962963,7.192987962962963,High Volume / Reliable
d13e50eaa47b4cbe9eb81465865d8cfc,67,66,0.09090909090909091,4.82089552238806,1.2538878038194445,3.5199026725589224,High Volume / Problematic
d149de2f383552baea37a7198c2296ce,3,3,0.0,5.0,1.638005401234568,2.914151234567901,Insufficient eligible orders
d1582f4043306e6b91afa6a8a884f898,9,9,0.1111111111111111,4.111111111111111,1.6644573045267488,10.159242541152263,Insufficient eligible orders
d17f467e4bf608a510c20d82f4ba3b6b,12,11,0.18181818181818182,4.0,4.875973274410774,6.5769181397306395,Insufficient eligible orders
d180e07dc1e58c31c3f0cd599dc4d945,1,1,0.0,3.0,0.3515740740740741,7.636238425925926,Insufficient eligible orders
d197aa8fbc64087f61984deef05f6227,6,6,0.0,4.833333333333333,2.9191936728395063,3.771832561728395,Insufficient eligible orders
d1a1b40ec554c593a1a99366746289dd,1,0,,2.0,,,Insufficient eligible orders
d1a5cc844736958c11b8efab9a2b4c87,1,1,1.0,1.0,22.38795138888889,7.891203703703703,Insufficient eligible orders
d1aa1ec0839dcab73a6161130eb1f94a,1,1,1.0,4.0,13.413842592592593,19.82383101851852,Insufficient eligible orders
d1b65fc7debc3361ea86b5f14c68d2e2,40,39,0.02564102564102564,4.55,1.6728276353276352,7.012288698955365,High Volume / Reliable
d1b9d4be4b6f9ebd85f8acd6745ba612,11,11,0.0,4.181818181818182,3.842760942760943,6.555771254208754,Insufficient eligible orders
d1c281d3ae149232351cd8c8cc885f0d,215,214,0.06542056074766354,3.772093023255814,1.6671559294035818,10.566726484077535,High Volume / Reliable
d1c7fa84e48cfa21a0e595167c1c500e,12,12,0.0,4.333333333333333,1.8598431069958847,9.625746527777778,Insufficient eligible orders
d1e2fe627180431ffda076abb303c56f,1,0,,1.0,,,Insufficient eligible orders
d1ef48b38baca7e831711c4a0aeb398f,29,28,0.07142857142857142,4.448275862068965,1.5785379464285714,8.126049933862435,High Volume / Problematic
d20b021d3efdf267a402c402a48ea64b,90,86,0.16279069767441862,3.688888888888889,3.693921544312169,13.057750861326442,High Volume / Problematic
d23019c84ffae2d5ef2270367b8605fc,39,39,0.02564102564102564,4.410256410256411,2.1121774097815766,8.595629154795821,High Volume / Reliable
d2374cbcbb3ca4ab1086534108cc3ab7,524,514,0.05252918287937743,3.7442748091603053,4.1920129620587385,10.028217187274823,High Volume / Reliable
d2572f31e9023e9850ef986a636ff9bf,1,1,0.0,5.0,2.1110300925925927,7.993935185185185,Insufficient eligible orders
d25aa0aaacb370e912f8cf6efeba38b3,17,17,0.058823529411764705,4.470588235294118,1.178458605664488,7.3911887254901965,Insufficient eligible orders
d263fa444c1504a75cbca5cc465f592a,1,1,0.0,5.0,0.15940972222222222,9.314988425925925,Insufficient eligible orders
d26aa40b90272d4843d63be7c1462c8d,2,2,0.0,4.5,0.5248032407407408,3.272806712962963,Insufficient eligible orders
d297f1055de2956aedfd3b04113dce3e,1,1,0.0,4.0,1.3373958333333333,1.2364930555555556,Insufficient eligible orders
d29ba1220fb8634fa3a107e54497b8a4,9,9,0.0,3.2222222222222223,1.1941370884773663,5.102236368312757,Insufficient eligible orders
d2df77822373f19934e87694d8640767,2,2,0.0,3.0,12.689363425925926,8.705480324074074,Insufficient eligible orders
d2e753bb80b7d4faa77483ed00edc8ca,14,14,0.07142857142857142,3.7142857142857144,1.993012566137566,10.540000000000001,Insufficient eligible orders
d2f3e277560ed4c6361284429b00f037,7,7,0.0,4.714285714285714,1.303655753968254,5.94328373015873,Insufficient eligible orders
d32e3909cfb714fb2a6cb092c85b9c5f,10,10,0.2,3.5,10.990796296296296,11.359950231481482,Insufficient eligible orders
d354c38a7182125a748cb10474fe963b,18,17,0.058823529411764705,4.111111111111111,4.326724537037037,8.787580337690633,Insufficient eligible orders
d3674f271c91f824f82d24d92011f669,20,20,0.1,4.1,1.7773842592592595,11.80346412037037,High Volume / Problematic
d36b07fd3c5088e477a72d1fccfe29d4,1,1,0.0,5.0,2.165960648148148,11.062893518518518,Insufficient eligible orders
d379f449f2a3b271bc01c0782020f705,28,28,0.03571428571428571,3.892857142857143,1.9875434027777779,11.048566468253968,High Volume / Reliable
d3891911c2feae53c52fea2bd14054e5,2,2,0.0,5.0,0.38905092592592594,3.2797685185185186,Insufficient eligible orders
d3dcf0604eabf0224fbd5948b5e02f69,9,9,0.3333333333333333,3.888888888888889,1.7452456275720165,15.72568930041152,Insufficient eligible orders
d3e7d37c0df9aef383f3f2a15b0dddfb,1,1,0.0,5.0,2.1486342592592593,9.942222222222222,Insufficient eligible orders
d3f39f05462b79a4562d35893a28f159,34,33,0.12121212121212122,3.6470588235294117,1.1738506593714926,10.348986742424243,High Volume / Problematic
d4828feed4cda2cd9d6b37899a95a71e,1,1,0.0,2.0,0.3123611111111111,13.186574074074073,Insufficient eligible orders
d4910f1cdcfdabd48d6b316e395d4a23,11,11,0.0,4.909090909090909,2.043199074074074,3.6300420875420873,Insufficient eligible orders
d4a5e99e0dd915df64ba55a7fbd583fd,2,2,0.0,3.0,4.981290509259259,7.593715277777777,Insufficient eligible orders
d4d99b60c4c94cd35acd502cec65dc8d,1,1,0.0,3.0,15.52675925925926,3.011875,Insufficient eligible orders
d4e12e7884759a14fa0f5f896c791cae,29,29,0.06896551724137931,4.620689655172414,1.6616881613756613,6.282871966794381,High Volume / Problematic
d4e4b5192cba4e0e66eb12a9d347239d,12,11,0.0,4.166666666666667,2.8339372895622894,10.197160143097644,Insufficient eligible orders
d4f117125b59ce73c3302f88ee40c458,17,17,0.0,4.823529411764706,1.6483333333333334,5.757421023965142,Insufficient eligible orders
d4f91e8be86b38da2ee35bc489645a9d,1,1,0.0,5.0,16.183530092592594,1.0,Insufficient eligible orders
d4ffeb15b67e81ff9af2b4252d99fb7e,11,11,0.0,4.0,1.45475,7.560635521885522,Insufficient eligible orders
d50d79cb34e38265a8649c383dcffd48,70,70,0.04285714285714286,4.214285714285714,1.6615226521164022,11.195778482286634,High Volume / Reliable
d51e0a403fe2e689ece6c73359d96e12,19,18,0.1111111111111111,4.105263157894737,2.413240740740741,11.147561085390947,Insufficient eligible orders
d52cbce9845184537284a23c3bc3da0e,2,2,0.0,5.0,3.0661400462962964,6.951712962962963,Insufficient eligible orders
d558ebe531605a1285ab2b1bc3256dfb,3,3,0.0,4.666666666666667,2.1050694444444447,7.072426697530864,Insufficient eligible orders
d566c37fa119d5e66c4e9052e83ee4ea,65,65,0.0,4.630769230769231,1.034877700617284,4.411374287749287,High Volume / Reliable
d57e18d5f73c7ccb7f7339b61166898d,61,61,0.0,4.426229508196721,1.40205574845679,7.390076085306618,High Volume / Reliable
d58d521f3789def2e7a22715e0badd93,2,2,0.0,3.5,2.0961747685185186,2.410520833333333,Insufficient eligible orders
d594982fd877af63ace38ea1fca27c76,7,7,0.0,4.428571428571429,2.3220003858024687,4.860474537037037,Insufficient eligible orders
d598f929fc44e1e38678e7f47250ec04,1,1,0.0,5.0,4.827337962962963,6.397662037037037,Insufficient eligible orders
d5b9a084373da994a6e37f732169a853,7,7,0.14285714285714285,3.5714285714285716,6.41266865079365,10.933473875661376,Insufficient eligible orders
d5ba419e26d246a0719437cf37d9b46d,34,33,0.09090909090909091,3.911764705882353,2.156088664421998,7.3210072951739615,High Volume / Problematic
d5c530f4884a75ae0dba9c148718d278,6,5,0.2,3.5,2.4442962962962964,7.805421296296297,Insufficient eligible orders
d624126b9206f595fb3fbb6ba03b28a8,23,23,0.043478260869565216,4.304347826086956,2.44637676366843,8.682971014492754,High Volume / Reliable
d63c73efd41eb002280e7ec831424edb,2,2,0.0,4.0,0.6708912037037037,5.615283564814815,Insufficient eligible orders
d63f306de130e0391d38a792541723b8,1,1,0.0,5.0,2.299675925925926,0.8602430555555556,Insufficient eligible orders
d650b663c3b5f6fb392b6326366efa9a,60,57,0.05263157894736842,4.2,1.4629472552910054,8.075986029889538,High Volume / Reliable
d65f31d2413268e671989503f6cf9993,2,0,,1.0,,,Insufficient eligible orders
d66c11a9572221d92fbb8c4897db5f9b,16,16,0.0,4.5625,1.6283256172839506,6.652373408564815,Insufficient eligible orders
d66c305afaec317ebee552073a674429,41,38,0.02631578947368421,4.2926829268292686,3.1122103435672517,6.4133829800194935,High Volume / Reliable
d673a59aac7a70d8b01e6902bf090a11,79,79,0.0759493670886076,3.911392405063291,1.936444805194805,11.905622509376466,High Volume / Problematic
d6ab728cf30867cf3f1a2e216ae2f9b7,12,12,0.0,4.416666666666667,1.6487114197530863,8.868977623456791,Insufficient eligible orders
d6b1ce66b035a475f00c017792ff9769,92,92,0.05434782608695652,4.217391304347826,2.160894129019129,7.38938896437198,High Volume / Reliable
d6b664fa0667064c6d76394e7848d790,6,6,0.0,4.833333333333333,3.9534837962962968,13.073775077160493,Insufficient eligible orders
d6cd01c59123df02fc226eadbadb5f89,2,1,0.0,3.0,10.928078703703704,7.569155092592593,Insufficient eligible orders
d71d863e5ef30d94e440c11be17dcd8f,29,23,0.13043478260869565,2.7586206896551726,10.668745974235105,8.396912741545894,High Volume / Problematic
d73cbd89533ce8b041a9190241453ac8,4,3,0.0,3.5,1.4112962962962963,10.794749228395062,Insufficient eligible orders
d7485b33791774c36108f8c69602d48d,10,10,0.1,3.7,1.3257939814814814,7.141230324074074,Insufficient eligible orders
d7827b2af99326a03b0ed9c7a24db0d3,1,1,0.0,5.0,5.162743055555556,8.67806712962963,Insufficient eligible orders
d79e8478eed9999493990b44955fb22e,5,5,0.2,4.2,0.5541290509259259,7.516979166666667,Insufficient eligible orders
d7ab82074b5f1dfba46db123df101bff,2,2,0.0,4.5,1.3828530092592592,4.523894675925925,Insufficient eligible orders
d7b2377bae6ace1b11fc69a11900ac36,4,3,0.3333333333333333,3.25,3.140821759259259,16.394864969135803,Insufficient eligible orders
d7d517afce974cd491b8d52bb5b5b1fc,1,1,0.0,4.0,5.44363425925926,8.0934375,Insufficient eligible orders
d7f1cfc638473be93baedbfd02208016,1,1,0.0,5.0,4.076099537037037,7.43099537037037,Insufficient eligible orders
d85efbc8eff2b7adf524e2820569adc8,1,1,0.0,5.0,1.839212962962963,1.0887037037037037,Insufficient eligible orders
d8b8f2cf9ff6ba0389072541cb42498c,1,1,0.0,5.0,1.0161921296296297,11.122928240740741,Insufficient eligible orders
d8bf0fc082fd4a77fc2e5679b6c00133,1,1,0.0,5.0,0.0893287037037037,6.993993055555555,Insufficient eligible orders
d8c7ba53e7e38711eaef8c2849d6d2e1,22,22,0.0,4.5,1.251171611952862,6.207910353535354,High Volume / Reliable
d8cf3b6a2151949f930d0252b180ec42,6,6,0.0,3.5,1.3388213734567902,4.954097222222223,Insufficient eligible orders
d8d9567d0bfb0bc7eb845a205ba42657,4,4,0.25,3.5,1.4614641203703704,11.669033564814816,Insufficient eligible orders
d8dd176509baa37f359644d082bf7f7b,2,2,1.0,1.5,8.19353587962963,21.383663194444445,Insufficient eligible orders
d90fe2229fee1a5da999ccd0c06c1667,3,3,0.0,4.666666666666667,0.2958757716049383,9.03897762345679,Insufficient eligible orders
d91fb3b7d041e83b64a00a3edfb37e4f,535,524,0.03816793893129771,4.065420560747664,2.814234399769419,8.134817951300537,High Volume / Reliable
d921b68bf747894be13a97ae52b0f386,77,77,0.012987012987012988,4.558441558441558,1.244527207001522,8.549884860509861,High Volume / Reliable
d93844a9c55ba7ce353388bcf849ea56,12,12,0.0,4.25,5.582000385802469,10.635413773148148,Insufficient eligible orders
d93919c944be9cff128f6c9cb899eacb,33,33,0.15151515151515152,4.0,5.198548330527497,17.328813832772166,High Volume / Problematic
d93b8458c6fe139d85cfa5eadbf55bd2,1,1,0.0,5.0,1.7618634259259258,4.207928240740741,Insufficient eligible orders
d9442042130b7fe579d1295f9f4a248f,19,19,0.05263157894736842,4.368421052631579,4.355645711500975,6.123090277777778,Insufficient eligible orders
d94a40fd42351c259927028d163af842,101,100,0.03,4.148514851485149,2.5780609882842027,11.102542592592592,High Volume / Reliable
d94ba08b99bedd6a5f6c875ecc4a6fac,9,8,0.0,4.777777777777778,2.3964713541666667,9.787743055555556,Insufficient eligible orders
d97df38225e5abadaff1e72cb72b823c,29,28,0.14285714285714285,3.8620689655172415,1.857823660714286,10.162423941798943,High Volume / Problematic
d98eec89afa3380e14463da2aabaea72,168,168,0.023809523809523808,4.321428571428571,2.216872768853191,6.015109471450617,High Volume / Reliable
d9a84e1403de8da0c3aa531d6d108ba6,54,53,0.05660377358490566,4.518518518518518,0.9910318396226415,6.18092068483578,High Volume / Reliable
d9b00a97818674c7f8d8b1ef0e689679,1,1,0.0,3.0,1.0026967592592593,1.1879398148148148,Insufficient eligible orders
d9bd94811c3338dceb4181f3dbc0c73e,54,54,0.05555555555555555,4.796296296296297,1.3590206018518518,6.419308127572016,High Volume / Reliable
d9c349beabc06aa6ff1c6d68b5e9e22e,1,1,0.0,5.0,7.1714467592592595,12.158923611111112,Insufficient eligible orders
d9cb0052a666de5308b32f32ad5f1b1c,3,3,0.0,3.6666666666666665,2.408896604938272,10.13948688271605,Insufficient eligible orders
d9cd369bffa979d1634f8e1318bf2f1b,3,3,0.0,5.0,0.7752314814814815,9.920733024691357,Insufficient eligible orders
d9d43faf741ceaa8da52fdbb81d9e0e3,6,4,0.0,3.6666666666666665,2.5464785879629632,6.155023148148148,Insufficient eligible orders
d9e7e7778b32987280a6f2cb9a39c57d,11,11,0.18181818181818182,3.5454545454545454,4.121240740740741,14.503512205387205,Insufficient eligible orders
d9e8c084b68fe958861d8f2c21202e6b,9,9,0.0,4.333333333333333,2.4779436728395066,6.876508487654322,Insufficient eligible orders
da03c298e3999e9d828591fc2179d109,4,4,0.0,4.75,3.6178211805555556,5.843721064814814,Insufficient eligible orders
da20530872245d6cd9d2f5725613c430,2,2,0.0,4.5,2.7387152777777777,7.5077893518518515,Insufficient eligible orders
da2782c804606d2a5d8e1760dbb3e7ec,1,1,1.0,1.0,8.881585648148148,23.888912037037038,Insufficient eligible orders
da3fede3469bf49b7293ce3fc45b294d,1,1,0.0,5.0,5.286076388888889,5.942245370370371,Insufficient eligible orders
da4d149c0ddbac90557103ac0a0ec356,1,0,,3.0,,,Insufficient eligible orders
da6a60cc8cc724fe51be021ff8be779c,12,12,0.0,4.75,2.057734375,5.74782600308642,Insufficient eligible orders
da7039f29f90ce5b4846ffc0fcc93beb,17,17,0.058823529411764705,4.529411764705882,1.0423103632478632,7.87657475490196,Insufficient eligible orders
da8622b14eb17ae2831f4ac5b9dab84a,1314,1311,0.06636155606407322,4.1697108066971085,2.2976263158084214,8.491726003675431,High Volume / Reliable
dace965ca58120f92f8d742a9fa1864b,8,8,0.0,4.625,2.3961400462962965,5.478914930555556,Insufficient eligible orders
dadc51ef321949ec9a3ab25cd902e23d,1,0,,1.0,,,Insufficient eligible orders
daeb5653dd96c1b11860f72209795012,40,38,0.07894736842105263,4.05,2.388995558058058,9.171303606237817,High Volume / Problematic
daf565f087a52def0fd5c5825b3661bc,9,9,0.0,3.3333333333333335,1.4925861625514405,7.430444958847736,Insufficient eligible orders
db1f0f7c7e5e87f40b62226f020bb297,3,3,0.0,4.666666666666667,1.5041473765432098,7.866670524691358,Insufficient eligible orders
db2956745b3a8e9f3785c99f34b5d25e,47,45,0.08888888888888889,3.765957446808511,6.936574337121212,6.967038065843622,High Volume / Problematic
db4350fd57ae30082dec7acbaacc17f9,137,136,0.03676470588235294,4.145985401459854,1.8017189643347051,8.391515097358388,High Volume / Reliable
db46ca7bce82b11f7e247539271fc390,16,16,0.0,4.5625,1.9505362654320988,5.759915364583334,Insufficient eligible orders
db6a4d4b5f1f5f98820ce6ce2619e2de,1,1,0.0,5.0,0.5906944444444444,1.914224537037037,Insufficient eligible orders
db7ed69a53aa9fb1c01930ba54a88bbe,1,1,0.0,5.0,2.5096180555555554,1.1234722222222222,Insufficient eligible orders
dbb9b48c841a0e39e21f98e1a6b2ec3e,108,108,0.037037037037037035,4.268518518518518,1.8854074723087573,7.516305191186557,High Volume / Reliable
dbbcfe2c8d026742134ac3e28ccde274,4,4,0.0,4.0,3.7390711805555554,4.5307407407407405,Insufficient eligible orders
dbc22125167c298ef99da25668e1011f,406,394,0.025380710659898477,4.263546798029557,1.1082171695193888,10.036071659381463,High Volume / Reliable
dbc51f5e45d654ecc16cb68e6817ecea,1,1,0.0,4.0,7.55318287037037,10.179884259259259,Insufficient eligible orders
dbd66278cbfe1aa1000f90a217ca4695,85,85,0.03529411764705882,4.5058823529411764,0.9380473282016958,7.773594226579521,High Volume / Reliable
dbdd0ec73a4817971d962698f2fea022,16,16,0.0625,4.375,0.8740964506172839,11.111426504629629,Insufficient eligible orders
dbec9a0a7efeff029d4d9dce7dc4cc95,3,3,0.0,4.0,2.5300810185185187,9.375829475308642,Insufficient eligible orders
dc120d932ddf9d4dfb6fd68beefda622,1,1,0.0,1.0,1.1595717592592591,13.472534722222223,Insufficient eligible orders
dc317f341ab0e22f39acbd9dbf9b4a1f,55,55,0.05454545454545454,4.1454545454545455,2.5733251262626267,9.385736321548821,High Volume / Reliable
dc4a0fc896dc34b0d5bfec8438291c80,231,225,0.06666666666666667,3.774891774891775,3.6805370370370367,9.892062139917694,High Volume / Reliable
dc50afafdfa325eadc890c7fa42a8f4e,4,4,0.0,4.75,1.1378009259259259,4.940225694444445,Insufficient eligible orders
dc64d75cc406bb0697be983831430e60,4,4,0.0,4.75,0.4764583333333333,9.605769675925925,Insufficient eligible orders
dc7192adf8ba09569261f4a8d576afe0,7,7,0.0,3.857142857142857,1.460229552469136,4.845162037037037,Insufficient eligible orders
dc8798cbf453b7e0f98745e396cc5616,41,35,0.05714285714285714,3.048780487804878,7.395642195767196,5.50300958994709,High Volume / Reliable
dcb7367a92f5ffb89f1e2152ed260285,1,1,0.0,5.0,2.2605787037037035,7.801319444444444,Insufficient eligible orders
dcf3755cefcdc158ad0b7bdde51e871b,3,3,0.0,4.333333333333333,2.934158950617284,10.30644675925926,Insufficient eligible orders
dd264199fc8b687ad029de7de6d760e6,1,1,0.0,5.0,7.954398148148148,10.055034722222222,Insufficient eligible orders
dd2bdf855a9172734fbc3744021ae9b9,108,105,0.05714285714285714,3.8055555555555554,5.49260901675485,9.485099647266315,High Volume / Reliable
dd39ad39b5d3df33037e141c72497ba6,2,2,0.0,5.0,1.4411284722222222,7.209461805555556,Insufficient eligible orders
dd4d95ba2d15c071e6c695e2ef6ce169,4,4,0.5,4.25,3.6986805555555557,10.089513888888888,Insufficient eligible orders
dd533b429f380718b70ad9922c294bae,41,39,0.10256410256410256,3.7804878048780486,3.991141678537512,12.488315823836658,High Volume / Problematic
dd5450b022b2d00a2145a66331e1aef6,1,1,0.0,5.0,0.10177083333333334,7.070057870370371,Insufficient eligible orders
dd55f1bb788714a40e7954c3be6df745,35,35,0.17142857142857143,3.742857142857143,3.268533068783069,14.39077943121693,High Volume / Problematic
dd58ee93286b0821565574c570e9e1dc,2,2,0.0,5.0,7.0671990740740736,4.147002314814815,Insufficient eligible orders
dd7ddc04e1b6c2c614352b383efe2d36,122,121,0.12396694214876033,3.8278688524590163,6.65190557484568,8.141298128858024,High Volume / Problematic
dd88d13bea9e4c2bf47daf224f8141e5,1,1,0.0,5.0,1.737951388888889,3.9235069444444446,Insufficient eligible orders
dd8a29ce82d5c705ba932d81494600a5,2,2,0.0,3.5,3.5967708333333337,3.56921875,Insufficient eligible orders
dd9661d3cda1e6feb237f0c4d8b26f2e,1,1,0.0,5.0,5.383657407407408,12.803564814814814,Insufficient eligible orders
dda37071807e404c5bb2a1590c66326f,1,1,0.0,5.0,0.7899884259259259,15.425428240740741,Insufficient eligible orders
ddd51ae8cda92f3995a51fc0f0f3eec7,8,8,0.0,4.625,1.3393898809523808,6.576222511574074,Insufficient eligible orders
dde698c6d0bd24834c586e5111c2bba7,1,1,0.0,5.0,0.3957407407407407,6.300509259259259,Insufficient eligible orders
de09d00cfc265b8804c7df34075a68fa,3,3,0.0,3.3333333333333335,1.318479938271605,4.803680555555556,Insufficient eligible orders
de0c78824586e9a5f5f04fd84e25df39,14,14,0.0,4.642857142857143,0.8557941595441595,5.503792162698413,Insufficient eligible orders
de23c3b98a88888289c6f5cc1209054a,164,161,0.07453416149068323,4.2560975609756095,2.233644675925926,8.503744464573268,High Volume / Problematic
de66a66f2dd06bb9ec37aa96987466a3,7,7,0.0,4.142857142857143,6.469940476190476,8.461790674603176,Insufficient eligible orders
de722cd6dad950a92b7d4f82673f8833,339,337,0.03560830860534125,4.274336283185841,1.590145202020202,10.63319746675459,High Volume / Reliable
de9727ca376d1be6ec121b110aa7954c,10,9,0.1111111111111111,3.8,3.3138425925925925,7.879976851851852,Insufficient eligible orders
deaadd805612bf94faaa9fa702516e11,1,0,,1.0,,,Insufficient eligible orders
debe6615cd90cc0c2eac2b8988e1f628,5,5,0.0,4.6,0.7447685185185186,10.276449074074074,Insufficient eligible orders
dedcab67899479e4ea5dcc4eba47f587,2,2,0.0,4.5,2.0830208333333333,2.8333622685185187,Insufficient eligible orders
dee656f0f566ed1aa85bd137c943f08f,93,92,0.043478260869565216,4.333333333333333,1.3917294238683129,10.845597197061192,High Volume / Reliable
df0f42bc4c2142eacf0eaf2cffd0cfbb,14,14,0.0,4.142857142857143,4.329208002645503,9.475512566137565,Insufficient eligible orders
df47da4ae86fa4db890d05aaf24e21d8,5,5,0.0,4.2,0.7815486111111112,5.253261574074074,Insufficient eligible orders
df560393f3a51e74553ab94004ba5c87,28,26,0.07692307692307693,3.6785714285714284,6.519079861111111,11.72246794871795,High Volume / Problematic
df56d7b40d437f88407c5f78b63bc328,22,22,0.045454545454545456,4.090909090909091,2.0085569234006737,10.37187342171717,High Volume / Reliable
df683dfda87bf71ac3fc63063fba369d,1,1,1.0,1.0,3.462997685185185,186.40016203703703,Insufficient eligible orders
df91910b6a03bb2e3358fa6a35e32f6f,14,13,0.0,4.357142857142857,2.421850887345679,6.585529736467237,Insufficient eligible orders
dfa0c4c6229ab200a4a1336b4d7128ff,77,77,0.012987012987012988,4.0,0.7656816961889426,8.777301737614238,High Volume / Reliable
dfc475d54e1b6dbeeb7d7d9bdaa63827,19,18,0.0,4.315789473684211,5.769738562091503,7.323863811728395,Insufficient eligible orders
dfc5fb7259bb2b599ca565e6e9448f0f,33,33,0.030303030303030304,4.121212121212121,3.5200883838383836,9.261771885521885,High Volume / Reliable
dff87e4de60c9736ce8df835951b09bc,2,0,,2.5,,,Insufficient eligible orders
e00d85ce20ea50c1224c66ca5050527d,1,1,0.0,4.0,0.5978356481481482,0.8264236111111111,Insufficient eligible orders
e0482f2c769468c3bbcd8a01e09d98c5,1,1,0.0,4.0,2.4115277777777777,3.4865856481481483,Insufficient eligible orders
e0487761face83d64fcada2408959a36,2,2,0.0,4.5,1.8166898148148147,1.7119444444444443,Insufficient eligible orders
e067ad2c1c0b48758eb1b5228bcf7a68,54,54,0.07407407407407407,4.148148148148148,5.756727323388203,8.922158564814815,High Volume / Problematic
e06f09ec0a4aca210779cf1cfc63cf19,29,29,0.06896551724137931,3.9655172413793105,5.998592752234993,8.473421136653895,High Volume / Problematic
e0878efa0e0b7e5313ac0b43bc04c081,27,26,0.15384615384615385,3.5185185185185186,2.5277462962962964,15.189060274216523,High Volume / Problematic
e09887ca8c7bf8a4621ce481820414ef,3,2,0.5,2.3333333333333335,53.35664930555556,3.0444618055555557,Insufficient eligible orders
e0a366315b1b726b6c7832d664c0f530,43,43,0.023255813953488372,4.3023255813953485,1.3900394069664903,6.330758774763135,High Volume / Reliable
e0a3c37054ade6478d923a6efc10f308,2,2,0.0,5.0,1.692824074074074,6.649461805555555,Insufficient eligible orders
e0b162a693bc7f9eab00f783a31d60ea,1,1,0.0,5.0,0.041574074074074076,11.033888888888889,Insufficient eligible orders
e0eabded302882513ced4ea3eb0c7059,8,8,0.0,4.625,2.666589988425926,8.527099247685186,Insufficient eligible orders
e116c7455dd26a4d8c3e92532583905f,1,0,,4.0,,,Insufficient eligible orders
e1643dff33666ca629e3644c02738179,3,3,0.0,4.333333333333333,0.804309413580247,2.468371913580247,Insufficient eligible orders
e174dc2de86d60fee178170a154c05e7,1,0,,1.0,,,Insufficient eligible orders
e1a210d482714ce337763a19aef94ba4,1,0,,1.0,,,Insufficient eligible orders
e1b12447a7563944843191754aeb5562,9,9,0.2222222222222222,4.444444444444445,1.3664763374485596,12.598418209876543,Insufficient eligible orders
e1bed63d68ac36fe1f3061befe196af5,1,1,0.0,5.0,0.42314814814814816,8.141168981481481,Insufficient eligible orders
e1c76f339ebd5460999f25a2aa8c92c5,1,1,0.0,5.0,5.126273148148148,23.949189814814815,Insufficient eligible orders
e1dc0754bada9ee4cfe9713f22f61292,12,12,0.0,3.8333333333333335,0.8247022306397306,7.083901427469136,Insufficient eligible orders
e21a1e8be4715b0fcfd5385643bc49c4,21,20,0.0,3.6666666666666665,6.133346643518519,10.384673611111111,High Volume / Reliable
e24d3429d294b2eb200b064ebb035879,19,19,0.05263157894736842,4.2631578947368425,0.7067238136574074,6.8468817007797265,Insufficient eligible orders
e24fc9fcd865784fb25705606fe3dfe7,52,51,0.0784313725490196,4.173076923076923,1.6967749183006537,10.610756626724765,High Volume / Problematic
e250d617a0ad591ba9bd663e584a895d,8,8,0.0,3.5,1.341886574074074,7.12622974537037,Insufficient eligible orders
e256a62e0ac58c0edfba09966142d561,12,12,0.0,4.416666666666667,1.7018907828282828,5.849120370370371,Insufficient eligible orders
e26901d5ab434ce92fd9b5c256820a4e,202,197,0.015228426395939087,4.123762376237623,2.4492285909005456,6.485990846493702,High Volume / Reliable
e2a1ac9bf33e5549a2a4f834e70df2f8,5,5,0.0,4.8,3.896962962962963,7.609828703703704,Insufficient eligible orders
e2aee0892199b1d92530e371abd825bf,38,36,0.1388888888888889,3.789473684210526,2.924174061213992,12.119893261316872,High Volume / Problematic
e2c92f9c1c7746d899d18f2e158bbff7,14,12,0.0,4.071428571428571,0.9302504208754209,8.157752700617284,Insufficient eligible orders
e333046ce6517bd8bb510291d44f0130,68,68,0.04411764705882353,4.338235294117647,1.5605035585959093,7.981333571623094,High Volume / Reliable
e38db885400cd35c71dfd162f2c1dbcf,30,30,0.1,4.466666666666667,2.6195358796296295,9.901351080246913,High Volume / Problematic
e3a386fc36e22064434e1fa256f6a9fa,16,16,0.125,4.1875,1.4818424479166665,7.971931423611111,Insufficient eligible orders
e3b4998c7a498169dc7bce44e6bb6277,3,1,0.0,2.6666666666666665,3.526400462962963,15.208391203703703,Insufficient eligible orders
e3d3b3efac954a60d61be70b7e05b49b,3,3,0.0,4.333333333333333,3.4379938271604935,7.316566358024692,Insufficient eligible orders
e3dd723429d1b23614b7fa85e2c7a853,7,7,0.14285714285714285,3.7142857142857144,3.985368716931217,9.532405753968254,Insufficient eligible orders
e3e15e2c0b9700561efac21c6be48066,3,0,,2.0,,,Insufficient eligible orders
e3e290b38963293022cdcd6db8328103,3,3,0.0,3.3333333333333335,2.4392283950617286,5.60900462962963,Insufficient eligible orders
e4253cef933647000a82ff39c67b7bde,2,0,,2.0,,,Insufficient eligible orders
e433f5fd4050e3352b5d83522b7fe24b,1,1,0.0,4.0,3.438622685185185,3.3677662037037037,Insufficient eligible orders
e439f7176d763f92de325271111b2fd5,7,6,0.0,5.0,1.2307484567901235,8.172690972222222,Insufficient eligible orders
e45edf75f568ed2f93f78d060e246e25,6,6,0.0,4.166666666666667,3.5310513117283953,8.181043595679013,Insufficient eligible orders
e46bc031f2c5bae4ccb40bb90712e9b4,1,0,,1.0,,,Insufficient eligible orders
e48b04bf1aa1ef711caebeb7aede6180,25,25,0.0,4.48,1.5924564814814814,8.492533333333334,High Volume / Reliable
e48cc16ab70bfa09e1401740dce0b3d7,14,14,0.0,3.5714285714285716,3.7735168650793653,10.597018022486774,Insufficient eligible orders
e49c26c3edfa46d227d5121a6b6e4d37,35,34,0.0,4.457142857142857,1.1706301062091504,9.885293777233116,High Volume / Reliable
e4ebd3f87bf70440014f07ddda7fbe03,7,7,0.0,4.571428571428571,2.231170634920635,15.648721891534391,Insufficient eligible orders
e4f121bf6ef8b9a1d4d3e65dd0473fab,2,2,0.5,3.0,0.8812384259259259,19.72320023148148,Insufficient eligible orders
e4fc40017a6d22c46a14ac2e17f87c3e,3,1,0.0,2.3333333333333335,5.678923611111111,4.543946759259259,Insufficient eligible orders
e503f22be6a4f456d9851920a5d9c670,2,2,0.0,4.0,2.46796875,3.1916666666666664,Insufficient eligible orders
e504a4e2efaa45cbff7e268a2c58c956,11,10,0.3,3.5454545454545454,7.311027777777778,5.5733854166666665,Insufficient eligible orders
e51f22821f0c12a16ad5c020cdcd55e9,4,4,0.0,4.75,2.1788975694444446,7.551420717592593,Insufficient eligible orders
e53d5b9b29d1218281f4a907ada18626,4,4,0.0,4.75,1.9255613425925926,4.3405150462962965,Insufficient eligible orders
e546117ed9cafbc40239c0c78635c584,2,2,0.0,4.5,2.480277777777778,3.356527777777778,Insufficient eligible orders
e5475dcab1e07b63d7f6e902d8f5eda8,19,19,0.05263157894736842,4.0,0.8735727339181287,8.417376340155945,Insufficient eligible orders
e5545d4d4473876ea78c5bcebca365c3,1,1,0.0,5.0,0.4053587962962963,4.091527777777777,Insufficient eligible orders
e560e4022d8f7aebf155db95946c5c0f,2,2,0.0,5.0,1.6389988425925925,8.16795138888889,Insufficient eligible orders
e5899683388855d3dabe8913bbe365de,3,3,0.0,4.0,1.2986381172839507,6.410979938271605,Insufficient eligible orders
e58a5b390e28abc0b216cfb0e07d27d7,7,7,0.0,4.857142857142857,1.3973313492063493,6.0789500661375655,Insufficient eligible orders
e595809a6c31ec4314fd06ef198c244d,1,1,0.0,5.0,1.7453703703703705,14.09738425925926,Insufficient eligible orders
e59aa562b9f8076dd550fcddf0e73491,70,69,0.08695652173913043,4.214285714285714,1.9778764978213508,11.194586520397209,High Volume / Problematic
e59e489e2ea74bd409b798b5daf49de3,3,3,0.0,1.6666666666666667,4.889182098765432,10.016863425925926,Insufficient eligible orders
e59e575a175fadcadf8479e191770425,1,1,0.0,5.0,3.0832060185185184,2.2488888888888887,Insufficient eligible orders
e5a3438891c0bfdb9394643f95273d8e,224,216,0.1574074074074074,3.892857142857143,3.3605648791152265,11.747107445987654,High Volume / Problematic
e5a38146df062edaf55c38afa99e42dc,121,120,0.075,3.9338842975206614,2.4811438716258634,9.311871498599439,High Volume / Problematic
e5bd51692380fd8cabb19b756b95e714,3,2,1.0,2.3333333333333335,22.251614583333332,8.767355324074074,Insufficient eligible orders
e5c84227854980f1db19a58958c551d9,4,4,0.0,4.75,5.542077546296296,4.495593171296297,Insufficient eligible orders
e5cbe890e679490127e9a390b46bbd20,2,2,0.0,4.5,0.6531712962962963,4.869178240740741,Insufficient eligible orders
e5d4b2b0c3bca22085f7a19a28de0c42,4,4,0.0,4.5,1.3812905092592593,11.130523726851852,Insufficient eligible orders
e5def42655b7490edac5a56fe8e9e603,1,1,0.0,5.0,0.5901388888888889,5.238425925925926,Insufficient eligible orders
e5e33c0d8e7e002f398f5dc4cbbb338f,28,26,0.07692307692307693,4.321428571428571,1.6009112357549857,10.099102118945869,High Volume / Problematic
e5f9e61ceb5f523cc966e0f34095032f,4,4,0.25,4.0,6.177118055555556,13.220419560185185,Insufficient eligible orders
e601b04acf48b4576e73ddca9481f0dc,15,15,0.0,4.066666666666666,1.5083821097883596,5.092585648148148,Insufficient eligible orders
e603cf3fec55f8697c9059638d6c8eb5,8,7,0.0,4.25,1.3542113095238097,4.574191468253969,Insufficient eligible orders
e627629ba868740e287800f1a9be81c2,13,11,0.0,4.461538461538462,1.6728093434343434,4.876830808080808,Insufficient eligible orders
e628d4a53c109f09ca88098338b3a3f5,1,0,,1.0,,,Insufficient eligible orders
e62b2d6ac10570a035a30bafcf01d263,62,62,0.11290322580645161,3.8548387096774195,5.0025658975507765,8.793272662783751,High Volume / Problematic
e63e8bfa530fb16910dd6956e592bb81,42,41,0.04878048780487805,4.238095238095238,1.818226061427281,7.0775849706413725,High Volume / Reliable
e644cbadf7eeb30d0d29f335ce7d52ec,8,7,0.0,3.625,1.3565181327160494,4.951698082010582,Insufficient eligible orders
e64882b4ef12aee8d0faca4db5b681f4,1,1,0.0,4.0,3.6753935185185185,20.89056712962963,Insufficient eligible orders
e64d65bc8dbec2accda90c58de5d1246,12,12,0.25,3.0833333333333335,3.9165895061728393,9.117290702160494,Insufficient eligible orders
e64ddbe1cbcf4f2fc3092b7c481f3f9d,1,1,0.0,5.0,3.361851851851852,2.140185185185185,Insufficient eligible orders
e6a69c4a27dfdd98ffe5aa757ad744bc,24,21,0.0,3.875,4.467699514991182,6.0314649470899475,High Volume / Reliable
e6ffc9ac6a7adc9d16a1cfc2286dd546,1,0,,1.0,,,Insufficient eligible orders
e70053bf73d1b5863932e53a9fa47496,7,7,0.0,4.285714285714286,3.3175413359788366,9.652046957671958,Insufficient eligible orders
e72b4feb7abe210c52aa667abc25a3a2,1,1,0.0,5.0,2.227314814814815,1.9105902777777777,Insufficient eligible orders
e732329483fd5f27367dd997b47f598a,1,1,0.0,5.0,1.0684722222222223,11.072523148148148,Insufficient eligible orders
e73bf2cea7fe4b0b4d287a7568ed1099,4,4,0.0,5.0,0.8948148148148148,4.355008680555556,Insufficient eligible orders
e76ecc7e9a1a1e3c6df9d2a8261c423d,1,1,0.0,5.0,4.158217592592592,8.290810185185185,Insufficient eligible orders
e7d5b006eb624f13074497221eb37807,28,28,0.07142857142857142,3.9285714285714284,2.534471726190476,8.165848214285715,High Volume / Problematic
e7df4cd29ab5abab70fb0783ddb53987,23,23,0.08695652173913043,4.304347826086956,3.4237172906602256,6.164039855072464,High Volume / Problematic
e7f3bf1ecd8526eb7f3b18059e6716e5,18,17,0.0,4.555555555555555,1.2449189814814814,7.530170206971678,Insufficient eligible orders
e819bcfade7b5d88a27325eb6cfd62c5,5,5,0.2,4.2,6.745520833333333,3.1856388888888887,Insufficient eligible orders
e81e1f9c3e762e620f3fb60a51499e16,17,17,0.058823529411764705,4.0,6.261992102396514,18.729183006535948,Insufficient eligible orders
e82de6494d91d3c4c54450f59b227a94,3,3,0.3333333333333333,3.6666666666666665,2.1672608024691358,15.918344907407407,Insufficient eligible orders
e83c76265fc54bf41eac728805e4da77,8,8,0.125,3.625,2.292888558201058,30.533582175925925,Insufficient eligible orders
e83e93b71371817b11d78a63ff156aee,2,2,0.0,4.5,8.084565972222222,7.714918981481482,Insufficient eligible orders
e84ad2127668df3aafc6b73531a0beb8,19,19,0.05263157894736842,4.368421052631579,1.6290210769980509,8.722646807992202,Insufficient eligible orders
e88165a185134e13fdfc85d4fa654db8,2,2,0.5,3.0,0.4021180555555556,7.769519675925927,Insufficient eligible orders
e882b2a25a10b9c057cc49695f222c19,57,57,0.0,4.578947368421052,3.176968404808317,5.924893193632229,High Volume / Reliable
e883aa812c37a7413226856f4579fe91,26,26,0.038461538461538464,4.153846153846154,2.9772620370370366,6.568704594017094,High Volume / Reliable
e88c9b79e592e370d6bd852eeefbf057,8,8,0.0,4.75,1.592455150462963,6.3197656250000005,Insufficient eligible orders
e88f7a2995ba184710d339c5c4bf2e30,2,2,0.0,5.0,0.6808217592592593,10.03336226851852,Insufficient eligible orders
e89c4adbe7b1d0819dbb636e16461cf1,24,24,0.125,3.8333333333333335,3.101221064814815,11.637482638888889,High Volume / Problematic
e8a85b5f3df47be0984c55fd4064dbb4,8,8,0.125,4.5,4.165338541666666,5.765779803240741,Insufficient eligible orders
e8b3a3a38279a82f0e5d006d5e5b7d2c,87,80,0.0375,3.793103448275862,5.824514033564815,11.218594328703704,High Volume / Reliable
e8b4225284fbb02d16f200513f1f395d,31,30,0.1,4.193548387096774,1.2117700351213283,8.731288966049384,High Volume / Problematic
e8dba4d70f7f2b20e775d09cae01142d,9,9,0.1111111111111111,4.333333333333333,0.988275462962963,7.547404835390946,Insufficient eligible orders
e8f6dc8e6a1dcde89d20e3995c8d90b3,36,35,0.08571428571428572,3.9166666666666665,5.0548002645502645,7.438433531746033,High Volume / Problematic
e8ff5a6ceb895583033fc2a0f314e3c2,1,1,0.0,5.0,0.7220486111111111,2.4609259259259257,Insufficient eligible orders
e908c0f3646e8b60375734a350d95d71,1,1,0.0,4.0,6.920821759259259,19.17596064814815,Insufficient eligible orders
e94b64dc6979b302a5a5be1662c83bb6,2,2,0.0,5.0,1.7794791666666665,6.285549768518519,Insufficient eligible orders
e9511df20ccd82658a30c37b7fb343af,22,22,0.0,4.318181818181818,1.2923169191919193,7.862062815656565,High Volume / Reliable
e96498ed8daaa3e9c23f7a62da76591c,34,34,0.14705882352941177,3.9411764705882355,1.8322937091503269,12.840031658496732,High Volume / Problematic
e9729944ba65dc3ce425e0c5a22ae7b2,4,4,0.25,3.75,2.3287239583333332,7.634638310185185,Insufficient eligible orders
e9779976487b77c6d4ac45f75ec7afe9,657,645,0.06046511627906977,4.199391171993912,2.2451116879892514,7.2456113802756255,High Volume / Reliable
e9874ae10b2d60d43917b6bbfa13a599,1,1,0.0,5.0,1.0784837962962963,5.588391203703703,Insufficient eligible orders
e99e927c81e3f51739c94fcdfca9f10f,22,21,0.047619047619047616,3.6363636363636362,2.3703957231040564,11.75978835978836,High Volume / Reliable
e9b6c33b71b67737693b4cfa68341c8d,1,1,0.0,4.0,7.6787731481481485,2.831099537037037,Insufficient eligible orders
e9bc59e7b60fc3063eb2290deda4cced,216,209,0.07655502392344497,3.990740740740741,4.968226896154527,8.808561990519227,High Volume / Problematic
e9c2dc0dd4ac38448289be644ac94f42,3,3,0.0,5.0,0.539050925925926,4.877511574074075,Insufficient eligible orders
e9c6969d40e6a3d2d0f90013165c2b98,10,10,0.0,4.4,1.5070704732510287,7.050619212962962,Insufficient eligible orders
e9d99831abad74458942f21e16f33f92,130,130,0.1,3.923076923076923,3.488545227920228,8.99201972078668,High Volume / Problematic
e9e446d01bd10a97a8ffcfc4a3a20cb2,4,3,0.0,3.5,1.3719521604938272,2.8178125,Insufficient eligible orders
ea00f977a203ff88adf7057cb7806998,19,18,0.05555555555555555,4.105263157894737,2.0375276491769547,3.1402854938271605,Insufficient eligible orders
ea1776927851da2532aa70d6a32c095a,3,2,0.0,2.6666666666666665,2.706255787037037,5.9397164351851846,Insufficient eligible orders
ea3ebea5317b0efbc663ecc8ce5e9bc2,3,3,0.0,4.0,1.1165586419753086,8.261574074074074,Insufficient eligible orders
ea4e9ce63a2134743b4a92777437fcdd,3,3,0.0,4.666666666666667,2.1342939814814814,6.052380401234568,Insufficient eligible orders
ea566164622c6b439516ab18062c42cd,50,50,0.18,3.78,3.6400641396604936,10.105730787037038,High Volume / Problematic
ea65d8b58316a6f2362f2a9e4b3e86ad,9,9,0.0,4.0,1.9302289094650205,6.445487397119342,Insufficient eligible orders
ea67327e24487bdfac5fbfa37ea124df,32,32,0.03125,3.53125,1.534491512345679,6.946866681134259,High Volume / Reliable
ea6b12bf9ffe2bac34602ec631d97a47,11,9,0.0,4.090909090909091,10.822830504115226,5.526586934156379,Insufficient eligible orders
ea846a0e7ad98a741783e886d89dfa44,2,2,0.0,5.0,0.4484837962962963,7.709039351851851,Insufficient eligible orders
ea8482cd71df3c1969d7b9473ff13abc,1146,1132,0.08480565371024736,3.9834205933682374,2.9613996474455484,9.943327597418532,High Volume / Problematic
eaaa46e98c9e61f6764dd1d7a2ab8b3e,1,1,0.0,5.0,1.7738078703703704,8.325590277777778,Insufficient eligible orders
ead2bab70821ea148476ae9bc08548ac,9,9,0.0,4.555555555555555,1.063968621399177,5.998391203703704,Insufficient eligible orders
eae9af4811c294c56795d70e715b7337,1,1,0.0,5.0,0.7775115740740741,2.0492476851851853,Insufficient eligible orders
eaf6d55068dea77334e8477d3878d89e,3,3,0.0,5.0,2.115806327160494,3.191566358024691,Insufficient eligible orders
eb1bf309f4f6af9a97e9ddac3fdbeabe,1,1,0.0,5.0,5.418715277777777,2.4116435185185185,Insufficient eligible orders
eb3071b9f0b0ddaa2df5ea130f09f26b,9,9,0.1111111111111111,4.555555555555555,1.3307111625514405,7.354324845679012,Insufficient eligible orders
eb4a59a06b3948e851a7d7a830bcbc42,2,1,0.0,3.0,1.8078472222222222,5.828506944444444,Insufficient eligible orders
eb4df17aed01d918c65f0f8d650900c0,11,11,0.2727272727272727,3.909090909090909,5.743147095959596,6.876405723905723,Insufficient eligible orders
eb5b6204dde3a6e03b5f1bb8479f055b,19,19,0.05263157894736842,3.9473684210526314,2.250865618908382,7.839515716374269,Insufficient eligible orders
eb72802c83dc7547529c9546d1a9b8ef,8,8,0.0,4.625,0.7698032407407407,5.333952546296296,Insufficient eligible orders
eb9267cccc90f1b49c8d2f9887c7dd97,1,1,0.0,5.0,0.019930555555555556,7.272233796296296,Insufficient eligible orders
eb9cd5b35d95206585e2185318cb5c61,2,2,0.0,3.0,5.138136574074075,10.824137731481482,Insufficient eligible orders
eba88037e1dca898cd02881f67ced679,6,6,0.16666666666666666,4.333333333333333,1.3331828703703703,9.84190200617284,Insufficient eligible orders
ebd1417732defaf66c50b5a800eb293e,1,1,0.0,5.0,0.24930555555555556,5.862303240740741,Insufficient eligible orders
ebd2d60905fb58271facef5596b620d3,84,82,0.036585365853658534,4.154761904761905,1.3567906950160036,11.328114696251129,High Volume / Reliable
ebe3dabc4955c9b0d695e7bda38bf5c3,1,1,1.0,3.0,8.148368055555556,15.277523148148148,Insufficient eligible orders
ebef8d8c92b4fd3226e5d407bbff21ac,3,3,0.3333333333333333,2.6666666666666665,1.167704475308642,38.93477237654321,Insufficient eligible orders
ec21206b7894c503788a684a7bc822a6,3,1,0.0,2.6666666666666665,1.8900925925925927,6.216296296296297,Insufficient eligible orders
ec2e006556300a79a5a91e4876ab3a56,4,2,0.5,1.25,10.667534722222221,1.8008969907407408,Insufficient eligible orders
ec4608a1f76453166bb312b2968aeaf4,18,17,0.17647058823529413,3.1666666666666665,8.96444104030501,6.20464699074074,Insufficient eligible orders
ec5c1d94df153d473b37f880977ae58e,2,2,0.0,2.0,0.8975289351851852,9.409461805555555,Insufficient eligible orders
ec80e49e69745ab6c14f984bf2149423,12,12,0.08333333333333333,3.8333333333333335,2.116766010802469,10.70130787037037,Insufficient eligible orders
ec8463980a4e0ea9f8517aea1ed0c419,2,2,0.5,5.0,5.1303935185185185,5.504172453703704,Insufficient eligible orders
ec8879960bd2221d5c32f8e12f7da711,36,35,0.17142857142857143,4.222222222222222,2.0139007936507936,14.081410383597882,High Volume / Problematic
ec933281fb017b5020d06df29c3f77e8,8,8,0.0,5.0,2.2458145254629627,7.218233506944444,Insufficient eligible orders
ecccfa2bb93b34a3bf033cc5d1dcdc69,15,12,0.16666666666666666,2.466666666666667,21.677675540123456,9.438838734567902,Insufficient eligible orders
ececbfcff9804a2d6b40f589df8eef2b,98,97,0.09278350515463918,4.112244897959184,1.3640556773879142,11.445021835624285,High Volume / Problematic
ed4311e67debd72b8610a5347a743087,25,25,0.04,4.48,1.6920042438271603,5.94437037037037,High Volume / Reliable
ed46f1eb4a638113deb2a1137b5f22e9,4,4,0.0,4.0,1.9909403935185186,5.079719328703703,Insufficient eligible orders
ed49da7cadefc454d6a67de249eab240,2,1,0.0,3.0,4.000011574074074,3.0,Insufficient eligible orders
ed4acab38528488b65a9a9c603ff024a,32,31,0.0,3.71875,3.180467443249701,6.5341069295101555,High Volume / Reliable
ed859002ad59dbf8cf3602696a6c3000,7,6,0.0,3.7142857142857144,13.393686342592593,4.154832175925926,Insufficient eligible orders
ed8cb7b190ceb6067227478e48cf8dde,15,15,0.06666666666666667,3.4,1.0982152777777778,5.280909722222222,Insufficient eligible orders
ed9eef5be0992d413d251fadba1a410d,3,3,0.0,4.666666666666667,1.8420640432098765,8.681871141975309,Insufficient eligible orders
edb1ef5e36e0c8cd84eb3c9b003e486d,166,165,0.07272727272727272,4.421686746987952,1.383645042558086,10.19962338664422,High Volume / Problematic
edb58a1390adf273840030a3d6253829,1,1,0.0,5.0,2.165046296296296,3.3318287037037035,Insufficient eligible orders
edb65fe661681b1c0de8bd47c8655855,1,1,0.0,3.0,5.147534722222222,7.9437037037037035,Insufficient eligible orders
edc518ba25576a0188a0e8f2c3af186f,6,6,0.0,3.6666666666666665,2.2873398919753085,3.9885300925925926,Insufficient eligible orders
edd066cd02126d7800f9b66e980e9931,6,6,0.16666666666666666,5.0,2.2332156635802467,9.64990162037037,Insufficient eligible orders
eddd1991bd6d9309995a480c39b95137,3,2,0.0,2.6666666666666665,2.050619212962963,11.698697916666667,Insufficient eligible orders
ede0c03645598cdfc63ca8237acbe73d,46,43,0.32558139534883723,3.5,3.4690067829457365,14.87057035960379,High Volume / Problematic
ede2977fbaf3738583170735ca403f6c,1,1,0.0,5.0,3.1202314814814813,11.850601851851852,Insufficient eligible orders
edf3fabebcc20f7463cc9c53da932ea8,1,1,1.0,4.0,1.619675925925926,19.446863425925926,Insufficient eligible orders
edf96ef93ed595084bbcbd9224bd2894,25,25,0.08,3.88,2.3776180555555557,10.852010648148148,High Volume / Problematic
ee27a8f15b1dded4d213a468ba4eb391,1,1,0.0,5.0,0.3579861111111111,10.242372685185185,Insufficient eligible orders
ee2fbacc2fc3794e656cc4d933d59ce7,2,2,0.0,4.0,0.6234259259259259,6.786226851851852,Insufficient eligible orders
eeb6de78f79159600292e314a77cbd18,83,82,0.036585365853658534,4.445783132530121,1.0479710648148148,10.643112720189702,High Volume / Reliable
eebb3372362aa9a46975164bed19a7e7,7,4,0.5,2.2857142857142856,7.906883680555556,44.667881944444446,Insufficient eligible orders
eec3469d83e142f9a104886655338c37,4,4,0.0,4.5,4.494866898148148,5.134091435185185,Insufficient eligible orders
eed78ac17f7f795a19a709745f00cd4e,22,22,0.0,3.772727272727273,3.04474273989899,6.723169718013467,High Volume / Reliable
ef0ace09169ac090589d85746e3e036f,129,128,0.078125,4.372093023255814,2.9687480107060185,9.531010470920139,High Volume / Problematic
ef2fbc2b607d8492bcffe657a4645434,20,19,0.10526315789473684,3.85,0.8120644493177388,5.973718932748538,Insufficient eligible orders
ef30892870c278497523264be1be2241,9,9,0.0,4.555555555555555,1.6303587962962962,6.438004115226338,Insufficient eligible orders
ef506c96320abeedfb894c34db06f478,324,316,0.07911392405063292,3.9166666666666665,2.9387097471284576,9.931229232594937,High Volume / Problematic
ef728fa1f17436c91ed1ccd03dcf9631,3,3,0.0,4.333333333333333,0.504320987654321,3.5167862654320987,Insufficient eligible orders
ef990a83bbea832f36ebe81376335aa8,43,43,0.20930232558139536,3.627906976744186,1.772696490094746,14.676762489233418,High Volume / Problematic
ef9952469137ff190bacafe117f51537,5,5,0.0,4.8,2.927261574074074,7.017354166666666,Insufficient eligible orders
efb628aa07c8ca93d7db0d85b91a4f5a,1,1,1.0,4.0,6.3583796296296295,19.216469907407408,Insufficient eligible orders
efcd8d2104f1a05d028af7bad20d974b,47,46,0.021739130434782608,4.170212765957447,1.5290764414983165,8.222037540257649,High Volume / Reliable
efff9341f3f8f5237b44ff67ed36a7bf,5,5,0.0,4.4,0.6421388888888888,10.473814814814814,Insufficient eligible orders
f00e21b1e91a79653163b7fd8f293ff1,31,31,0.03225806451612903,4.064516129032258,1.4700869922341697,11.279006496415771,High Volume / Reliable
f00f5b35d0abcacbdd863672f4bb2c1a,1,1,0.0,4.0,5.9371527777777775,6.2119328703703705,Insufficient eligible orders
f021c962aaba8ef6eb527a9c2c8394d1,5,5,0.0,4.2,0.853587962962963,6.99532175925926,Insufficient eligible orders
f049a72cf58fd31b11f8919cade515e7,3,3,0.0,3.3333333333333335,1.3338078703703704,3.1201234567901235,Insufficient eligible orders
f0563bacf40c311f1c4d3d6b67b8a7a7,1,0,,1.0,,,Insufficient eligible orders
f0837c8d71434931d9e38e7b79234797,22,22,0.045454545454545456,4.590909090909091,1.9722685185185185,9.842750946969698,High Volume / Reliable
f08a5b9dd6767129688d001acafc21e5,11,11,0.0,4.2727272727272725,5.294925294612795,11.159361321548822,Insufficient eligible orders
f08c008c8a8d31417763738a1788a2a8,22,20,0.15,3.090909090909091,1.7153003472222221,16.623213541666665,High Volume / Problematic
f09b760d23495ac9a7e00d29b769007c,1,1,0.0,4.0,15.02085648148148,6.073518518518519,Insufficient eligible orders
f09e26011d833ddab11593c1a097a92a,1,0,,1.0,,,Insufficient eligible orders
f0b47fbbc6dee9aafe415a6e33051b3f,68,67,0.1044776119402985,4.220588235294118,2.972080878226712,6.930981550580431,High Volume / Problematic
f0e103c63864d5405b958d984b6e94c9,11,11,0.0,4.7272727272727275,1.1893928872053872,7.205203072390572,Insufficient eligible orders
f0ec6a2adb05c62655a26dd347b8dede,1,0,,1.0,,,Insufficient eligible orders
f0ec78809fe0bc3edb11c9fe5b97b059,2,2,0.0,4.0,5.508622685185186,3.826059027777778,Insufficient eligible orders
f114dca2828bf718548db175ebe2cfcd,1,1,0.0,1.0,2.776122685185185,7.701134259259259,Insufficient eligible orders
f1198c871e0171278b63f40d112caeec,2,2,0.0,4.5,5.6134375,4.414589120370371,Insufficient eligible orders
f125f3a310c2e5f822d116147de1e474,16,16,0.125,4.1875,1.1645421006944443,10.404750434027777,Insufficient eligible orders
f12d3c2a14729ae461b920c11fe20fdc,9,9,0.0,4.444444444444445,1.4450839120370371,3.488707561728395,Insufficient eligible orders
f12ff17ad8bbf01ec5c33b17e506649b,29,28,0.10714285714285714,3.8275862068965516,2.288880208333333,11.295481977513228,High Volume / Problematic
f18112da765e0971ca5d510dec322bdd,2,2,0.0,4.0,1.289670138888889,16.598877314814814,Insufficient eligible orders
f181738b150df1f37cb0bd72e705b193,36,36,0.08333333333333333,4.472222222222222,1.163410172325103,7.725690586419753,High Volume / Problematic
f19516b9ff26bfeb091b30108db4ddbd,5,3,0.0,2.6,4.2573688271604935,6.366643518518519,Insufficient eligible orders
f1b854361f4e15d5851b494df66f22b2,3,3,0.0,3.3333333333333335,1.0371585648148147,6.4519521604938275,Insufficient eligible orders
f1b93673502375d491780bb49d615dbc,8,8,0.125,3.125,9.212284432870371,4.57693431712963,Insufficient eligible orders
f1c1ac3f3efc07e659c035008e615e66,4,3,0.0,3.75,3.283179012345679,7.665972222222223,Insufficient eligible orders
f1ce5fdecd64935c28b9ff932751d0dc,2,2,0.0,4.5,4.369866898148148,5.658738425925926,Insufficient eligible orders
f1ed6bd0a9b11b581f16c851c6a5a527,17,17,0.058823529411764705,4.470588235294118,10.577075163398693,9.83278799019608,Insufficient eligible orders
f1fd5ab1181f827ffad998c1a5de7d74,15,15,0.0,4.666666666666667,1.8798867394179892,7.441291666666667,Insufficient eligible orders
f1fdf2d13186575751aa25876536d85c,1,1,0.0,5.0,3.9921064814814815,2.1421064814814814,Insufficient eligible orders
f205b1a3ca9a34e0f8a228bae6e4c7b3,8,8,0.0,4.875,0.8453385416666667,7.735299479166667,Insufficient eligible orders
f214d28e8d8e3ef068748498ccc2f813,54,52,0.07692307692307693,4.092592592592593,2.516765268874644,7.425687989672364,High Volume / Problematic
f22a247b79dd22ecd91dc8e3b2a1b07c,8,8,0.25,4.0,0.5045688657407408,17.418900462962963,Insufficient eligible orders
f2336e113377dd21c744d9c4fc8293a9,4,4,0.0,4.25,6.334389467592593,13.624551504629629,Insufficient eligible orders
f235413f677777a0738ff215d0184901,3,2,0.0,3.6666666666666665,1.2375925925925926,5.031730324074074,Insufficient eligible orders
f25e239052084705e17a982bc600ab2a,8,8,0.0,4.25,3.3365552662037037,8.793515625,Insufficient eligible orders
f262cbc1c910c83959f849465454ddd3,192,189,0.07407407407407407,4.125,1.294012012012012,7.431036767587694,High Volume / Problematic
f266295f49a28eee21f413e0cbb0521d,2,2,0.0,4.5,4.7929108796296305,6.449322916666667,Insufficient eligible orders
f26d70155c2b6326fcfa1780c8c684e4,1,1,0.0,5.0,0.7380324074074074,8.15318287037037,Insufficient eligible orders
f27e33c6d29b5138fa9967bcd445b6d5,93,93,0.08602150537634409,4.096774193548387,3.8872194842692154,7.548359343886897,High Volume / Problematic
f3041c2e75ec683697a6a5ea82192210,1,1,0.0,5.0,2.6029976851851853,1.9174537037037036,Insufficient eligible orders
f3055483058c84d75ca2a3314fb4deef,1,0,,1.0,,,Insufficient eligible orders
f307937c1bb287c3efc2a514b94b0d1d,1,1,0.0,5.0,2.532210648148148,9.978738425925926,Insufficient eligible orders
f326006815956455b2859abd58fe7e39,9,9,0.0,4.666666666666667,1.5635583847736627,10.918005401234568,Insufficient eligible orders
f3295428338a40977a03f555246a70f4,7,7,0.14285714285714285,3.5714285714285716,2.3171924603174605,11.93073412698413,Insufficient eligible orders
f3511c85f59f8dec53d140501ee8e7a8,1,1,0.0,5.0,0.9928472222222222,0.9154976851851852,Insufficient eligible orders
f356c348fbc8df6a882823e21f5ce8b7,2,2,0.0,2.5,2.3873148148148147,4.764577546296296,Insufficient eligible orders
f35b3c613c4f7b2275f4185d0a3c59ec,9,9,0.1111111111111111,4.555555555555555,2.801970164609054,9.601463477366256,Insufficient eligible orders
f35becee938e982bd615edf8ef12bcfb,6,6,0.0,4.0,0.7701678240740741,6.725621141975309,Insufficient eligible orders
f3862c2188522d89860c38a3ea8b550d,1,1,0.0,5.0,0.5725810185185185,4.883113425925926,Insufficient eligible orders
f3975e8a41157005d4bcbb358678cd9b,2,2,0.0,5.0,1.1323784722222223,6.5522280092592595,Insufficient eligible orders
f3b80352b986ab4d1057a4b724be19d0,87,86,0.0,4.172413793103448,2.2252026840828925,7.843335217484927,High Volume / Reliable
f3c38ab652836d21de61fb8314b69182,15,15,0.0,4.266666666666667,1.722579365079365,5.822708333333334,Insufficient eligible orders
f3da5b2ff499efb8d4a6d371d175d7dd,79,77,0.11688311688311688,3.7974683544303796,2.125492058899177,9.062676166426167,High Volume / Problematic
f410c8873029fcc3809b9df6d0b28914,2,2,0.0,5.0,0.8746064814814816,6.708275462962963,Insufficient eligible orders
f419677537694f0462a91990df6ca44f,6,6,0.16666666666666666,4.0,7.491126543209877,6.57377700617284,Insufficient eligible orders
f41ce2e25237f9092cd8e6e7516c7a2f,27,26,0.0,4.296296296296297,2.9756112001424504,5.4886097756410255,High Volume / Reliable
f435898e493ba0356019a0b1cb8b55b1,10,10,0.0,4.4,0.8546435185185185,9.673391203703705,Insufficient eligible orders
f43827dd686be3a4a80e00aa299990fb,1,1,0.0,2.0,10.384849537037036,10.291921296296296,Insufficient eligible orders
f44b6f775a2b390380e0e30b5c9d3eee,10,10,0.0,4.9,2.39006712962963,6.118240740740741,Insufficient eligible orders
f44bdc12aa39f5271f0b95f66cd4c289,5,5,0.2,3.2,2.0806851851851853,8.670159722222222,Insufficient eligible orders
f45122a9ab94eb4f3f8953578bc0c560,187,184,0.07065217391304347,3.9572192513368982,1.1997851442602825,11.139940053844606,High Volume / Problematic
f457c46070d02cadd8a68551231220dd,199,195,0.05641025641025641,3.809045226130653,2.161456245227186,12.046926934947768,High Volume / Reliable
f46490624488d3ff7ce78613913a7711,83,80,0.1125,3.6626506024096384,3.0540170717592594,6.680773871527778,High Volume / Problematic
f4a04f7be452aa3bb31760bf00055dd0,18,18,0.0,4.666666666666667,2.7724897119341563,5.691678240740741,Insufficient eligible orders
f4aba7c0bca51484c30ab7bdc34bcdd1,110,108,0.05555555555555555,3.9272727272727272,3.9237561085390946,6.513742069615912,High Volume / Reliable
f4c4daa86e30c7e5a553a8d518ac03a5,20,18,0.05555555555555555,3.7,8.526484053497942,7.969448945473251,Insufficient eligible orders
f4ce8ca9fa7157e3b33f536ac9a4487d,4,4,0.0,4.75,0.7030478395061728,5.423379629629629,Insufficient eligible orders
f4db9b37944bcb8873e6b456ee190bbf,21,21,0.09523809523809523,4.571428571428571,2.180005208333333,10.771776895943564,High Volume / Problematic
f524ad65d7e0f1daab730ef2d2e86196,1,1,1.0,1.0,6.7927430555555555,18.090069444444445,Insufficient eligible orders
f52c2422904463fdd7741f99045fecb6,12,12,0.0,4.25,1.3761952861952862,4.206097608024691,Insufficient eligible orders
f5403d3f50089112c4eed37928b7f622,2,0,,1.0,,,Insufficient eligible orders
f543ba3c973276f519d89d59bd46cead,2,0,,1.0,,,Insufficient eligible orders
f593898ec748b7a8cb81fc04edafd98a,20,19,0.15789473684210525,3.7,4.096228070175439,11.823564814814816,Insufficient eligible orders
f5a590cf36251cf1162ea35bef76fe84,117,113,0.07079646017699115,4.230769230769231,2.743887067043896,8.603530707145199,High Volume / Problematic
f5b44895715ddfe3087dc414f30268f3,19,19,0.0,4.0,2.691220760233918,9.520129142300195,Insufficient eligible orders
f5b84683a9bf9e1df748cf40f601b39c,1,1,0.0,5.0,3.1186805555555557,0.8813194444444444,Insufficient eligible orders
f5f1f2c5f923f36ad79ea1d07185ddc9,12,10,0.1,3.25,4.241895833333333,8.67431712962963,Insufficient eligible orders
f5f2ab9bdb6b30c14c61be68c5ed37da,18,18,0.05555555555555555,4.277777777777778,2.4181315104166665,10.945810185185186,Insufficient eligible orders
f5f46307a4d15880ca14fab4ad9dfc9b,9,9,0.1111111111111111,4.111111111111111,3.932563014403292,8.949207818930041,Insufficient eligible orders
f5fea3ffed6c2e889bab72705557c63a,3,1,1.0,3.6666666666666665,19.899398148148148,7.250439814814815,Insufficient eligible orders
f6122bc84774df1b372bdb3bb88ddb9f,3,3,0.3333333333333333,3.6666666666666665,1.8791589506172839,12.41360725308642,Insufficient eligible orders
f615fe7efbef0f4f08fd3086bc7a3e60,23,22,0.09090909090909091,4.3478260869565215,1.0245801767676768,6.573699845679012,High Volume / Problematic
f61c63d13f7cd800549d5acdd390ae72,26,26,0.07692307692307693,4.0,2.9535158475783474,8.167895299145298,High Volume / Problematic
f626e15b7314c267e4429010866f70e9,5,5,0.0,3.8,1.0367638888888888,7.870953703703703,Insufficient eligible orders
f62d7bb4a613ec758a03342d46b580b2,32,32,0.09375,4.375,4.738894675925926,8.636434461805555,High Volume / Problematic
f63d8f293af3a6454377546bd9dd19ff,17,17,0.058823529411764705,4.470588235294118,1.793691448801743,12.063718681917212,Insufficient eligible orders
f650a9708fa1bab22bdd8d3a818cc415,5,4,0.0,3.4,4.632523148148148,10.682850115740742,Insufficient eligible orders
f664f98bfda2eaf266a23ff144e7a872,2,2,0.0,3.0,2.1225057870370367,1.276724537037037,Insufficient eligible orders
f67efa3f0b6761102a7f8c6b7b571f5d,31,31,0.0,4.483870967741935,2.2128240740740743,7.418299731182795,High Volume / Reliable
f680f85bee2d253556ac91be391d2c82,45,45,0.022222222222222223,4.333333333333333,1.3755539772727272,7.980106738683128,High Volume / Reliable
f682e0f848abafc6f41e0d4e868c66ef,2,2,0.5,3.5,3.583107638888889,15.164033564814815,Insufficient eligible orders
f7315bb81aea4ddca2d39e249a801c98,2,2,0.0,4.5,0.9244386574074074,9.263975694444445,Insufficient eligible orders
f7496d659ca9fdaf323c0aae84176632,26,25,0.04,4.576923076923077,7.0778043016975305,5.171942592592593,High Volume / Reliable
f76a3b1349b6df1ee875d1f3fa4340f0,24,24,0.2916666666666667,3.4583333333333335,8.105932677469136,8.43082561728395,High Volume / Problematic
f7720c4fa8e3aba4546301ab80ea1f1b,60,59,0.05084745762711865,4.2,2.1543987573099415,8.58367898618958,High Volume / Reliable
f783a638e9c6af4a7d0dbfde811e7a81,5,5,0.2,4.0,1.5196967592592592,16.112155092592594,Insufficient eligible orders
f789d2c4f2c2eb38fc4373e7a4b35264,44,44,0.045454545454545456,4.159090909090909,1.506790482342808,9.068983322811448,High Volume / Reliable
f7ba60f8c3f99e7ee4042fdef03b70c4,219,218,0.13761467889908258,4.205479452054795,2.110836441186557,10.768842061671764,High Volume / Problematic
f7c31656c19db6275a8acadca289f426,1,1,0.0,3.0,1.5298611111111111,11.845358796296296,Insufficient eligible orders
f7ccf836d21b2fb1de37564105216cc1,70,69,0.07246376811594203,3.7285714285714286,1.510768380320619,9.37840244229737,High Volume / Problematic
f7df46c1e0ec44eed5c6726478da4a17,3,0,,1.0,,,Insufficient eligible orders
f805b96fa705ba7995a221f1749dc141,7,7,0.0,4.428571428571429,0.5629298941798941,11.784308862433862,Insufficient eligible orders
f80edd2c5aaa505cc4b0a3b219abf4b8,119,116,0.05172413793103448,4.07563025210084,3.125635768921095,8.727044987922705,High Volume / Reliable
f8201cab383e484733266d1906e2fdfa,10,10,0.1,4.1,2.0167743055555554,10.414849537037037,Insufficient eligible orders
f84a00e60c73a49e7e851c9bdca3a5bb,90,88,0.10227272727272728,3.8333333333333335,2.0659897148569026,9.396152146464646,High Volume / Problematic
f84fa566034f5e8e880a07ec624c56af,91,89,0.10112359550561797,4.175824175824176,3.5958097860791827,8.087830836454433,High Volume / Problematic
f88adb15807168d3c43d71021090ce4a,3,3,0.0,3.3333333333333335,0.9579706790123456,5.113915895061729,Insufficient eligible orders
f8d5c7085db9a4ad2b8c1ffbeb2798c8,6,6,0.0,5.0,3.2456288580246913,8.923836805555554,Insufficient eligible orders
f8db351d8c4c4c22c6835c19a46f01b0,667,659,0.042488619119878605,4.2188905547226385,1.3169883436373004,8.105565461136402,High Volume / Reliable
f8e2c1b59cd4225a3e4fd0d013a76b93,2,2,0.0,5.0,3.997939814814815,6.004236111111111,Insufficient eligible orders
f8f35af4634605e6693c17cc3ffff5a8,1,1,0.0,5.0,2.0412037037037036,8.09170138888889,Insufficient eligible orders
f90f77ef2799a27f80d90c425ca944f7,1,1,0.0,5.0,0.23581018518518518,7.144629629629629,Insufficient eligible orders
f918546be4bec7104d117789ba758b2b,20,20,0.15,3.85,1.811819566276803,10.195388888888889,High Volume / Problematic
f9244d45189d3a3605499abddeade7d5,21,20,0.0,4.285714285714286,5.890291087962963,8.984811921296297,High Volume / Reliable
f92d8c817434bd2d84d4e9c61322b7fa,5,5,0.0,4.6,5.09705787037037,3.0536064814814816,Insufficient eligible orders
f97e2b0650c2068227e1d366140eb62f,16,16,0.0625,3.9375,6.56078269675926,8.116397569444445,Insufficient eligible orders
f9903dd0f812c7e771fcad47b6fff231,10,10,0.0,3.2,5.930928240740741,7.675030092592593,Insufficient eligible orders
f9a02f1922d1de564392e656d82b3fda,1,0,,4.0,,,Insufficient eligible orders
f9bbdd976532d50b7816d285a22bd01e,2,1,0.0,5.0,6.8277777777777775,8.05644675925926,Insufficient eligible orders
f9d010e39375d9c91dce3f40b73a2f84,4,4,0.25,3.5,2.8736689814814813,14.022818287037037,Insufficient eligible orders
f9ec7093df3a7b346b7bcf7864069ca3,9,9,0.0,4.777777777777778,1.6118156828703705,4.852310956790124,Insufficient eligible orders
f9eda05b67bef472deaddbba84aca289,1,0,,1.0,,,Insufficient eligible orders
f9eedec3129e8cc6b6429c42d0808c5b,2,2,0.0,4.5,0.6838368055555556,6.063148148148148,Insufficient eligible orders
f9f68daa2af419d38f745478bcb3da1a,2,1,0.0,3.0,3.981423611111111,7.167060185185186,Insufficient eligible orders
fa14641f57b655e933124a9ea49cd7a5,7,7,0.0,4.571428571428571,1.8381531084656084,4.3132010582010585,Insufficient eligible orders
fa18c782a4866d313cadab567097f8f1,1,0,,1.0,,,Insufficient eligible orders
fa1a9dec3a9940c072684a46728bf1fc,55,55,0.0,4.054545454545455,4.763083333333333,9.148787878787878,High Volume / Reliable
fa1c13f2614d7b5c4749cbc52fecda94,585,578,0.09169550173010381,4.326495726495726,2.366222395631694,10.647832564398309,High Volume / Problematic
fa3a0b5aabb344b9a92e3524b0202123,7,7,0.14285714285714285,4.142857142857143,2.570133928571429,7.645472883597884,Insufficient eligible orders
fa40cc5b934574b62717c68f3d678b6d,307,304,0.05263157894736842,4.452768729641694,2.4470826051631103,8.416313505116959,High Volume / Reliable
fa5fdc4e4bb6bd1009ad0e4ac4096562,1,1,0.0,5.0,4.000011574074074,3.0416666666666665,Insufficient eligible orders
fa74b2f3287d296e9fbd2cc80f2d1cf1,11,5,0.4,2.3636363636363638,17.978805555555557,12.049861111111111,Insufficient eligible orders
fa7ad8ae9bcb2c4493fdf38e96b1d74f,1,0,,1.0,,,Insufficient eligible orders
fa8d335d68129e464e60c1826a683e96,1,1,0.0,4.0,3.2206597222222224,18.986817129629628,Insufficient eligible orders
fac1a9017ade7bdc94058fc1c969f355,9,9,0.0,4.666666666666667,1.3428870884773663,6.108809156378602,Insufficient eligible orders
fac35d150712afb921ec59ac5f39bb11,5,5,0.0,4.4,3.4283981481481485,6.409453703703704,Insufficient eligible orders
fad44952713764836814be105382aee5,32,32,0.0,4.28125,2.029403935185185,8.298343098958334,High Volume / Reliable
fadb07c842a2aef5d5a676b85f220e71,7,7,0.0,4.714285714285714,0.5540586419753086,5.77053406084656,Insufficient eligible orders
fb3cfbc8a86f5d7fbb4d36b8df63f60d,10,10,0.0,4.2,1.2325038580246914,5.798666666666667,Insufficient eligible orders
fb503a924a0b9db19d83dd0ac6dbef8c,1,1,0.0,5.0,2.6829282407407407,3.855474537037037,Insufficient eligible orders
fb8904a8ea99f8831b64ce27db2c1765,2,2,0.0,4.5,1.3541666666666667,8.802291666666667,Insufficient eligible orders
fb89df7f89fd1b8f03fa2acca1ba7364,22,22,0.09090909090909091,3.8636363636363638,4.5063941498316495,11.50710122053872,High Volume / Problematic
fbc14c0cf93505ef89f64665ffa4a7b5,18,18,0.05555555555555555,4.055555555555555,2.7461715534979425,9.065861625514403,Insufficient eligible orders
fc0b214b59a83615fea981c6424a02ae,1,1,0.0,5.0,3.1262037037037036,1.247951388888889,Insufficient eligible orders
fc38b5dceee1a730fad8853453437fbd,5,5,0.0,4.6,2.7733101851851854,4.432777777777778,Insufficient eligible orders
fc4751cfe3b279c419615b9b00c1abb4,1,1,0.0,5.0,3.5363425925925926,4.0346064814814815,Insufficient eligible orders
fc59392d66ef99377e50356ee4f3b4e1,5,5,0.0,3.6,1.2145659722222222,6.928557870370371,Insufficient eligible orders
fc5a0d7a310a7a41abf86a458585ff2b,2,1,0.0,2.5,11.717152777777779,2.204826388888889,Insufficient eligible orders
fc6295add6f51a0936407ead70c1001d,1,1,0.0,1.0,0.47625,12.94130787037037,Insufficient eligible orders
fc906263ca5083d09dce42fe02247800,114,112,0.0,4.350877192982456,1.7657368138227514,7.172592075892857,High Volume / Reliable
fc908879b9ca1bd65419e54e50432d38,4,4,0.0,5.0,3.374557291666667,4.852381365740741,Insufficient eligible orders
fc99f99385ae90f66f01733856fb88c9,1,0,,1.0,,,Insufficient eligible orders
fcb5ace8bcc92f75707dc0f01a27d269,62,59,0.03389830508474576,3.870967741935484,3.6136738547758283,6.4250816070307595,High Volume / Reliable
fcba71d4d5db057f43249145e4eb1e27,3,3,0.0,4.666666666666667,1.4445023148148148,17.137773919753087,Insufficient eligible orders
fcdd820084f17e9982427971e4e9d47f,16,16,0.125,3.9375,2.045400462962963,10.019989872685185,Insufficient eligible orders
fce62094ffe6a4009188ec44e681dfdd,4,4,0.25,4.0,1.6264351851851853,10.850072337962963,Insufficient eligible orders
fcf16b7a8697e559f0123190bb30177d,3,3,0.6666666666666666,3.3333333333333335,1.8951929012345679,13.67383487654321,Insufficient eligible orders
fd312b6bf05efac6c3772d5b52205d8a,2,2,0.0,5.0,2.125960648148148,4.244513888888889,Insufficient eligible orders
fd386aa7bed2af3c7035c65506c9b4a3,69,69,0.10144927536231885,4.3478260869565215,1.0252090347923681,7.161514190821256,High Volume / Problematic
fd435faa3c0422b60440ea3480d0e77c,1,1,0.0,5.0,1.6557638888888888,7.538541666666666,Insufficient eligible orders
fdaaf5bfda82b7b80535610c831b8d09,10,10,0.1,4.2,1.0349614197530863,8.779210648148148,Insufficient eligible orders
fdb9095204a334cd8872252ffec6f2db,46,46,0.06521739130434782,4.173913043478261,1.37375,7.208088013285024,High Volume / Reliable
fde0cc9ea29c8ccfc0a2c22256a58c71,35,35,0.02857142857142857,4.485714285714286,1.5943106617647058,6.7338657407407405,High Volume / Reliable
fdf736c18c589ed030e058312203e1b2,1,1,0.0,5.0,0.4565740740740741,4.421192129629629,Insufficient eligible orders
fe19dce63ae80346207c6c55713d1023,1,1,0.0,5.0,0.7446412037037037,6.249108796296296,Insufficient eligible orders
fe1b067411b8c5066e962aa146ccee03,8,8,0.0,4.625,2.3525708912037038,6.061294849537037,Insufficient eligible orders
fe1bbc5feda5c8979a8a1b3b2512d5a6,9,9,0.1111111111111111,3.888888888888889,1.5846630658436214,9.524656635802469,Insufficient eligible orders
fe2032dab1a61af8794248c8196565c9,294,293,0.08873720136518772,4.350340136054422,1.6812417443667442,8.862134290860828,High Volume / Problematic
fe26f3ecb51a15e6d8335cd92da42562,7,7,0.14285714285714285,4.428571428571429,2.997402447089947,7.361630291005291,Insufficient eligible orders
fe49ee029e61e789a1f3a5525f57ba8d,17,16,0.0625,4.0588235294117645,2.870628616898148,7.418108362268518,Insufficient eligible orders
fe4cd9461203cee790d36792420b310f,3,3,0.0,4.0,1.3984645061728394,12.399413580246915,Insufficient eligible orders
fe701d88b67eaca109dffd464d1be9f9,11,10,0.1,4.0,0.8583483796296296,11.037549768518518,Insufficient eligible orders
fe8055980a4ff7f64ed889c2b5926929,3,3,0.0,4.666666666666667,0.9771450617283951,5.4863387345679016,Insufficient eligible orders
fe87f472055fbcf1d7e691c00b1560dc,6,6,0.16666666666666666,4.5,3.0836265432098764,2.604523533950617,Insufficient eligible orders
fe9d9cf8631285d5982c6e2cf27fb114,1,1,0.0,4.0,0.6464583333333334,4.227731481481482,Insufficient eligible orders
feb793c88d836c3a75efa4b5a3465d70,1,1,0.0,5.0,4.927222222222222,1.0525925925925925,Insufficient eligible orders
febab0275244b9a49a623f0bd613ca2f,109,106,0.03773584905660377,4.376146788990826,1.4429085097001766,6.831456459435626,High Volume / Reliable
fec6275253471ace26d209bbaa64cd0f,9,9,0.0,4.555555555555555,2.4065753600823045,11.332644032921811,Insufficient eligible orders
fec6912baad85d41729669edd6b4d3b8,1,0,,1.0,,,Insufficient eligible orders
fec8cd45395b3cb0c2b173d7739706a1,4,4,0.0,3.75,2.3748350694444444,8.057297453703704,Insufficient eligible orders
fedaedd3ca31d56ab33e92035e4b361c,1,1,0.0,4.0,4.000011574074074,3.0,Insufficient eligible orders
fedf2c1386e137f296b3bbf3b635e69d,2,2,0.0,3.5,6.077013888888889,3.4372627314814816,Insufficient eligible orders
ff063b022a9a0aab91bad2c9088760b7,94,94,0.031914893617021274,4.276595744680851,1.6865212015993265,7.4576377807328615,High Volume / Reliable
ff1e15b778c700abdd4d239b81ac466d,7,7,0.0,4.571428571428571,2.1478736772486773,5.149077380952382,Insufficient eligible orders
ff1fb4c404b2efe68b03350a8dc24122,46,46,0.13043478260869565,4.0,2.710445601851852,7.3195697463768115,High Volume / Problematic
ff314fa6033cc68ec451c47aee2d6ba4,2,2,0.0,5.0,6.472042824074074,4.206209490740741,Insufficient eligible orders
ff4e2d38692ce827b1a4f4b8196e680d,11,11,0.0,4.2727272727272725,2.892221064814815,5.9760079966329975,Insufficient eligible orders
ff4ea69c2a729e83e63c7579e4ef8170,9,8,0.0,4.111111111111111,1.5452502893518518,9.591414930555555,Insufficient eligible orders
ff69aa92bb6b1bf9b8b7a51c2ed9cf8b,20,20,0.2,3.65,1.0442251157407407,9.73256712962963,High Volume / Problematic
ff82e8873fba613f2261a9acc896fd84,4,4,0.0,3.5,0.8737673611111112,8.23740451388889,Insufficient eligible orders
ffa6adafb71b807dc13159e26431354c,18,17,0.0,3.7777777777777777,1.402270061728395,8.035480664488018,Insufficient eligible orders
ffad1e7127fb622cb64a900751590acd,10,10,0.0,4.8,2.571704861111111,4.868290509259259,Insufficient eligible orders
ffc470761de7d0232558ba5e786e57b7,28,27,0.037037037037037035,4.357142857142857,1.0610618141289438,8.10576946159122,High Volume / Reliable
ffcfefa19b08742c5d315f2791395ee5,1,0,,1.0,,,Insufficient eligible orders
ffdd9f82b9a447f6f8d4b91554cc7dd3,18,18,0.0,4.333333333333333,4.14609068627451,6.249813528806585,Insufficient eligible orders
ffeee66ac5d5a62fe688b9d26f83f534,14,14,0.14285714285714285,4.214285714285714,6.152881117724868,11.210362103174603,Insufficient eligible orders
fffd5413c0700ac820c7069d66d98c89,60,57,0.12280701754385964,3.8666666666666667,2.033978587962963,11.425658706952566,High Volume / Problematic
ffff564a4f9085cd26170f4732393726,20,8,0.0,2.1,7.017609953703703,5.075153356481481,Insufficient eligible orders
